Brott_ID,Brott,Brottsnivå,Förälder_ID,Förälder,Nivå1,Nivå2,Nivå3,Nivå4,Nivå5,Upphört
11084,Brott mot brottsbalken,1,,,Brott mot brottsbalken,,,,,False
11085,Brott mot specialstraffrättsliga författningar,1,,,Brott mot specialstraffrättsliga författningar,,,,,False
5036,Totalt antal brott,1,,,Totalt antal brott,,,,,False
11088,"Brott mot brottsbalken, 13-15 kap. Brott mot allmänheten",2,11084.0,Brott mot brottsbalken,Brott mot brottsbalken,"Brott mot brottsbalken, 13-15 kap. Brott mot allmänheten",,,,False
11089,"Brott mot brottsbalken, 16-22 kap. Brott mot staten",2,11084.0,Brott mot brottsbalken,Brott mot brottsbalken,"Brott mot brottsbalken, 16-22 kap. Brott mot staten",,,,False
11086,"Brott mot brottsbalken, 3-7 kap. Brott mot person",2,11084.0,Brott mot brottsbalken,Brott mot brottsbalken,"Brott mot brottsbalken, 3-7 kap. Brott mot person",,,,False
11087,"Brott mot brottsbalken, 8-12 kap. Brott mot förmögenhet",2,11084.0,Brott mot brottsbalken,Brott mot brottsbalken,"Brott mot brottsbalken, 8-12 kap. Brott mot förmögenhet",,,,False
13115,"Brott mot specialstraffrättsliga författningar, Aktiebolagslagen (30 kap.)",2,11085.0,Brott mot specialstraffrättsliga författningar,Brott mot specialstraffrättsliga författningar,"Brott mot specialstraffrättsliga författningar, Aktiebolagslagen (30 kap.)",,,,False
11701,"Brott mot specialstraffrättsliga författningar, Alkohollagen (10 kap.)",2,11085.0,Brott mot specialstraffrättsliga författningar,Brott mot specialstraffrättsliga författningar,"Brott mot specialstraffrättsliga författningar, Alkohollagen (10 kap.)",,,,False
11719,"Brott mot specialstraffrättsliga författningar, Arbetsmiljölagen (8 kap. 1,  2 §)",2,11085.0,Brott mot specialstraffrättsliga författningar,Brott mot specialstraffrättsliga författningar,"Brott mot specialstraffrättsliga författningar, Arbetsmiljölagen (8 kap. 1,  2 §)",,,,False
11689,"Brott mot specialstraffrättsliga författningar, Brott mot bidragsbrottslagen",2,11085.0,Brott mot specialstraffrättsliga författningar,Brott mot specialstraffrättsliga författningar,"Brott mot specialstraffrättsliga författningar, Brott mot bidragsbrottslagen",,,,False
14510,"Brott mot specialstraffrättsliga författningar, Brott mot det industriella rättsskyddet",2,11085.0,Brott mot specialstraffrättsliga författningar,Brott mot specialstraffrättsliga författningar,"Brott mot specialstraffrättsliga författningar, Brott mot det industriella rättsskyddet",,,,False
11655,"Brott mot specialstraffrättsliga författningar, Brott mot miljöbalken (29 kap.)",2,11085.0,Brott mot specialstraffrättsliga författningar,Brott mot specialstraffrättsliga författningar,"Brott mot specialstraffrättsliga författningar, Brott mot miljöbalken (29 kap.)",,,,False
13104,"Brott mot specialstraffrättsliga författningar, Brott mot miljöskyddslagen eller naturvårdslagen (t.o.m. 1999)",2,11085.0,Brott mot specialstraffrättsliga författningar,Brott mot specialstraffrättsliga författningar,"Brott mot specialstraffrättsliga författningar, Brott mot miljöskyddslagen eller naturvårdslagen (t.o.m. 1999)",,,,False
11650,"Brott mot specialstraffrättsliga författningar, Brott mot narkotikastrafflagen",2,11085.0,Brott mot specialstraffrättsliga författningar,Brott mot specialstraffrättsliga författningar,"Brott mot specialstraffrättsliga författningar, Brott mot narkotikastrafflagen",,,,False
13105,"Brott mot specialstraffrättsliga författningar, Brott mot skattebrottslagen (2-10 §)",2,11085.0,Brott mot specialstraffrättsliga författningar,Brott mot specialstraffrättsliga författningar,"Brott mot specialstraffrättsliga författningar, Brott mot skattebrottslagen (2-10 §)",,,,False
11643,"Brott mot specialstraffrättsliga författningar, Brott mot trafikbrottslagen",2,11085.0,Brott mot specialstraffrättsliga författningar,Brott mot specialstraffrättsliga författningar,"Brott mot specialstraffrättsliga författningar, Brott mot trafikbrottslagen",,,,False
14509,"Brott mot specialstraffrättsliga författningar, Brott mot upphovsrätten",2,11085.0,Brott mot specialstraffrättsliga författningar,Brott mot specialstraffrättsliga författningar,"Brott mot specialstraffrättsliga författningar, Brott mot upphovsrätten",,,,False
11717,"Brott mot specialstraffrättsliga författningar, Fiskelagen (37-38, 40 §)",2,11085.0,Brott mot specialstraffrättsliga författningar,Brott mot specialstraffrättsliga författningar,"Brott mot specialstraffrättsliga författningar, Fiskelagen (37-38, 40 §)",,,,False
13926,"Brott mot specialstraffrättsliga författningar, Folkbokföringslagen (42 §)",2,11085.0,Brott mot specialstraffrättsliga författningar,Brott mot specialstraffrättsliga författningar,"Brott mot specialstraffrättsliga författningar, Folkbokföringslagen (42 §)",,,,False
11714,"Brott mot specialstraffrättsliga författningar, Jaktlagen (43-44, 46 §)",2,11085.0,Brott mot specialstraffrättsliga författningar,Brott mot specialstraffrättsliga författningar,"Brott mot specialstraffrättsliga författningar, Jaktlagen (43-44, 46 §)",,,,False
13191,"Brott mot specialstraffrättsliga författningar, Kulturmiljölagen (2 kap. 21 §)",2,11085.0,Brott mot specialstraffrättsliga författningar,Brott mot specialstraffrättsliga författningar,"Brott mot specialstraffrättsliga författningar, Kulturmiljölagen (2 kap. 21 §)",,,,False
14505,"Brott mot specialstraffrättsliga författningar, Lag om brandfarliga och explosiva varor (6 §, 16 § 1 st, 28 § 1 st, 29 § 2 st, 29a §)",2,11085.0,Brott mot specialstraffrättsliga författningar,Brott mot specialstraffrättsliga författningar,"Brott mot specialstraffrättsliga författningar, Lag om brandfarliga och explosiva varor (6 §, 16 § 1 st, 28 § 1 st, 29 § 2 st, 29a §)",,,,False
13097,"Brott mot specialstraffrättsliga författningar, Lag om förbud mot könsstympning av kvinnor och oskuldsingrepp på kvinnor",2,11085.0,Brott mot specialstraffrättsliga författningar,Brott mot specialstraffrättsliga författningar,"Brott mot specialstraffrättsliga författningar, Lag om förbud mot könsstympning av kvinnor och oskuldsingrepp på kvinnor",,,,False
13065,"Brott mot specialstraffrättsliga författningar, Lag om förbud mot köp av sexuell tjänst (t.o.m. 2005)",2,11085.0,Brott mot specialstraffrättsliga författningar,Brott mot specialstraffrättsliga författningar,"Brott mot specialstraffrättsliga författningar, Lag om förbud mot köp av sexuell tjänst (t.o.m. 2005)",,,,False
14503,"Brott mot specialstraffrättsliga författningar, Lag om förbud mot vissa hälsofarliga varor (3 § 1 st. och 4 §)",2,11085.0,Brott mot specialstraffrättsliga författningar,Brott mot specialstraffrättsliga författningar,"Brott mot specialstraffrättsliga författningar, Lag om förbud mot vissa hälsofarliga varor (3 § 1 st. och 4 §)",,,,False
13067,"Brott mot specialstraffrättsliga författningar, Lag om försäljning av teknisk sprit m.m. (t.o.m. 2010)",2,11085.0,Brott mot specialstraffrättsliga författningar,Brott mot specialstraffrättsliga författningar,"Brott mot specialstraffrättsliga författningar, Lag om försäljning av teknisk sprit m.m. (t.o.m. 2010)",,,,False
14397,"Brott mot specialstraffrättsliga författningar, Lag om handel med läkemedel",2,11085.0,Brott mot specialstraffrättsliga författningar,Brott mot specialstraffrättsliga författningar,"Brott mot specialstraffrättsliga författningar, Lag om handel med läkemedel",,,,False
14398,"Brott mot specialstraffrättsliga författningar, Lag om handel med vissa receptfria läkemedel",2,11085.0,Brott mot specialstraffrättsliga författningar,Brott mot specialstraffrättsliga författningar,"Brott mot specialstraffrättsliga författningar, Lag om handel med vissa receptfria läkemedel",,,,False
14903,"Brott mot specialstraffrättsliga författningar, Lag om internationella sanktioner 3-5, 8 §§ ",2,11085.0,Brott mot specialstraffrättsliga författningar,Brott mot specialstraffrättsliga författningar,"Brott mot specialstraffrättsliga författningar, Lag om internationella sanktioner 3-5, 8 §§ ",,,,False
11724,"Brott mot specialstraffrättsliga författningar, Lag om kontaktförbud/besöksförbud",2,11085.0,Brott mot specialstraffrättsliga författningar,Brott mot specialstraffrättsliga författningar,"Brott mot specialstraffrättsliga författningar, Lag om kontaktförbud/besöksförbud",,,,False
14821,"Brott mot specialstraffrättsliga författningar, Lag om preventiva vistelseförbud (29, 30 §)",2,11085.0,Brott mot specialstraffrättsliga författningar,Brott mot specialstraffrättsliga författningar,"Brott mot specialstraffrättsliga författningar, Lag om preventiva vistelseförbud (29, 30 §)",,,,False
11850,"Brott mot specialstraffrättsliga författningar, Lag om straff för finansiering av särskilt allvarlig brottslighet m.m. (3, 4 §)(t.o.m. 2022)",2,11085.0,Brott mot specialstraffrättsliga författningar,Brott mot specialstraffrättsliga författningar,"Brott mot specialstraffrättsliga författningar, Lag om straff för finansiering av särskilt allvarlig brottslighet m.m. (3, 4 §)(t.o.m. 2022)",,,,False
11732,"Brott mot specialstraffrättsliga författningar, Lag om straff för folkmord, brott mot mänskligheten och krigsförbrytelser",2,11085.0,Brott mot specialstraffrättsliga författningar,Brott mot specialstraffrättsliga författningar,"Brott mot specialstraffrättsliga författningar, Lag om straff för folkmord, brott mot mänskligheten och krigsförbrytelser",,,,False
13120,"Brott mot specialstraffrättsliga författningar, Lag om straff för marknadsmissbruk (t.o.m. 2017)",2,11085.0,Brott mot specialstraffrättsliga författningar,Brott mot specialstraffrättsliga författningar,"Brott mot specialstraffrättsliga författningar, Lag om straff för marknadsmissbruk (t.o.m. 2017)",,,,False
5066,"Brott mot specialstraffrättsliga författningar, Lag om straff för marknadsmissbruk på värdepappersmarknaden",2,11085.0,Brott mot specialstraffrättsliga författningar,Brott mot specialstraffrättsliga författningar,"Brott mot specialstraffrättsliga författningar, Lag om straff för marknadsmissbruk på värdepappersmarknaden",,,,False
13176,"Brott mot specialstraffrättsliga författningar, Lag om straff för offentlig uppmaning, rekrytering och utbildning avseende terroristbrott och annan särskild allvarlig brottslighet (5 §)(t.o.m. 2022-06)",2,11085.0,Brott mot specialstraffrättsliga författningar,Brott mot specialstraffrättsliga författningar,"Brott mot specialstraffrättsliga författningar, Lag om straff för offentlig uppmaning, rekrytering och utbildning avseende terroristbrott och annan särskild allvarlig brottslighet (5 §)(t.o.m. 2022-06)",,,,False
13092,"Brott mot specialstraffrättsliga författningar, Lag om straff för penningtvättsbrott",2,11085.0,Brott mot specialstraffrättsliga författningar,Brott mot specialstraffrättsliga författningar,"Brott mot specialstraffrättsliga författningar, Lag om straff för penningtvättsbrott",,,,False
11694,"Brott mot specialstraffrättsliga författningar, Lag om straff för smuggling (3-14 §) ",2,11085.0,Brott mot specialstraffrättsliga författningar,Brott mot specialstraffrättsliga författningar,"Brott mot specialstraffrättsliga författningar, Lag om straff för smuggling (3-14 §) ",,,,False
13175,"Brott mot specialstraffrättsliga författningar, Lag om straff för terroristbrott (2 §) (t.o.m. 2022)",2,11085.0,Brott mot specialstraffrättsliga författningar,Brott mot specialstraffrättsliga författningar,"Brott mot specialstraffrättsliga författningar, Lag om straff för terroristbrott (2 §) (t.o.m. 2022)",,,,False
14822,"Brott mot specialstraffrättsliga författningar, Lag om tillträdesförbud till butiker, badanläggningar och bibliotek, överträdelse (22 §)",2,11085.0,Brott mot specialstraffrättsliga författningar,Brott mot specialstraffrättsliga författningar,"Brott mot specialstraffrättsliga författningar, Lag om tillträdesförbud till butiker, badanläggningar och bibliotek, överträdelse (22 §)",,,,False
11725,"Brott mot specialstraffrättsliga författningar, Lag om tillträdesförbud vid idrottsarrangemang, överträdelse (22 §)",2,11085.0,Brott mot specialstraffrättsliga författningar,Brott mot specialstraffrättsliga författningar,"Brott mot specialstraffrättsliga författningar, Lag om tillträdesförbud vid idrottsarrangemang, överträdelse (22 §)",,,,False
13039,"Brott mot specialstraffrättsliga författningar, Lag om tobak och liknande produkter",2,11085.0,Brott mot specialstraffrättsliga författningar,Brott mot specialstraffrättsliga författningar,"Brott mot specialstraffrättsliga författningar, Lag om tobak och liknande produkter",,,,False
14696,"Brott mot specialstraffrättsliga författningar, Lag om tobaksfria nikotinprodukter",2,11085.0,Brott mot specialstraffrättsliga författningar,Brott mot specialstraffrättsliga författningar,"Brott mot specialstraffrättsliga författningar, Lag om tobaksfria nikotinprodukter",,,,False
13177,"Brott mot specialstraffrättsliga författningar, Lag om vissa internationella sanktioner (8, 15  §) (t.o.m. 2025)",2,11085.0,Brott mot specialstraffrättsliga författningar,Brott mot specialstraffrättsliga författningar,"Brott mot specialstraffrättsliga författningar, Lag om vissa internationella sanktioner (8, 15  §) (t.o.m. 2025)",,,,False
11713,"Brott mot specialstraffrättsliga författningar, Lagen om förbud betr. knivar m.m. (1, 2, 4 §)",2,11085.0,Brott mot specialstraffrättsliga författningar,Brott mot specialstraffrättsliga författningar,"Brott mot specialstraffrättsliga författningar, Lagen om förbud betr. knivar m.m. (1, 2, 4 §)",,,,False
11726,"Brott mot specialstraffrättsliga författningar, Lagen om förbud mot vissa dopningsmedel (3 §)",2,11085.0,Brott mot specialstraffrättsliga författningar,Brott mot specialstraffrättsliga författningar,"Brott mot specialstraffrättsliga författningar, Lagen om förbud mot vissa dopningsmedel (3 §)",,,,False
11700,"Brott mot specialstraffrättsliga författningar, Lagen om kontroll av narkotika (13 §)",2,11085.0,Brott mot specialstraffrättsliga författningar,Brott mot specialstraffrättsliga författningar,"Brott mot specialstraffrättsliga författningar, Lagen om kontroll av narkotika (13 §)",,,,False
13113,"Brott mot specialstraffrättsliga författningar, Lagen om näringsförbud, överträdelse (47 §)",2,11085.0,Brott mot specialstraffrättsliga författningar,Brott mot specialstraffrättsliga författningar,"Brott mot specialstraffrättsliga författningar, Lagen om näringsförbud, överträdelse (47 §)",,,,False
11699,"Brott mot specialstraffrättsliga författningar, Lagen om punktskattekontroll (5 kap. 1, 1 a §)",2,11085.0,Brott mot specialstraffrättsliga författningar,Brott mot specialstraffrättsliga författningar,"Brott mot specialstraffrättsliga författningar, Lagen om punktskattekontroll (5 kap. 1, 1 a §)",,,,False
13101,"Brott mot specialstraffrättsliga författningar, Lagen om straff för folkmord (t.o.m. 2014)",2,11085.0,Brott mot specialstraffrättsliga författningar,Brott mot specialstraffrättsliga författningar,"Brott mot specialstraffrättsliga författningar, Lagen om straff för folkmord (t.o.m. 2014)",,,,False
11718,"Brott mot specialstraffrättsliga författningar, Lagen om åtgärder mot förorening från fartyg (10 kap. 1-5 §)",2,11085.0,Brott mot specialstraffrättsliga författningar,Brott mot specialstraffrättsliga författningar,"Brott mot specialstraffrättsliga författningar, Lagen om åtgärder mot förorening från fartyg (10 kap. 1-5 §)",,,,False
14396,"Brott mot specialstraffrättsliga författningar, Läkemedelslag",2,11085.0,Brott mot specialstraffrättsliga författningar,Brott mot specialstraffrättsliga författningar,"Brott mot specialstraffrättsliga författningar, Läkemedelslag",,,,False
14508,"Brott mot specialstraffrättsliga författningar, Ordningslagen (2 kap. 29 §, 5 kap. 3-5 §§)",2,11085.0,Brott mot specialstraffrättsliga författningar,Brott mot specialstraffrättsliga författningar,"Brott mot specialstraffrättsliga författningar, Ordningslagen (2 kap. 29 §, 5 kap. 3-5 §§)",,,,False
11727,"Brott mot specialstraffrättsliga författningar, Personuppgiftslagen (49 §)",2,11085.0,Brott mot specialstraffrättsliga författningar,Brott mot specialstraffrättsliga författningar,"Brott mot specialstraffrättsliga författningar, Personuppgiftslagen (49 §)",,,,False
11729,"Brott mot specialstraffrättsliga författningar, Sjölagen (20 kap.)",2,11085.0,Brott mot specialstraffrättsliga författningar,Brott mot specialstraffrättsliga författningar,"Brott mot specialstraffrättsliga författningar, Sjölagen (20 kap.)",,,,False
14600,"Brott mot specialstraffrättsliga författningar, Skyddslag (30-31§)",2,11085.0,Brott mot specialstraffrättsliga författningar,Brott mot specialstraffrättsliga författningar,"Brott mot specialstraffrättsliga författningar, Skyddslag (30-31§)",,,,False
13922,"Brott mot specialstraffrättsliga författningar, Spellag (19 kap.)",2,11085.0,Brott mot specialstraffrättsliga författningar,Brott mot specialstraffrättsliga författningar,"Brott mot specialstraffrättsliga författningar, Spellag (19 kap.)",,,,False
14963,"Brott mot specialstraffrättsliga författningar, Subventionsbrottslag (2025:1267)",2,11085.0,Brott mot specialstraffrättsliga författningar,Brott mot specialstraffrättsliga författningar,"Brott mot specialstraffrättsliga författningar, Subventionsbrottslag (2025:1267)",,,,False
14612,"Brott mot specialstraffrättsliga författningar, Terroristbrottslag (fr.o.m. 2023)",2,11085.0,Brott mot specialstraffrättsliga författningar,Brott mot specialstraffrättsliga författningar,"Brott mot specialstraffrättsliga författningar, Terroristbrottslag (fr.o.m. 2023)",,,,False
11720,"Brott mot specialstraffrättsliga författningar, Utlänningslagen (20 kap.)",2,11085.0,Brott mot specialstraffrättsliga författningar,Brott mot specialstraffrättsliga författningar,"Brott mot specialstraffrättsliga författningar, Utlänningslagen (20 kap.)",,,,False
11708,"Brott mot specialstraffrättsliga författningar, Vapenlagen (9 kap. 1-2 §)",2,11085.0,Brott mot specialstraffrättsliga författningar,Brott mot specialstraffrättsliga författningar,"Brott mot specialstraffrättsliga författningar, Vapenlagen (9 kap. 1-2 §)",,,,False
11733,"Brott mot specialstraffrättsliga författningar, Övriga författningar",2,11085.0,Brott mot specialstraffrättsliga författningar,Brott mot specialstraffrättsliga författningar,"Brott mot specialstraffrättsliga författningar, Övriga författningar",,,,False
11728,"Brott mot specialstraffrättsliga författningar, Övriga trafikbrott (ej TBL) m. fängelse i straffskalan",2,11085.0,Brott mot specialstraffrättsliga författningar,Brott mot specialstraffrättsliga författningar,"Brott mot specialstraffrättsliga författningar, Övriga trafikbrott (ej TBL) m. fängelse i straffskalan",,,,False
11100,"Brott mot brottsbalken, 13-15 kap. Brott mot allmänheten, 13 kap. Allmänfarliga brott",3,11088.0,"Brott mot brottsbalken, 13-15 kap. Brott mot allmänheten",Brott mot brottsbalken,"Brott mot brottsbalken, 13-15 kap. Brott mot allmänheten","Brott mot brottsbalken, 13-15 kap. Brott mot allmänheten, 13 kap. Allmänfarliga brott",,,False
11101,"Brott mot brottsbalken, 13-15 kap. Brott mot allmänheten, 14 kap. Förfalskningsbrott",3,11088.0,"Brott mot brottsbalken, 13-15 kap. Brott mot allmänheten",Brott mot brottsbalken,"Brott mot brottsbalken, 13-15 kap. Brott mot allmänheten","Brott mot brottsbalken, 13-15 kap. Brott mot allmänheten, 14 kap. Förfalskningsbrott",,,False
11102,"Brott mot brottsbalken, 13-15 kap. Brott mot allmänheten, 15 kap. Mened, falskt åtal m.m.",3,11088.0,"Brott mot brottsbalken, 13-15 kap. Brott mot allmänheten",Brott mot brottsbalken,"Brott mot brottsbalken, 13-15 kap. Brott mot allmänheten","Brott mot brottsbalken, 13-15 kap. Brott mot allmänheten, 15 kap. Mened, falskt åtal m.m.",,,False
11103,"Brott mot brottsbalken, 16-22 kap. Brott mot staten, 16 kap. Brott mot allmän ordning",3,11089.0,"Brott mot brottsbalken, 16-22 kap. Brott mot staten",Brott mot brottsbalken,"Brott mot brottsbalken, 16-22 kap. Brott mot staten","Brott mot brottsbalken, 16-22 kap. Brott mot staten, 16 kap. Brott mot allmän ordning",,,False
11104,"Brott mot brottsbalken, 16-22 kap. Brott mot staten, 17 kap. Brott mot allmän verksamhet",3,11089.0,"Brott mot brottsbalken, 16-22 kap. Brott mot staten",Brott mot brottsbalken,"Brott mot brottsbalken, 16-22 kap. Brott mot staten","Brott mot brottsbalken, 16-22 kap. Brott mot staten, 17 kap. Brott mot allmän verksamhet",,,False
11105,"Brott mot brottsbalken, 16-22 kap. Brott mot staten, 18 kap. Högmålsbrott",3,11089.0,"Brott mot brottsbalken, 16-22 kap. Brott mot staten",Brott mot brottsbalken,"Brott mot brottsbalken, 16-22 kap. Brott mot staten","Brott mot brottsbalken, 16-22 kap. Brott mot staten, 18 kap. Högmålsbrott",,,False
11106,"Brott mot brottsbalken, 16-22 kap. Brott mot staten, 19 kap. Brott mot rikets säkerhet",3,11089.0,"Brott mot brottsbalken, 16-22 kap. Brott mot staten",Brott mot brottsbalken,"Brott mot brottsbalken, 16-22 kap. Brott mot staten","Brott mot brottsbalken, 16-22 kap. Brott mot staten, 19 kap. Brott mot rikets säkerhet",,,False
11107,"Brott mot brottsbalken, 16-22 kap. Brott mot staten, 20 kap. Tjänstefel m.m.",3,11089.0,"Brott mot brottsbalken, 16-22 kap. Brott mot staten",Brott mot brottsbalken,"Brott mot brottsbalken, 16-22 kap. Brott mot staten","Brott mot brottsbalken, 16-22 kap. Brott mot staten, 20 kap. Tjänstefel m.m.",,,False
11849,"Brott mot brottsbalken, 16-22 kap. Brott mot staten, 21 kap. Om brott av krigsmän (kapitel träder i tillämpning när riket kommer i krig)",3,11089.0,"Brott mot brottsbalken, 16-22 kap. Brott mot staten",Brott mot brottsbalken,"Brott mot brottsbalken, 16-22 kap. Brott mot staten","Brott mot brottsbalken, 16-22 kap. Brott mot staten, 21 kap. Om brott av krigsmän (kapitel träder i tillämpning när riket kommer i krig)",,,False
11108,"Brott mot brottsbalken, 16-22 kap. Brott mot staten, 22 kap. Om landsförräderi m.m.",3,11089.0,"Brott mot brottsbalken, 16-22 kap. Brott mot staten",Brott mot brottsbalken,"Brott mot brottsbalken, 16-22 kap. Brott mot staten","Brott mot brottsbalken, 16-22 kap. Brott mot staten, 22 kap. Om landsförräderi m.m.",,,False
11090,"Brott mot brottsbalken, 3-7 kap. Brott mot person, 3 kap. Brott mot liv och hälsa",3,11086.0,"Brott mot brottsbalken, 3-7 kap. Brott mot person",Brott mot brottsbalken,"Brott mot brottsbalken, 3-7 kap. Brott mot person","Brott mot brottsbalken, 3-7 kap. Brott mot person, 3 kap. Brott mot liv och hälsa",,,False
11091,"Brott mot brottsbalken, 3-7 kap. Brott mot person, 4 kap. Brott mot frihet och frid",3,11086.0,"Brott mot brottsbalken, 3-7 kap. Brott mot person",Brott mot brottsbalken,"Brott mot brottsbalken, 3-7 kap. Brott mot person","Brott mot brottsbalken, 3-7 kap. Brott mot person, 4 kap. Brott mot frihet och frid",,,False
11092,"Brott mot brottsbalken, 3-7 kap. Brott mot person, 5 kap. Ärekränkningsbrott",3,11086.0,"Brott mot brottsbalken, 3-7 kap. Brott mot person",Brott mot brottsbalken,"Brott mot brottsbalken, 3-7 kap. Brott mot person","Brott mot brottsbalken, 3-7 kap. Brott mot person, 5 kap. Ärekränkningsbrott",,,False
11093,"Brott mot brottsbalken, 3-7 kap. Brott mot person, 6 kap. Sexualbrott",3,11086.0,"Brott mot brottsbalken, 3-7 kap. Brott mot person",Brott mot brottsbalken,"Brott mot brottsbalken, 3-7 kap. Brott mot person","Brott mot brottsbalken, 3-7 kap. Brott mot person, 6 kap. Sexualbrott",,,False
11094,"Brott mot brottsbalken, 3-7 kap. Brott mot person, 7 kap. Brott mot familj",3,11086.0,"Brott mot brottsbalken, 3-7 kap. Brott mot person",Brott mot brottsbalken,"Brott mot brottsbalken, 3-7 kap. Brott mot person","Brott mot brottsbalken, 3-7 kap. Brott mot person, 7 kap. Brott mot familj",,,False
11097,"Brott mot brottsbalken, 8-12 kap. Brott mot förmögenhet, 10 kap. Förskingring och annan trolöshet",3,11087.0,"Brott mot brottsbalken, 8-12 kap. Brott mot förmögenhet",Brott mot brottsbalken,"Brott mot brottsbalken, 8-12 kap. Brott mot förmögenhet","Brott mot brottsbalken, 8-12 kap. Brott mot förmögenhet, 10 kap. Förskingring och annan trolöshet",,,False
11098,"Brott mot brottsbalken, 8-12 kap. Brott mot förmögenhet, 11 kap. Brott mot borgenärer m.m.",3,11087.0,"Brott mot brottsbalken, 8-12 kap. Brott mot förmögenhet",Brott mot brottsbalken,"Brott mot brottsbalken, 8-12 kap. Brott mot förmögenhet","Brott mot brottsbalken, 8-12 kap. Brott mot förmögenhet, 11 kap. Brott mot borgenärer m.m.",,,False
11099,"Brott mot brottsbalken, 8-12 kap. Brott mot förmögenhet, 12 kap. Skadegörelsebrott",3,11087.0,"Brott mot brottsbalken, 8-12 kap. Brott mot förmögenhet",Brott mot brottsbalken,"Brott mot brottsbalken, 8-12 kap. Brott mot förmögenhet","Brott mot brottsbalken, 8-12 kap. Brott mot förmögenhet, 12 kap. Skadegörelsebrott",,,False
11095,"Brott mot brottsbalken, 8-12 kap. Brott mot förmögenhet, 8 kap. Stöld, rån m.m.",3,11087.0,"Brott mot brottsbalken, 8-12 kap. Brott mot förmögenhet",Brott mot brottsbalken,"Brott mot brottsbalken, 8-12 kap. Brott mot förmögenhet","Brott mot brottsbalken, 8-12 kap. Brott mot förmögenhet, 8 kap. Stöld, rån m.m.",,,False
11096,"Brott mot brottsbalken, 8-12 kap. Brott mot förmögenhet, 9 kap. Bedrägeri och annan oredlighet",3,11087.0,"Brott mot brottsbalken, 8-12 kap. Brott mot förmögenhet",Brott mot brottsbalken,"Brott mot brottsbalken, 8-12 kap. Brott mot förmögenhet","Brott mot brottsbalken, 8-12 kap. Brott mot förmögenhet, 9 kap. Bedrägeri och annan oredlighet",,,False
13118,"Brott mot specialstraffrättsliga författningar, Aktiebolagslagen (30 kap.), Brott mot bulvan/målvaktsbestämmelser (1 § 3 st.)",3,13115.0,"Brott mot specialstraffrättsliga författningar, Aktiebolagslagen (30 kap.)",Brott mot specialstraffrättsliga författningar,"Brott mot specialstraffrättsliga författningar, Aktiebolagslagen (30 kap.)","Brott mot specialstraffrättsliga författningar, Aktiebolagslagen (30 kap.), Brott mot bulvan/målvaktsbestämmelser (1 § 3 st.)",,,False
13117,"Brott mot specialstraffrättsliga författningar, Aktiebolagslagen (30 kap.), Brott mot låneförbud m.m. (1 § 1 st. 4 p.)",3,13115.0,"Brott mot specialstraffrättsliga författningar, Aktiebolagslagen (30 kap.)",Brott mot specialstraffrättsliga författningar,"Brott mot specialstraffrättsliga författningar, Aktiebolagslagen (30 kap.)","Brott mot specialstraffrättsliga författningar, Aktiebolagslagen (30 kap.), Brott mot låneförbud m.m. (1 § 1 st. 4 p.)",,,False
13116,"Brott mot specialstraffrättsliga författningar, Aktiebolagslagen (30 kap.), Underlåtenhet att föra/hålla aktiebok tillgänglig (1 § 1 st. 2 p.)",3,13115.0,"Brott mot specialstraffrättsliga författningar, Aktiebolagslagen (30 kap.)",Brott mot specialstraffrättsliga författningar,"Brott mot specialstraffrättsliga författningar, Aktiebolagslagen (30 kap.)","Brott mot specialstraffrättsliga författningar, Aktiebolagslagen (30 kap.), Underlåtenhet att föra/hålla aktiebok tillgänglig (1 § 1 st. 2 p.)",,,False
13119,"Brott mot specialstraffrättsliga författningar, Aktiebolagslagen (30 kap.), Övriga brott mot aktiebolagslagen (1 § 1 st. 1 p., 3 p.)",3,13115.0,"Brott mot specialstraffrättsliga författningar, Aktiebolagslagen (30 kap.)",Brott mot specialstraffrättsliga författningar,"Brott mot specialstraffrättsliga författningar, Aktiebolagslagen (30 kap.)","Brott mot specialstraffrättsliga författningar, Aktiebolagslagen (30 kap.), Övriga brott mot aktiebolagslagen (1 § 1 st. 1 p., 3 p.)",,,False
11703,"Brott mot specialstraffrättsliga författningar, Alkohollagen (10 kap.), Förvärv/innehav av olovligt tillv. sprit/mäsk avsedd för olovlig sprittillv. (1 § 2 p., 4 §)",3,11701.0,"Brott mot specialstraffrättsliga författningar, Alkohollagen (10 kap.)",Brott mot specialstraffrättsliga författningar,"Brott mot specialstraffrättsliga författningar, Alkohollagen (10 kap.)","Brott mot specialstraffrättsliga författningar, Alkohollagen (10 kap.), Förvärv/innehav av olovligt tillv. sprit/mäsk avsedd för olovlig sprittillv. (1 § 2 p., 4 §)",,,False
13064,"Brott mot specialstraffrättsliga författningar, Alkohollagen (10 kap.), Olovlig försäljning av teknisk sprit m.m. (fr.o.m. 2011-01)",3,11701.0,"Brott mot specialstraffrättsliga författningar, Alkohollagen (10 kap.)",Brott mot specialstraffrättsliga författningar,"Brott mot specialstraffrättsliga författningar, Alkohollagen (10 kap.)","Brott mot specialstraffrättsliga författningar, Alkohollagen (10 kap.), Olovlig försäljning av teknisk sprit m.m. (fr.o.m. 2011-01)",,,False
11704,"Brott mot specialstraffrättsliga författningar, Alkohollagen (10 kap.), Olovlig försäljning inkl. grov, innehav, olovligt anskaffande av alkohol (3, 4, 6 §)",3,11701.0,"Brott mot specialstraffrättsliga författningar, Alkohollagen (10 kap.)",Brott mot specialstraffrättsliga författningar,"Brott mot specialstraffrättsliga författningar, Alkohollagen (10 kap.)","Brott mot specialstraffrättsliga författningar, Alkohollagen (10 kap.), Olovlig försäljning inkl. grov, innehav, olovligt anskaffande av alkohol (3, 4, 6 §)",,,False
11702,"Brott mot specialstraffrättsliga författningar, Alkohollagen (10 kap.), Olovlig sprittillverkning m.m. (1 § 1 p., 2 , 4 §)",3,11701.0,"Brott mot specialstraffrättsliga författningar, Alkohollagen (10 kap.)",Brott mot specialstraffrättsliga författningar,"Brott mot specialstraffrättsliga författningar, Alkohollagen (10 kap.)","Brott mot specialstraffrättsliga författningar, Alkohollagen (10 kap.), Olovlig sprittillverkning m.m. (1 § 1 p., 2 , 4 §)",,,False
11705,"Brott mot specialstraffrättsliga författningar, Alkohollagen (10 kap.), Olovlig vin-, starköl-, öltillverkning (5 §)",3,11701.0,"Brott mot specialstraffrättsliga författningar, Alkohollagen (10 kap.)",Brott mot specialstraffrättsliga författningar,"Brott mot specialstraffrättsliga författningar, Alkohollagen (10 kap.)","Brott mot specialstraffrättsliga författningar, Alkohollagen (10 kap.), Olovlig vin-, starköl-, öltillverkning (5 §)",,,False
11706,"Brott mot specialstraffrättsliga författningar, Alkohollagen (10 kap.), Olovligt anskaffande av alkohol, olovlig hantering av alkohol (7, 9 §)",3,11701.0,"Brott mot specialstraffrättsliga författningar, Alkohollagen (10 kap.)",Brott mot specialstraffrättsliga författningar,"Brott mot specialstraffrättsliga författningar, Alkohollagen (10 kap.)","Brott mot specialstraffrättsliga författningar, Alkohollagen (10 kap.), Olovligt anskaffande av alkohol, olovlig hantering av alkohol (7, 9 §)",,,False
11690,"Brott mot specialstraffrättsliga författningar, Brott mot bidragsbrottslagen, Mot Försäkringskassan",3,11689.0,"Brott mot specialstraffrättsliga författningar, Brott mot bidragsbrottslagen",Brott mot specialstraffrättsliga författningar,"Brott mot specialstraffrättsliga författningar, Brott mot bidragsbrottslagen","Brott mot specialstraffrättsliga författningar, Brott mot bidragsbrottslagen, Mot Försäkringskassan",,,False
11693,"Brott mot specialstraffrättsliga författningar, Brott mot bidragsbrottslagen, Mot PPM, CSN, och Migrationsverket",3,11689.0,"Brott mot specialstraffrättsliga författningar, Brott mot bidragsbrottslagen",Brott mot specialstraffrättsliga författningar,"Brott mot specialstraffrättsliga författningar, Brott mot bidragsbrottslagen","Brott mot specialstraffrättsliga författningar, Brott mot bidragsbrottslagen, Mot PPM, CSN, och Migrationsverket",,,False
11692,"Brott mot specialstraffrättsliga författningar, Brott mot bidragsbrottslagen, Mot a-kassorna och Arbetsförmedlningen",3,11689.0,"Brott mot specialstraffrättsliga författningar, Brott mot bidragsbrottslagen",Brott mot specialstraffrättsliga författningar,"Brott mot specialstraffrättsliga författningar, Brott mot bidragsbrottslagen","Brott mot specialstraffrättsliga författningar, Brott mot bidragsbrottslagen, Mot a-kassorna och Arbetsförmedlningen",,,False
11691,"Brott mot specialstraffrättsliga författningar, Brott mot bidragsbrottslagen, Mot kommunerna",3,11689.0,"Brott mot specialstraffrättsliga författningar, Brott mot bidragsbrottslagen",Brott mot specialstraffrättsliga författningar,"Brott mot specialstraffrättsliga författningar, Brott mot bidragsbrottslagen","Brott mot specialstraffrättsliga författningar, Brott mot bidragsbrottslagen, Mot kommunerna",,,False
11658,"Brott mot specialstraffrättsliga författningar, Brott mot miljöbalken (29 kap.), Artskydd inkl. grovt (2 b §)",3,11655.0,"Brott mot specialstraffrättsliga författningar, Brott mot miljöbalken (29 kap.)",Brott mot specialstraffrättsliga författningar,"Brott mot specialstraffrättsliga författningar, Brott mot miljöbalken (29 kap.)","Brott mot specialstraffrättsliga författningar, Brott mot miljöbalken (29 kap.), Artskydd inkl. grovt (2 b §)",,,False
11663,"Brott mot specialstraffrättsliga författningar, Brott mot miljöbalken (29 kap.), Bristfällig miljöinformation (6 §)",3,11655.0,"Brott mot specialstraffrättsliga författningar, Brott mot miljöbalken (29 kap.)",Brott mot specialstraffrättsliga författningar,"Brott mot specialstraffrättsliga författningar, Brott mot miljöbalken (29 kap.)","Brott mot specialstraffrättsliga författningar, Brott mot miljöbalken (29 kap.), Bristfällig miljöinformation (6 §)",,,False
11657,"Brott mot specialstraffrättsliga författningar, Brott mot miljöbalken (29 kap.), Brott eller förseelse mot områdesskydd (2, 2 a §)",3,11655.0,"Brott mot specialstraffrättsliga författningar, Brott mot miljöbalken (29 kap.)",Brott mot specialstraffrättsliga författningar,"Brott mot specialstraffrättsliga författningar, Brott mot miljöbalken (29 kap.)","Brott mot specialstraffrättsliga författningar, Brott mot miljöbalken (29 kap.), Brott eller förseelse mot områdesskydd (2, 2 a §)",,,False
11662,"Brott mot specialstraffrättsliga författningar, Brott mot miljöbalken (29 kap.), Försvårande av miljökontroll (5 §)",3,11655.0,"Brott mot specialstraffrättsliga författningar, Brott mot miljöbalken (29 kap.)",Brott mot specialstraffrättsliga författningar,"Brott mot specialstraffrättsliga författningar, Brott mot miljöbalken (29 kap.)","Brott mot specialstraffrättsliga författningar, Brott mot miljöbalken (29 kap.), Försvårande av miljökontroll (5 §)",,,False
11656,"Brott mot specialstraffrättsliga författningar, Brott mot miljöbalken (29 kap.), Miljöbrott inkl. grovt (1 §)",3,11655.0,"Brott mot specialstraffrättsliga författningar, Brott mot miljöbalken (29 kap.)",Brott mot specialstraffrättsliga författningar,"Brott mot specialstraffrättsliga författningar, Brott mot miljöbalken (29 kap.)","Brott mot specialstraffrättsliga författningar, Brott mot miljöbalken (29 kap.), Miljöbrott inkl. grovt (1 §)",,,False
11659,"Brott mot specialstraffrättsliga författningar, Brott mot miljöbalken (29 kap.), Miljöfarlig eller olovlig kemikaliehantering (3, 3 a §)",3,11655.0,"Brott mot specialstraffrättsliga författningar, Brott mot miljöbalken (29 kap.)",Brott mot specialstraffrättsliga författningar,"Brott mot specialstraffrättsliga författningar, Brott mot miljöbalken (29 kap.)","Brott mot specialstraffrättsliga författningar, Brott mot miljöbalken (29 kap.), Miljöfarlig eller olovlig kemikaliehantering (3, 3 a §)",,,False
11664,"Brott mot specialstraffrättsliga författningar, Brott mot miljöbalken (29 kap.), Nedskräpning (7 §)",3,11655.0,"Brott mot specialstraffrättsliga författningar, Brott mot miljöbalken (29 kap.)",Brott mot specialstraffrättsliga författningar,"Brott mot specialstraffrättsliga författningar, Brott mot miljöbalken (29 kap.)","Brott mot specialstraffrättsliga författningar, Brott mot miljöbalken (29 kap.), Nedskräpning (7 §)",,,False
11661,"Brott mot specialstraffrättsliga författningar, Brott mot miljöbalken (29 kap.), Otillåten avfallstransport (4 a § 1-15 p.)",3,11655.0,"Brott mot specialstraffrättsliga författningar, Brott mot miljöbalken (29 kap.)",Brott mot specialstraffrättsliga författningar,"Brott mot specialstraffrättsliga författningar, Brott mot miljöbalken (29 kap.)","Brott mot specialstraffrättsliga författningar, Brott mot miljöbalken (29 kap.), Otillåten avfallstransport (4 a § 1-15 p.)",,,False
14117,"Brott mot specialstraffrättsliga författningar, Brott mot miljöbalken (29 kap.), Otillåten hantering av en invasiv främmande art (2 c §)",3,11655.0,"Brott mot specialstraffrättsliga författningar, Brott mot miljöbalken (29 kap.)",Brott mot specialstraffrättsliga författningar,"Brott mot specialstraffrättsliga författningar, Brott mot miljöbalken (29 kap.)","Brott mot specialstraffrättsliga författningar, Brott mot miljöbalken (29 kap.), Otillåten hantering av en invasiv främmande art (2 c §)",,,False
11660,"Brott mot specialstraffrättsliga författningar, Brott mot miljöbalken (29 kap.), Otillåten miljöverksamhet (4 §, 1-2 st.)",3,11655.0,"Brott mot specialstraffrättsliga författningar, Brott mot miljöbalken (29 kap.)",Brott mot specialstraffrättsliga författningar,"Brott mot specialstraffrättsliga författningar, Brott mot miljöbalken (29 kap.)","Brott mot specialstraffrättsliga författningar, Brott mot miljöbalken (29 kap.), Otillåten miljöverksamhet (4 §, 1-2 st.)",,,False
11665,"Brott mot specialstraffrättsliga författningar, Brott mot miljöbalken (29 kap.), Övriga brott mot miljöbalken (8 §) m.m.",3,11655.0,"Brott mot specialstraffrättsliga författningar, Brott mot miljöbalken (29 kap.)",Brott mot specialstraffrättsliga författningar,"Brott mot specialstraffrättsliga författningar, Brott mot miljöbalken (29 kap.)","Brott mot specialstraffrättsliga författningar, Brott mot miljöbalken (29 kap.), Övriga brott mot miljöbalken (8 §) m.m.",,,False
11653,"Brott mot specialstraffrättsliga författningar, Brott mot narkotikastrafflagen, Eget bruk (1-3 a §)",3,11650.0,"Brott mot specialstraffrättsliga författningar, Brott mot narkotikastrafflagen",Brott mot specialstraffrättsliga författningar,"Brott mot specialstraffrättsliga författningar, Brott mot narkotikastrafflagen","Brott mot specialstraffrättsliga författningar, Brott mot narkotikastrafflagen, Eget bruk (1-3 a §)",,,False
11654,"Brott mot specialstraffrättsliga författningar, Brott mot narkotikastrafflagen, Framställning (1-3 a §)",3,11650.0,"Brott mot specialstraffrättsliga författningar, Brott mot narkotikastrafflagen",Brott mot specialstraffrättsliga författningar,"Brott mot specialstraffrättsliga författningar, Brott mot narkotikastrafflagen","Brott mot specialstraffrättsliga författningar, Brott mot narkotikastrafflagen, Framställning (1-3 a §)",,,False
11652,"Brott mot specialstraffrättsliga författningar, Brott mot narkotikastrafflagen, Innehav (1-3 a §)",3,11650.0,"Brott mot specialstraffrättsliga författningar, Brott mot narkotikastrafflagen",Brott mot specialstraffrättsliga författningar,"Brott mot specialstraffrättsliga författningar, Brott mot narkotikastrafflagen","Brott mot specialstraffrättsliga författningar, Brott mot narkotikastrafflagen, Innehav (1-3 a §)",,,False
11651,"Brott mot specialstraffrättsliga författningar, Brott mot narkotikastrafflagen, Överlåtelse m.m. (1-3 a §)",3,11650.0,"Brott mot specialstraffrättsliga författningar, Brott mot narkotikastrafflagen",Brott mot specialstraffrättsliga författningar,"Brott mot specialstraffrättsliga författningar, Brott mot narkotikastrafflagen","Brott mot specialstraffrättsliga författningar, Brott mot narkotikastrafflagen, Överlåtelse m.m. (1-3 a §)",,,False
13112,"Brott mot specialstraffrättsliga författningar, Brott mot skattebrottslagen (2-10 §), Försvårande av skattekontroll (10 §)",3,13105.0,"Brott mot specialstraffrättsliga författningar, Brott mot skattebrottslagen (2-10 §)",Brott mot specialstraffrättsliga författningar,"Brott mot specialstraffrättsliga författningar, Brott mot skattebrottslagen (2-10 §)","Brott mot specialstraffrättsliga författningar, Brott mot skattebrottslagen (2-10 §), Försvårande av skattekontroll (10 §)",,,False
13106,"Brott mot specialstraffrättsliga författningar, Brott mot skattebrottslagen (2-10 §), Grovt skattebrott (4 §) (fr.o.m. 2024)",3,13105.0,"Brott mot specialstraffrättsliga författningar, Brott mot skattebrottslagen (2-10 §)",Brott mot specialstraffrättsliga författningar,"Brott mot specialstraffrättsliga författningar, Brott mot skattebrottslagen (2-10 §)","Brott mot specialstraffrättsliga författningar, Brott mot skattebrottslagen (2-10 §), Grovt skattebrott (4 §) (fr.o.m. 2024)",,,False
13110,"Brott mot specialstraffrättsliga författningar, Brott mot skattebrottslagen (2-10 §), Skatteavdragsbrott (6 §)",3,13105.0,"Brott mot specialstraffrättsliga författningar, Brott mot skattebrottslagen (2-10 §)",Brott mot specialstraffrättsliga författningar,"Brott mot specialstraffrättsliga författningar, Brott mot skattebrottslagen (2-10 §)","Brott mot specialstraffrättsliga författningar, Brott mot skattebrottslagen (2-10 §), Skatteavdragsbrott (6 §)",,,False
13108,"Brott mot specialstraffrättsliga författningar, Brott mot skattebrottslagen (2-10 §), Skattebrott inkl. grovt (2-4 §) (t.o.m. 2023)",3,13105.0,"Brott mot specialstraffrättsliga författningar, Brott mot skattebrottslagen (2-10 §)",Brott mot specialstraffrättsliga författningar,"Brott mot specialstraffrättsliga författningar, Brott mot skattebrottslagen (2-10 §)","Brott mot specialstraffrättsliga författningar, Brott mot skattebrottslagen (2-10 §), Skattebrott inkl. grovt (2-4 §) (t.o.m. 2023)",,,False
13107,"Brott mot specialstraffrättsliga författningar, Brott mot skattebrottslagen (2-10 §), Skattebrott, skatteförseelse (2-3 §) (fr.o.m. 2024)",3,13105.0,"Brott mot specialstraffrättsliga författningar, Brott mot skattebrottslagen (2-10 §)",Brott mot specialstraffrättsliga författningar,"Brott mot specialstraffrättsliga författningar, Brott mot skattebrottslagen (2-10 §)","Brott mot specialstraffrättsliga författningar, Brott mot skattebrottslagen (2-10 §), Skattebrott, skatteförseelse (2-3 §) (fr.o.m. 2024)",,,False
13111,"Brott mot specialstraffrättsliga författningar, Brott mot skattebrottslagen (2-10 §), Skatteredovisningsbrott (7 §), vårdslös skatteredovisning (8 §)",3,13105.0,"Brott mot specialstraffrättsliga författningar, Brott mot skattebrottslagen (2-10 §)",Brott mot specialstraffrättsliga författningar,"Brott mot specialstraffrättsliga författningar, Brott mot skattebrottslagen (2-10 §)","Brott mot specialstraffrättsliga författningar, Brott mot skattebrottslagen (2-10 §), Skatteredovisningsbrott (7 §), vårdslös skatteredovisning (8 §)",,,False
13109,"Brott mot specialstraffrättsliga författningar, Brott mot skattebrottslagen (2-10 §), Vårdslös skatteuppgift (5 §)",3,13105.0,"Brott mot specialstraffrättsliga författningar, Brott mot skattebrottslagen (2-10 §)",Brott mot specialstraffrättsliga författningar,"Brott mot specialstraffrättsliga författningar, Brott mot skattebrottslagen (2-10 §)","Brott mot specialstraffrättsliga författningar, Brott mot skattebrottslagen (2-10 §), Vårdslös skatteuppgift (5 §)",,,False
11644,"Brott mot specialstraffrättsliga författningar, Brott mot trafikbrottslagen, Grov vårdslöshet i trafik (1 § 2 st)",3,11643.0,"Brott mot specialstraffrättsliga författningar, Brott mot trafikbrottslagen",Brott mot specialstraffrättsliga författningar,"Brott mot specialstraffrättsliga författningar, Brott mot trafikbrottslagen","Brott mot specialstraffrättsliga författningar, Brott mot trafikbrottslagen, Grov vårdslöshet i trafik (1 § 2 st)",,,False
11645,"Brott mot specialstraffrättsliga författningar, Brott mot trafikbrottslagen, Olovlig körning inkl. grov (3 § 1 st)",3,11643.0,"Brott mot specialstraffrättsliga författningar, Brott mot trafikbrottslagen",Brott mot specialstraffrättsliga författningar,"Brott mot specialstraffrättsliga författningar, Brott mot trafikbrottslagen","Brott mot specialstraffrättsliga författningar, Brott mot trafikbrottslagen, Olovlig körning inkl. grov (3 § 1 st)",,,False
11646,"Brott mot specialstraffrättsliga författningar, Brott mot trafikbrottslagen, Rattfylleri inkl. grovt, enbart alkohol eller både alkohol och narkotika(4, 4 a §)",3,11643.0,"Brott mot specialstraffrättsliga författningar, Brott mot trafikbrottslagen",Brott mot specialstraffrättsliga författningar,"Brott mot specialstraffrättsliga författningar, Brott mot trafikbrottslagen","Brott mot specialstraffrättsliga författningar, Brott mot trafikbrottslagen, Rattfylleri inkl. grovt, enbart alkohol eller både alkohol och narkotika(4, 4 a §)",,,False
11647,"Brott mot specialstraffrättsliga författningar, Brott mot trafikbrottslagen, Rattfylleri, inkl. grovt, enbart narkotika (4 § 2 st)",3,11643.0,"Brott mot specialstraffrättsliga författningar, Brott mot trafikbrottslagen",Brott mot specialstraffrättsliga författningar,"Brott mot specialstraffrättsliga författningar, Brott mot trafikbrottslagen","Brott mot specialstraffrättsliga författningar, Brott mot trafikbrottslagen, Rattfylleri, inkl. grovt, enbart narkotika (4 § 2 st)",,,False
11648,"Brott mot specialstraffrättsliga författningar, Brott mot trafikbrottslagen, Smitning (5 §)",3,11643.0,"Brott mot specialstraffrättsliga författningar, Brott mot trafikbrottslagen",Brott mot specialstraffrättsliga författningar,"Brott mot specialstraffrättsliga författningar, Brott mot trafikbrottslagen","Brott mot specialstraffrättsliga författningar, Brott mot trafikbrottslagen, Smitning (5 §)",,,False
5064,"Brott mot specialstraffrättsliga författningar, Brott mot trafikbrottslagen, Smitning (5 §), Med betydande materialskador, personskador eller dödl utfall",3,11643.0,"Brott mot specialstraffrättsliga författningar, Brott mot trafikbrottslagen",Brott mot specialstraffrättsliga författningar,"Brott mot specialstraffrättsliga författningar, Brott mot trafikbrottslagen","Brott mot specialstraffrättsliga författningar, Brott mot trafikbrottslagen, Smitning (5 §), Med betydande materialskador, personskador eller dödl utfall",,,False
5065,"Brott mot specialstraffrättsliga författningar, Brott mot trafikbrottslagen, Smitning (5 §), Med inga eller lindriga material- och personskador",3,11643.0,"Brott mot specialstraffrättsliga författningar, Brott mot trafikbrottslagen",Brott mot specialstraffrättsliga författningar,"Brott mot specialstraffrättsliga författningar, Brott mot trafikbrottslagen","Brott mot specialstraffrättsliga författningar, Brott mot trafikbrottslagen, Smitning (5 §), Med inga eller lindriga material- och personskador",,,False
11649,"Brott mot specialstraffrättsliga författningar, Brott mot trafikbrottslagen, Övriga brott mot trafikbrottslagen (3 § 2 och 3 st §)",3,11643.0,"Brott mot specialstraffrättsliga författningar, Brott mot trafikbrottslagen",Brott mot specialstraffrättsliga författningar,"Brott mot specialstraffrättsliga författningar, Brott mot trafikbrottslagen","Brott mot specialstraffrättsliga författningar, Brott mot trafikbrottslagen, Övriga brott mot trafikbrottslagen (3 § 2 och 3 st §)",,,False
11715,"Brott mot specialstraffrättsliga författningar, Jaktlagen (43-44, 46 §), Illegal rovdjursjakt (varg, björn, järv, lodjur och kungsörn)",3,11714.0,"Brott mot specialstraffrättsliga författningar, Jaktlagen (43-44, 46 §)",Brott mot specialstraffrättsliga författningar,"Brott mot specialstraffrättsliga författningar, Jaktlagen (43-44, 46 §)","Brott mot specialstraffrättsliga författningar, Jaktlagen (43-44, 46 §), Illegal rovdjursjakt (varg, björn, järv, lodjur och kungsörn)",,,False
11716,"Brott mot specialstraffrättsliga författningar, Jaktlagen (43-44, 46 §), Övriga brott mot jaktlagen",3,11714.0,"Brott mot specialstraffrättsliga författningar, Jaktlagen (43-44, 46 §)",Brott mot specialstraffrättsliga författningar,"Brott mot specialstraffrättsliga författningar, Jaktlagen (43-44, 46 §)","Brott mot specialstraffrättsliga författningar, Jaktlagen (43-44, 46 §), Övriga brott mot jaktlagen",,,False
14922,"Brott mot specialstraffrättsliga författningar, Lag om förbud mot könsstympning av kvinnor och oskuldsingrepp på kvinnor, Könsstympning mot flicka under 18 år (2 §)",3,13097.0,"Brott mot specialstraffrättsliga författningar, Lag om förbud mot könsstympning av kvinnor och oskuldsingrepp på kvinnor",Brott mot specialstraffrättsliga författningar,"Brott mot specialstraffrättsliga författningar, Lag om förbud mot könsstympning av kvinnor och oskuldsingrepp på kvinnor","Brott mot specialstraffrättsliga författningar, Lag om förbud mot könsstympning av kvinnor och oskuldsingrepp på kvinnor, Könsstympning mot flicka under 18 år (2 §)",,,False
14923,"Brott mot specialstraffrättsliga författningar, Lag om förbud mot könsstympning av kvinnor och oskuldsingrepp på kvinnor, Könsstympning mot kvinna 18 år eller äldre (2 §)",3,13097.0,"Brott mot specialstraffrättsliga författningar, Lag om förbud mot könsstympning av kvinnor och oskuldsingrepp på kvinnor",Brott mot specialstraffrättsliga författningar,"Brott mot specialstraffrättsliga författningar, Lag om förbud mot könsstympning av kvinnor och oskuldsingrepp på kvinnor","Brott mot specialstraffrättsliga författningar, Lag om förbud mot könsstympning av kvinnor och oskuldsingrepp på kvinnor, Könsstympning mot kvinna 18 år eller äldre (2 §)",,,False
14924,"Brott mot specialstraffrättsliga författningar, Lag om förbud mot könsstympning av kvinnor och oskuldsingrepp på kvinnor, Oskuldsingrepp mot flicka under 18 år (3 §)",3,13097.0,"Brott mot specialstraffrättsliga författningar, Lag om förbud mot könsstympning av kvinnor och oskuldsingrepp på kvinnor",Brott mot specialstraffrättsliga författningar,"Brott mot specialstraffrättsliga författningar, Lag om förbud mot könsstympning av kvinnor och oskuldsingrepp på kvinnor","Brott mot specialstraffrättsliga författningar, Lag om förbud mot könsstympning av kvinnor och oskuldsingrepp på kvinnor, Oskuldsingrepp mot flicka under 18 år (3 §)",,,False
14925,"Brott mot specialstraffrättsliga författningar, Lag om förbud mot könsstympning av kvinnor och oskuldsingrepp på kvinnor, Oskuldsingrepp mot kvinna 18 år eller äldre (3 §)",3,13097.0,"Brott mot specialstraffrättsliga författningar, Lag om förbud mot könsstympning av kvinnor och oskuldsingrepp på kvinnor",Brott mot specialstraffrättsliga författningar,"Brott mot specialstraffrättsliga författningar, Lag om förbud mot könsstympning av kvinnor och oskuldsingrepp på kvinnor","Brott mot specialstraffrättsliga författningar, Lag om förbud mot könsstympning av kvinnor och oskuldsingrepp på kvinnor, Oskuldsingrepp mot kvinna 18 år eller äldre (3 §)",,,False
11847,"Brott mot specialstraffrättsliga författningar, Lag om kontaktförbud/besöksförbud, Hindrande av elektronisk övervakning (25 §)",3,11724.0,"Brott mot specialstraffrättsliga författningar, Lag om kontaktförbud/besöksförbud",Brott mot specialstraffrättsliga författningar,"Brott mot specialstraffrättsliga författningar, Lag om kontaktförbud/besöksförbud","Brott mot specialstraffrättsliga författningar, Lag om kontaktförbud/besöksförbud, Hindrande av elektronisk övervakning (25 §)",,,False
11846,"Brott mot specialstraffrättsliga författningar, Lag om kontaktförbud/besöksförbud, Överträdelse av kontaktförbud (24 §)",3,11724.0,"Brott mot specialstraffrättsliga författningar, Lag om kontaktförbud/besöksförbud",Brott mot specialstraffrättsliga författningar,"Brott mot specialstraffrättsliga författningar, Lag om kontaktförbud/besöksförbud","Brott mot specialstraffrättsliga författningar, Lag om kontaktförbud/besöksförbud, Överträdelse av kontaktförbud (24 §)",,,False
13927,"Brott mot specialstraffrättsliga författningar, Lag om kontaktförbud/besöksförbud, Överträdelse av kontaktförbud (24 §), Med elektronisk övervakning",3,11724.0,"Brott mot specialstraffrättsliga författningar, Lag om kontaktförbud/besöksförbud",Brott mot specialstraffrättsliga författningar,"Brott mot specialstraffrättsliga författningar, Lag om kontaktförbud/besöksförbud","Brott mot specialstraffrättsliga författningar, Lag om kontaktförbud/besöksförbud, Överträdelse av kontaktförbud (24 §), Med elektronisk övervakning",,,False
13928,"Brott mot specialstraffrättsliga författningar, Lag om kontaktförbud/besöksförbud, Överträdelse av kontaktförbud (24 §), Utan elektronisk övervakning",3,11724.0,"Brott mot specialstraffrättsliga författningar, Lag om kontaktförbud/besöksförbud",Brott mot specialstraffrättsliga författningar,"Brott mot specialstraffrättsliga författningar, Lag om kontaktförbud/besöksförbud","Brott mot specialstraffrättsliga författningar, Lag om kontaktförbud/besöksförbud, Överträdelse av kontaktförbud (24 §), Utan elektronisk övervakning",,,False
14400,"Brott mot specialstraffrättsliga författningar, Lag om kontaktförbud/besöksförbud, Överträdelse av kontaktförbud (24 §), Utan elektronisk övervakning, Mot barn under 18 år",3,11724.0,"Brott mot specialstraffrättsliga författningar, Lag om kontaktförbud/besöksförbud",Brott mot specialstraffrättsliga författningar,"Brott mot specialstraffrättsliga författningar, Lag om kontaktförbud/besöksförbud","Brott mot specialstraffrättsliga författningar, Lag om kontaktförbud/besöksförbud, Överträdelse av kontaktförbud (24 §), Utan elektronisk övervakning, Mot barn under 18 år",,,False
14418,"Brott mot specialstraffrättsliga författningar, Lag om kontaktförbud/besöksförbud, Överträdelse av kontaktförbud (24 §), Utan elektronisk övervakning, Mot barn under 18 år, Mot flicka under 18 år",3,11724.0,"Brott mot specialstraffrättsliga författningar, Lag om kontaktförbud/besöksförbud",Brott mot specialstraffrättsliga författningar,"Brott mot specialstraffrättsliga författningar, Lag om kontaktförbud/besöksförbud","Brott mot specialstraffrättsliga författningar, Lag om kontaktförbud/besöksförbud, Överträdelse av kontaktförbud (24 §), Utan elektronisk övervakning, Mot barn under 18 år, Mot flicka under 18 år",,,False
14419,"Brott mot specialstraffrättsliga författningar, Lag om kontaktförbud/besöksförbud, Överträdelse av kontaktförbud (24 §), Utan elektronisk övervakning, Mot barn under 18 år, Mot pojke under 18 år",3,11724.0,"Brott mot specialstraffrättsliga författningar, Lag om kontaktförbud/besöksförbud",Brott mot specialstraffrättsliga författningar,"Brott mot specialstraffrättsliga författningar, Lag om kontaktförbud/besöksförbud","Brott mot specialstraffrättsliga författningar, Lag om kontaktförbud/besöksförbud, Överträdelse av kontaktförbud (24 §), Utan elektronisk övervakning, Mot barn under 18 år, Mot pojke under 18 år",,,False
14403,"Brott mot specialstraffrättsliga författningar, Lag om kontaktförbud/besöksförbud, Överträdelse av kontaktförbud (24 §), Utan elektronisk övervakning, Mot kvinna 18 år eller äldre",3,11724.0,"Brott mot specialstraffrättsliga författningar, Lag om kontaktförbud/besöksförbud",Brott mot specialstraffrättsliga författningar,"Brott mot specialstraffrättsliga författningar, Lag om kontaktförbud/besöksförbud","Brott mot specialstraffrättsliga författningar, Lag om kontaktförbud/besöksförbud, Överträdelse av kontaktförbud (24 §), Utan elektronisk övervakning, Mot kvinna 18 år eller äldre",,,False
14412,"Brott mot specialstraffrättsliga författningar, Lag om kontaktförbud/besöksförbud, Överträdelse av kontaktförbud (24 §), Utan elektronisk övervakning, Mot kvinna 18 år eller äldre, Annan slags relation eller bekantskap",3,11724.0,"Brott mot specialstraffrättsliga författningar, Lag om kontaktförbud/besöksförbud",Brott mot specialstraffrättsliga författningar,"Brott mot specialstraffrättsliga författningar, Lag om kontaktförbud/besöksförbud","Brott mot specialstraffrättsliga författningar, Lag om kontaktförbud/besöksförbud, Överträdelse av kontaktförbud (24 §), Utan elektronisk övervakning, Mot kvinna 18 år eller äldre, Annan slags relation eller bekantskap",,,False
14410,"Brott mot specialstraffrättsliga författningar, Lag om kontaktförbud/besöksförbud, Överträdelse av kontaktförbud (24 §), Utan elektronisk övervakning, Mot kvinna 18 år eller äldre, Närstående genom parrelation",3,11724.0,"Brott mot specialstraffrättsliga författningar, Lag om kontaktförbud/besöksförbud",Brott mot specialstraffrättsliga författningar,"Brott mot specialstraffrättsliga författningar, Lag om kontaktförbud/besöksförbud","Brott mot specialstraffrättsliga författningar, Lag om kontaktförbud/besöksförbud, Överträdelse av kontaktförbud (24 §), Utan elektronisk övervakning, Mot kvinna 18 år eller äldre, Närstående genom parrelation",,,False
14411,"Brott mot specialstraffrättsliga författningar, Lag om kontaktförbud/besöksförbud, Överträdelse av kontaktförbud (24 §), Utan elektronisk övervakning, Mot kvinna 18 år eller äldre, Närstående genom släktskap/familj",3,11724.0,"Brott mot specialstraffrättsliga författningar, Lag om kontaktförbud/besöksförbud",Brott mot specialstraffrättsliga författningar,"Brott mot specialstraffrättsliga författningar, Lag om kontaktförbud/besöksförbud","Brott mot specialstraffrättsliga författningar, Lag om kontaktförbud/besöksförbud, Överträdelse av kontaktförbud (24 §), Utan elektronisk övervakning, Mot kvinna 18 år eller äldre, Närstående genom släktskap/familj",,,False
14413,"Brott mot specialstraffrättsliga författningar, Lag om kontaktförbud/besöksförbud, Överträdelse av kontaktförbud (24 §), Utan elektronisk övervakning, Mot kvinna 18 år eller äldre, Obekanta",3,11724.0,"Brott mot specialstraffrättsliga författningar, Lag om kontaktförbud/besöksförbud",Brott mot specialstraffrättsliga författningar,"Brott mot specialstraffrättsliga författningar, Lag om kontaktförbud/besöksförbud","Brott mot specialstraffrättsliga författningar, Lag om kontaktförbud/besöksförbud, Överträdelse av kontaktförbud (24 §), Utan elektronisk övervakning, Mot kvinna 18 år eller äldre, Obekanta",,,False
14404,"Brott mot specialstraffrättsliga författningar, Lag om kontaktförbud/besöksförbud, Överträdelse av kontaktförbud (24 §), Utan elektronisk övervakning, Mot man 18 år eller äldre",3,11724.0,"Brott mot specialstraffrättsliga författningar, Lag om kontaktförbud/besöksförbud",Brott mot specialstraffrättsliga författningar,"Brott mot specialstraffrättsliga författningar, Lag om kontaktförbud/besöksförbud","Brott mot specialstraffrättsliga författningar, Lag om kontaktförbud/besöksförbud, Överträdelse av kontaktförbud (24 §), Utan elektronisk övervakning, Mot man 18 år eller äldre",,,False
14408,"Brott mot specialstraffrättsliga författningar, Lag om kontaktförbud/besöksförbud, Överträdelse av kontaktförbud (24 §), Utan elektronisk övervakning, Mot man 18 år eller äldre, Annan slags relation eller bekantskap",3,11724.0,"Brott mot specialstraffrättsliga författningar, Lag om kontaktförbud/besöksförbud",Brott mot specialstraffrättsliga författningar,"Brott mot specialstraffrättsliga författningar, Lag om kontaktförbud/besöksförbud","Brott mot specialstraffrättsliga författningar, Lag om kontaktförbud/besöksförbud, Överträdelse av kontaktförbud (24 §), Utan elektronisk övervakning, Mot man 18 år eller äldre, Annan slags relation eller bekantskap",,,False
14406,"Brott mot specialstraffrättsliga författningar, Lag om kontaktförbud/besöksförbud, Överträdelse av kontaktförbud (24 §), Utan elektronisk övervakning, Mot man 18 år eller äldre, Närstående genom parrelation",3,11724.0,"Brott mot specialstraffrättsliga författningar, Lag om kontaktförbud/besöksförbud",Brott mot specialstraffrättsliga författningar,"Brott mot specialstraffrättsliga författningar, Lag om kontaktförbud/besöksförbud","Brott mot specialstraffrättsliga författningar, Lag om kontaktförbud/besöksförbud, Överträdelse av kontaktförbud (24 §), Utan elektronisk övervakning, Mot man 18 år eller äldre, Närstående genom parrelation",,,False
14407,"Brott mot specialstraffrättsliga författningar, Lag om kontaktförbud/besöksförbud, Överträdelse av kontaktförbud (24 §), Utan elektronisk övervakning, Mot man 18 år eller äldre, Närstående genom släktskap/familj",3,11724.0,"Brott mot specialstraffrättsliga författningar, Lag om kontaktförbud/besöksförbud",Brott mot specialstraffrättsliga författningar,"Brott mot specialstraffrättsliga författningar, Lag om kontaktförbud/besöksförbud","Brott mot specialstraffrättsliga författningar, Lag om kontaktförbud/besöksförbud, Överträdelse av kontaktförbud (24 §), Utan elektronisk övervakning, Mot man 18 år eller äldre, Närstående genom släktskap/familj",,,False
14409,"Brott mot specialstraffrättsliga författningar, Lag om kontaktförbud/besöksförbud, Överträdelse av kontaktförbud (24 §), Utan elektronisk övervakning, Mot man 18 år eller äldre, Obekanta",3,11724.0,"Brott mot specialstraffrättsliga författningar, Lag om kontaktförbud/besöksförbud",Brott mot specialstraffrättsliga författningar,"Brott mot specialstraffrättsliga författningar, Lag om kontaktförbud/besöksförbud","Brott mot specialstraffrättsliga författningar, Lag om kontaktförbud/besöksförbud, Överträdelse av kontaktförbud (24 §), Utan elektronisk övervakning, Mot man 18 år eller äldre, Obekanta",,,False
14425,"Brott mot specialstraffrättsliga författningar, Lag om straff för folkmord, brott mot mänskligheten och krigsförbrytelser, Brott mot mänskligheten",3,11732.0,"Brott mot specialstraffrättsliga författningar, Lag om straff för folkmord, brott mot mänskligheten och krigsförbrytelser",Brott mot specialstraffrättsliga författningar,"Brott mot specialstraffrättsliga författningar, Lag om straff för folkmord, brott mot mänskligheten och krigsförbrytelser","Brott mot specialstraffrättsliga författningar, Lag om straff för folkmord, brott mot mänskligheten och krigsförbrytelser, Brott mot mänskligheten",,,False
14424,"Brott mot specialstraffrättsliga författningar, Lag om straff för folkmord, brott mot mänskligheten och krigsförbrytelser, Folkmord",3,11732.0,"Brott mot specialstraffrättsliga författningar, Lag om straff för folkmord, brott mot mänskligheten och krigsförbrytelser",Brott mot specialstraffrättsliga författningar,"Brott mot specialstraffrättsliga författningar, Lag om straff för folkmord, brott mot mänskligheten och krigsförbrytelser","Brott mot specialstraffrättsliga författningar, Lag om straff för folkmord, brott mot mänskligheten och krigsförbrytelser, Folkmord",,,False
14426,"Brott mot specialstraffrättsliga författningar, Lag om straff för folkmord, brott mot mänskligheten och krigsförbrytelser, Krigsförbrytelse inkl. grov",3,11732.0,"Brott mot specialstraffrättsliga författningar, Lag om straff för folkmord, brott mot mänskligheten och krigsförbrytelser",Brott mot specialstraffrättsliga författningar,"Brott mot specialstraffrättsliga författningar, Lag om straff för folkmord, brott mot mänskligheten och krigsförbrytelser","Brott mot specialstraffrättsliga författningar, Lag om straff för folkmord, brott mot mänskligheten och krigsförbrytelser, Krigsförbrytelse inkl. grov",,,False
14427,"Brott mot specialstraffrättsliga författningar, Lag om straff för folkmord, brott mot mänskligheten och krigsförbrytelser, Övriga brott mot lag om straff för folkmord, brott mot mänskligheten och krigsförbrytelser",3,11732.0,"Brott mot specialstraffrättsliga författningar, Lag om straff för folkmord, brott mot mänskligheten och krigsförbrytelser",Brott mot specialstraffrättsliga författningar,"Brott mot specialstraffrättsliga författningar, Lag om straff för folkmord, brott mot mänskligheten och krigsförbrytelser","Brott mot specialstraffrättsliga författningar, Lag om straff för folkmord, brott mot mänskligheten och krigsförbrytelser, Övriga brott mot lag om straff för folkmord, brott mot mänskligheten och krigsförbrytelser",,,False
13121,"Brott mot specialstraffrättsliga författningar, Lag om straff för marknadsmissbruk (t.o.m. 2017), Insiderbrott m.m. (2-4, 7 §)",3,13120.0,"Brott mot specialstraffrättsliga författningar, Lag om straff för marknadsmissbruk (t.o.m. 2017)",Brott mot specialstraffrättsliga författningar,"Brott mot specialstraffrättsliga författningar, Lag om straff för marknadsmissbruk (t.o.m. 2017)","Brott mot specialstraffrättsliga författningar, Lag om straff för marknadsmissbruk (t.o.m. 2017), Insiderbrott m.m. (2-4, 7 §)",,,False
13122,"Brott mot specialstraffrättsliga författningar, Lag om straff för marknadsmissbruk (t.o.m. 2017), Marknadsmissbruk (8 §)",3,13120.0,"Brott mot specialstraffrättsliga författningar, Lag om straff för marknadsmissbruk (t.o.m. 2017)",Brott mot specialstraffrättsliga författningar,"Brott mot specialstraffrättsliga författningar, Lag om straff för marknadsmissbruk (t.o.m. 2017)","Brott mot specialstraffrättsliga författningar, Lag om straff för marknadsmissbruk (t.o.m. 2017), Marknadsmissbruk (8 §)",,,False
13123,"Brott mot specialstraffrättsliga författningar, Lag om straff för marknadsmissbruk (t.o.m. 2017), Rapporteringsskyldighet, åsidosättande (13 §)",3,13120.0,"Brott mot specialstraffrättsliga författningar, Lag om straff för marknadsmissbruk (t.o.m. 2017)",Brott mot specialstraffrättsliga författningar,"Brott mot specialstraffrättsliga författningar, Lag om straff för marknadsmissbruk (t.o.m. 2017)","Brott mot specialstraffrättsliga författningar, Lag om straff för marknadsmissbruk (t.o.m. 2017), Rapporteringsskyldighet, åsidosättande (13 §)",,,False
5067,"Brott mot specialstraffrättsliga författningar, Lag om straff för marknadsmissbruk på värdepappersmarknaden, Insiderbrott, inkl. grovt (1, 7 §)",3,5066.0,"Brott mot specialstraffrättsliga författningar, Lag om straff för marknadsmissbruk på värdepappersmarknaden",Brott mot specialstraffrättsliga författningar,"Brott mot specialstraffrättsliga författningar, Lag om straff för marknadsmissbruk på värdepappersmarknaden","Brott mot specialstraffrättsliga författningar, Lag om straff för marknadsmissbruk på värdepappersmarknaden, Insiderbrott, inkl. grovt (1, 7 §)",,,False
5069,"Brott mot specialstraffrättsliga författningar, Lag om straff för marknadsmissbruk på värdepappersmarknaden, Marknadsmanipulation, inkl. grov (4, 7 §)",3,5066.0,"Brott mot specialstraffrättsliga författningar, Lag om straff för marknadsmissbruk på värdepappersmarknaden",Brott mot specialstraffrättsliga författningar,"Brott mot specialstraffrättsliga författningar, Lag om straff för marknadsmissbruk på värdepappersmarknaden","Brott mot specialstraffrättsliga författningar, Lag om straff för marknadsmissbruk på värdepappersmarknaden, Marknadsmanipulation, inkl. grov (4, 7 §)",,,False
5068,"Brott mot specialstraffrättsliga författningar, Lag om straff för marknadsmissbruk på värdepappersmarknaden, Obehörigt röjande av insiderinformation (3 §)",3,5066.0,"Brott mot specialstraffrättsliga författningar, Lag om straff för marknadsmissbruk på värdepappersmarknaden",Brott mot specialstraffrättsliga författningar,"Brott mot specialstraffrättsliga författningar, Lag om straff för marknadsmissbruk på värdepappersmarknaden","Brott mot specialstraffrättsliga författningar, Lag om straff för marknadsmissbruk på värdepappersmarknaden, Obehörigt röjande av insiderinformation (3 §)",,,False
13096,"Brott mot specialstraffrättsliga författningar, Lag om straff för penningtvättsbrott, Näringspenningtvätt (7 § 1-3 st.)",3,13092.0,"Brott mot specialstraffrättsliga författningar, Lag om straff för penningtvättsbrott",Brott mot specialstraffrättsliga författningar,"Brott mot specialstraffrättsliga författningar, Lag om straff för penningtvättsbrott","Brott mot specialstraffrättsliga författningar, Lag om straff för penningtvättsbrott, Näringspenningtvätt (7 § 1-3 st.)",,,False
13093,"Brott mot specialstraffrättsliga författningar, Lag om straff för penningtvättsbrott, Penningtvättsbrott (3-4 §)",3,13092.0,"Brott mot specialstraffrättsliga författningar, Lag om straff för penningtvättsbrott",Brott mot specialstraffrättsliga författningar,"Brott mot specialstraffrättsliga författningar, Lag om straff för penningtvättsbrott","Brott mot specialstraffrättsliga författningar, Lag om straff för penningtvättsbrott, Penningtvättsbrott (3-4 §)",,,False
13094,"Brott mot specialstraffrättsliga författningar, Lag om straff för penningtvättsbrott, Penningtvättsbrott, grovt brott (5 §)",3,13092.0,"Brott mot specialstraffrättsliga författningar, Lag om straff för penningtvättsbrott",Brott mot specialstraffrättsliga författningar,"Brott mot specialstraffrättsliga författningar, Lag om straff för penningtvättsbrott","Brott mot specialstraffrättsliga författningar, Lag om straff för penningtvättsbrott, Penningtvättsbrott, grovt brott (5 §)",,,False
13095,"Brott mot specialstraffrättsliga författningar, Lag om straff för penningtvättsbrott, Penningtvättsförseelse (6 §)",3,13092.0,"Brott mot specialstraffrättsliga författningar, Lag om straff för penningtvättsbrott",Brott mot specialstraffrättsliga författningar,"Brott mot specialstraffrättsliga författningar, Lag om straff för penningtvättsbrott","Brott mot specialstraffrättsliga författningar, Lag om straff för penningtvättsbrott, Penningtvättsförseelse (6 §)",,,False
11696,"Brott mot specialstraffrättsliga författningar, Lag om straff för smuggling (3-14 §) , Narkotikasmuggling/olovlig in- och utförsel av narkotika (6, 7 §) ",3,11694.0,"Brott mot specialstraffrättsliga författningar, Lag om straff för smuggling (3-14 §) ",Brott mot specialstraffrättsliga författningar,"Brott mot specialstraffrättsliga författningar, Lag om straff för smuggling (3-14 §) ","Brott mot specialstraffrättsliga författningar, Lag om straff för smuggling (3-14 §) , Narkotikasmuggling/olovlig in- och utförsel av narkotika (6, 7 §) ",,,False
11698,"Brott mot specialstraffrättsliga författningar, Lag om straff för smuggling (3-14 §) , Olovlig befattning med smuggelgods (12-13 §)",3,11694.0,"Brott mot specialstraffrättsliga författningar, Lag om straff för smuggling (3-14 §) ",Brott mot specialstraffrättsliga författningar,"Brott mot specialstraffrättsliga författningar, Lag om straff för smuggling (3-14 §) ","Brott mot specialstraffrättsliga författningar, Lag om straff för smuggling (3-14 §) , Olovlig befattning med smuggelgods (12-13 §)",,,False
14502,"Brott mot specialstraffrättsliga författningar, Lag om straff för smuggling (3-14 §) , Smuggling av explosiv vara, olovlig in- och utförsel (6 b, 7 §)",3,11694.0,"Brott mot specialstraffrättsliga författningar, Lag om straff för smuggling (3-14 §) ",Brott mot specialstraffrättsliga författningar,"Brott mot specialstraffrättsliga författningar, Lag om straff för smuggling (3-14 §) ","Brott mot specialstraffrättsliga författningar, Lag om straff för smuggling (3-14 §) , Smuggling av explosiv vara, olovlig in- och utförsel (6 b, 7 §)",,,False
11695,"Brott mot specialstraffrättsliga författningar, Lag om straff för smuggling (3-14 §) , Smugglingsbrott/olovlig in- och utförsel (ej narkotika) (3-5, 7 §)",3,11694.0,"Brott mot specialstraffrättsliga författningar, Lag om straff för smuggling (3-14 §) ",Brott mot specialstraffrättsliga författningar,"Brott mot specialstraffrättsliga författningar, Lag om straff för smuggling (3-14 §) ","Brott mot specialstraffrättsliga författningar, Lag om straff för smuggling (3-14 §) , Smugglingsbrott/olovlig in- och utförsel (ej narkotika) (3-5, 7 §)",,,False
11697,"Brott mot specialstraffrättsliga författningar, Lag om straff för smuggling (3-14 §) , Tullbrott och vårdslös tullredovisning (8-11 §)",3,11694.0,"Brott mot specialstraffrättsliga författningar, Lag om straff för smuggling (3-14 §) ",Brott mot specialstraffrättsliga författningar,"Brott mot specialstraffrättsliga författningar, Lag om straff för smuggling (3-14 §) ","Brott mot specialstraffrättsliga författningar, Lag om straff för smuggling (3-14 §) , Tullbrott och vårdslös tullredovisning (8-11 §)",,,False
14500,"Brott mot specialstraffrättsliga författningar, Lag om straff för smuggling (3-14 §) , Vapensmuggling, olovlig in- och utförsel (6 a, 7 §)",3,11694.0,"Brott mot specialstraffrättsliga författningar, Lag om straff för smuggling (3-14 §) ",Brott mot specialstraffrättsliga författningar,"Brott mot specialstraffrättsliga författningar, Lag om straff för smuggling (3-14 §) ","Brott mot specialstraffrättsliga författningar, Lag om straff för smuggling (3-14 §) , Vapensmuggling, olovlig in- och utförsel (6 a, 7 §)",,,False
14691,"Brott mot specialstraffrättsliga författningar, Lag om straff för smuggling (3-14 §) , Vapensmuggling, olovlig in- och utförsel (6 a, 7 §), Av annat vapen ",3,11694.0,"Brott mot specialstraffrättsliga författningar, Lag om straff för smuggling (3-14 §) ",Brott mot specialstraffrättsliga författningar,"Brott mot specialstraffrättsliga författningar, Lag om straff för smuggling (3-14 §) ","Brott mot specialstraffrättsliga författningar, Lag om straff för smuggling (3-14 §) , Vapensmuggling, olovlig in- och utförsel (6 a, 7 §), Av annat vapen ",,,False
14694,"Brott mot specialstraffrättsliga författningar, Lag om straff för smuggling (3-14 §) , Vapensmuggling, olovlig in- och utförsel (6 a, 7 §), Av automatvapen (inkl. kulsprutepistol) ",3,11694.0,"Brott mot specialstraffrättsliga författningar, Lag om straff för smuggling (3-14 §) ",Brott mot specialstraffrättsliga författningar,"Brott mot specialstraffrättsliga författningar, Lag om straff för smuggling (3-14 §) ","Brott mot specialstraffrättsliga författningar, Lag om straff för smuggling (3-14 §) , Vapensmuggling, olovlig in- och utförsel (6 a, 7 §), Av automatvapen (inkl. kulsprutepistol) ",,,False
14693,"Brott mot specialstraffrättsliga författningar, Lag om straff för smuggling (3-14 §) , Vapensmuggling, olovlig in- och utförsel (6 a, 7 §), Av jaktvapen ",3,11694.0,"Brott mot specialstraffrättsliga författningar, Lag om straff för smuggling (3-14 §) ",Brott mot specialstraffrättsliga författningar,"Brott mot specialstraffrättsliga författningar, Lag om straff för smuggling (3-14 §) ","Brott mot specialstraffrättsliga författningar, Lag om straff för smuggling (3-14 §) , Vapensmuggling, olovlig in- och utförsel (6 a, 7 §), Av jaktvapen ",,,False
14695,"Brott mot specialstraffrättsliga författningar, Lag om straff för smuggling (3-14 §) , Vapensmuggling, olovlig in- och utförsel (6 a, 7 §), Av pistol, revolver start-, signalvapen och tårgasvapen",3,11694.0,"Brott mot specialstraffrättsliga författningar, Lag om straff för smuggling (3-14 §) ",Brott mot specialstraffrättsliga författningar,"Brott mot specialstraffrättsliga författningar, Lag om straff för smuggling (3-14 §) ","Brott mot specialstraffrättsliga författningar, Lag om straff för smuggling (3-14 §) , Vapensmuggling, olovlig in- och utförsel (6 a, 7 §), Av pistol, revolver start-, signalvapen och tårgasvapen",,,False
13037,"Brott mot specialstraffrättsliga författningar, Lagen om förbud mot vissa dopningsmedel (3 §), Eget bruk (2-3 a §)",3,11726.0,"Brott mot specialstraffrättsliga författningar, Lagen om förbud mot vissa dopningsmedel (3 §)",Brott mot specialstraffrättsliga författningar,"Brott mot specialstraffrättsliga författningar, Lagen om förbud mot vissa dopningsmedel (3 §)","Brott mot specialstraffrättsliga författningar, Lagen om förbud mot vissa dopningsmedel (3 §), Eget bruk (2-3 a §)",,,False
13038,"Brott mot specialstraffrättsliga författningar, Lagen om förbud mot vissa dopningsmedel (3 §), Framställning (2-3 a §)",3,11726.0,"Brott mot specialstraffrättsliga författningar, Lagen om förbud mot vissa dopningsmedel (3 §)",Brott mot specialstraffrättsliga författningar,"Brott mot specialstraffrättsliga författningar, Lagen om förbud mot vissa dopningsmedel (3 §)","Brott mot specialstraffrättsliga författningar, Lagen om förbud mot vissa dopningsmedel (3 §), Framställning (2-3 a §)",,,False
13036,"Brott mot specialstraffrättsliga författningar, Lagen om förbud mot vissa dopningsmedel (3 §), Innehav (2-3 a §)",3,11726.0,"Brott mot specialstraffrättsliga författningar, Lagen om förbud mot vissa dopningsmedel (3 §)",Brott mot specialstraffrättsliga författningar,"Brott mot specialstraffrättsliga författningar, Lagen om förbud mot vissa dopningsmedel (3 §)","Brott mot specialstraffrättsliga författningar, Lagen om förbud mot vissa dopningsmedel (3 §), Innehav (2-3 a §)",,,False
13035,"Brott mot specialstraffrättsliga författningar, Lagen om förbud mot vissa dopningsmedel (3 §), Överlåtelse m.m. (2-3 a §)",3,11726.0,"Brott mot specialstraffrättsliga författningar, Lagen om förbud mot vissa dopningsmedel (3 §)",Brott mot specialstraffrättsliga författningar,"Brott mot specialstraffrättsliga författningar, Lagen om förbud mot vissa dopningsmedel (3 §)","Brott mot specialstraffrättsliga författningar, Lagen om förbud mot vissa dopningsmedel (3 §), Överlåtelse m.m. (2-3 a §)",,,False
11730,"Brott mot specialstraffrättsliga författningar, Sjölagen (20 kap.), Sjöfylleri (4, 5 §)",3,11729.0,"Brott mot specialstraffrättsliga författningar, Sjölagen (20 kap.)",Brott mot specialstraffrättsliga författningar,"Brott mot specialstraffrättsliga författningar, Sjölagen (20 kap.)","Brott mot specialstraffrättsliga författningar, Sjölagen (20 kap.), Sjöfylleri (4, 5 §)",,,False
11731,"Brott mot specialstraffrättsliga författningar, Sjölagen (20 kap.), Övriga brott mot sjölagen (1, 2, 6-9 §)",3,11729.0,"Brott mot specialstraffrättsliga författningar, Sjölagen (20 kap.)",Brott mot specialstraffrättsliga författningar,"Brott mot specialstraffrättsliga författningar, Sjölagen (20 kap.)","Brott mot specialstraffrättsliga författningar, Sjölagen (20 kap.), Övriga brott mot sjölagen (1, 2, 6-9 §)",,,False
13924,"Brott mot specialstraffrättsliga författningar, Spellag (19 kap.), Främjande av olovligt spel inkl. grovt (2 §)",3,13922.0,"Brott mot specialstraffrättsliga författningar, Spellag (19 kap.)",Brott mot specialstraffrättsliga författningar,"Brott mot specialstraffrättsliga författningar, Spellag (19 kap.)","Brott mot specialstraffrättsliga författningar, Spellag (19 kap.), Främjande av olovligt spel inkl. grovt (2 §)",,,False
13923,"Brott mot specialstraffrättsliga författningar, Spellag (19 kap.), Olovlig spelverksamhet inkl. grovt (1 §)",3,13922.0,"Brott mot specialstraffrättsliga författningar, Spellag (19 kap.)",Brott mot specialstraffrättsliga författningar,"Brott mot specialstraffrättsliga författningar, Spellag (19 kap.)","Brott mot specialstraffrättsliga författningar, Spellag (19 kap.), Olovlig spelverksamhet inkl. grovt (1 §)",,,False
13925,"Brott mot specialstraffrättsliga författningar, Spellag (19 kap.), Spelfusk inkl. grovt (4 §)",3,13922.0,"Brott mot specialstraffrättsliga författningar, Spellag (19 kap.)",Brott mot specialstraffrättsliga författningar,"Brott mot specialstraffrättsliga författningar, Spellag (19 kap.)","Brott mot specialstraffrättsliga författningar, Spellag (19 kap.), Spelfusk inkl. grovt (4 §)",,,False
14964,"Brott mot specialstraffrättsliga författningar, Subventionsbrottslag (2025:1267), Subventionsbrott (4-7 §)",3,14963.0,"Brott mot specialstraffrättsliga författningar, Subventionsbrottslag (2025:1267)",Brott mot specialstraffrättsliga författningar,"Brott mot specialstraffrättsliga författningar, Subventionsbrottslag (2025:1267)","Brott mot specialstraffrättsliga författningar, Subventionsbrottslag (2025:1267), Subventionsbrott (4-7 §)",,,False
14966,"Brott mot specialstraffrättsliga författningar, Subventionsbrottslag (2025:1267), Subventionsmissbruk med EU-stöd (8-9 §)",3,14963.0,"Brott mot specialstraffrättsliga författningar, Subventionsbrottslag (2025:1267)",Brott mot specialstraffrättsliga författningar,"Brott mot specialstraffrättsliga författningar, Subventionsbrottslag (2025:1267)","Brott mot specialstraffrättsliga författningar, Subventionsbrottslag (2025:1267), Subventionsmissbruk med EU-stöd (8-9 §)",,,False
14965,"Brott mot specialstraffrättsliga författningar, Subventionsbrottslag (2025:1267), Subventionsmissbruk med företagsstöd (8-9 §)",3,14963.0,"Brott mot specialstraffrättsliga författningar, Subventionsbrottslag (2025:1267)",Brott mot specialstraffrättsliga författningar,"Brott mot specialstraffrättsliga författningar, Subventionsbrottslag (2025:1267)","Brott mot specialstraffrättsliga författningar, Subventionsbrottslag (2025:1267), Subventionsmissbruk med företagsstöd (8-9 §)",,,False
5080,"Brott mot specialstraffrättsliga författningar, Utlänningslagen (20 kap.), Har utlänning anställd som inte har rätt att vistas i Sverige eller saknar arb.tillst. (5 §)",3,11720.0,"Brott mot specialstraffrättsliga författningar, Utlänningslagen (20 kap.)",Brott mot specialstraffrättsliga författningar,"Brott mot specialstraffrättsliga författningar, Utlänningslagen (20 kap.)","Brott mot specialstraffrättsliga författningar, Utlänningslagen (20 kap.), Har utlänning anställd som inte har rätt att vistas i Sverige eller saknar arb.tillst. (5 §)",,,False
14506,"Brott mot specialstraffrättsliga författningar, Utlänningslagen (20 kap.), Hjälp till utlänning att olovligen uppehålla sig i Schengenstaterna (7 §)",3,11720.0,"Brott mot specialstraffrättsliga författningar, Utlänningslagen (20 kap.)",Brott mot specialstraffrättsliga författningar,"Brott mot specialstraffrättsliga författningar, Utlänningslagen (20 kap.)","Brott mot specialstraffrättsliga författningar, Utlänningslagen (20 kap.), Hjälp till utlänning att olovligen uppehålla sig i Schengenstaterna (7 §)",,,False
11721,"Brott mot specialstraffrättsliga författningar, Utlänningslagen (20 kap.), Människosmuggling (8 §) ",3,11720.0,"Brott mot specialstraffrättsliga författningar, Utlänningslagen (20 kap.)",Brott mot specialstraffrättsliga författningar,"Brott mot specialstraffrättsliga författningar, Utlänningslagen (20 kap.)","Brott mot specialstraffrättsliga författningar, Utlänningslagen (20 kap.), Människosmuggling (8 §) ",,,False
11722,"Brott mot specialstraffrättsliga författningar, Utlänningslagen (20 kap.), Organiserande av människosmuggling (9 §)",3,11720.0,"Brott mot specialstraffrättsliga författningar, Utlänningslagen (20 kap.)",Brott mot specialstraffrättsliga författningar,"Brott mot specialstraffrättsliga författningar, Utlänningslagen (20 kap.)","Brott mot specialstraffrättsliga författningar, Utlänningslagen (20 kap.), Organiserande av människosmuggling (9 §)",,,False
5079,"Brott mot specialstraffrättsliga författningar, Utlänningslagen (20 kap.), Uppehåller sig i Sverige trots beslut om utvisning (2 §)",3,11720.0,"Brott mot specialstraffrättsliga författningar, Utlänningslagen (20 kap.)",Brott mot specialstraffrättsliga författningar,"Brott mot specialstraffrättsliga författningar, Utlänningslagen (20 kap.)","Brott mot specialstraffrättsliga författningar, Utlänningslagen (20 kap.), Uppehåller sig i Sverige trots beslut om utvisning (2 §)",,,False
14507,"Brott mot specialstraffrättsliga författningar, Utlänningslagen (20 kap.), Övriga brott mot utlänningslagen (4, 6 §)",3,11720.0,"Brott mot specialstraffrättsliga författningar, Utlänningslagen (20 kap.)",Brott mot specialstraffrättsliga författningar,"Brott mot specialstraffrättsliga författningar, Utlänningslagen (20 kap.)","Brott mot specialstraffrättsliga författningar, Utlänningslagen (20 kap.), Övriga brott mot utlänningslagen (4, 6 §)",,,False
11723,"Brott mot specialstraffrättsliga författningar, Utlänningslagen (20 kap.), Övriga brott mot utlänningslagen (4, 6, 7 §)",3,11720.0,"Brott mot specialstraffrättsliga författningar, Utlänningslagen (20 kap.)",Brott mot specialstraffrättsliga författningar,"Brott mot specialstraffrättsliga författningar, Utlänningslagen (20 kap.)","Brott mot specialstraffrättsliga författningar, Utlänningslagen (20 kap.), Övriga brott mot utlänningslagen (4, 6, 7 §)",,,False
11712,"Brott mot specialstraffrättsliga författningar, Vapenlagen (9 kap. 1-2 §), Annat brott mot Vapenlagen (1 b, 2 §)",3,11708.0,"Brott mot specialstraffrättsliga författningar, Vapenlagen (9 kap. 1-2 §)",Brott mot specialstraffrättsliga författningar,"Brott mot specialstraffrättsliga författningar, Vapenlagen (9 kap. 1-2 §)","Brott mot specialstraffrättsliga författningar, Vapenlagen (9 kap. 1-2 §), Annat brott mot Vapenlagen (1 b, 2 §)",,,False
14698,"Brott mot specialstraffrättsliga författningar, Vapenlagen (9 kap. 1-2 §), Vapenbrott; innehav automatvapen (inkl. kulsprutepistol) (1 §)",3,11708.0,"Brott mot specialstraffrättsliga författningar, Vapenlagen (9 kap. 1-2 §)",Brott mot specialstraffrättsliga författningar,"Brott mot specialstraffrättsliga författningar, Vapenlagen (9 kap. 1-2 §)","Brott mot specialstraffrättsliga författningar, Vapenlagen (9 kap. 1-2 §), Vapenbrott; innehav automatvapen (inkl. kulsprutepistol) (1 §)",,,False
14701,"Brott mot specialstraffrättsliga författningar, Vapenlagen (9 kap. 1-2 §), Vapenbrott; innehav automatvapen (inkl. kulsprutepistol) (1 §), ej grovt brott",3,11708.0,"Brott mot specialstraffrättsliga författningar, Vapenlagen (9 kap. 1-2 §)",Brott mot specialstraffrättsliga författningar,"Brott mot specialstraffrättsliga författningar, Vapenlagen (9 kap. 1-2 §)","Brott mot specialstraffrättsliga författningar, Vapenlagen (9 kap. 1-2 §), Vapenbrott; innehav automatvapen (inkl. kulsprutepistol) (1 §), ej grovt brott",,,False
14699,"Brott mot specialstraffrättsliga författningar, Vapenlagen (9 kap. 1-2 §), Vapenbrott; innehav automatvapen (inkl. kulsprutepistol) (1 §), grovt brott, synnerligen grovt brott",3,11708.0,"Brott mot specialstraffrättsliga författningar, Vapenlagen (9 kap. 1-2 §)",Brott mot specialstraffrättsliga författningar,"Brott mot specialstraffrättsliga författningar, Vapenlagen (9 kap. 1-2 §)","Brott mot specialstraffrättsliga författningar, Vapenlagen (9 kap. 1-2 §), Vapenbrott; innehav automatvapen (inkl. kulsprutepistol) (1 §), grovt brott, synnerligen grovt brott",,,False
11711,"Brott mot specialstraffrättsliga författningar, Vapenlagen (9 kap. 1-2 §), Vapenbrott; innehav av annat vapen (1 §)",3,11708.0,"Brott mot specialstraffrättsliga författningar, Vapenlagen (9 kap. 1-2 §)",Brott mot specialstraffrättsliga författningar,"Brott mot specialstraffrättsliga författningar, Vapenlagen (9 kap. 1-2 §)","Brott mot specialstraffrättsliga författningar, Vapenlagen (9 kap. 1-2 §), Vapenbrott; innehav av annat vapen (1 §)",,,False
5073,"Brott mot specialstraffrättsliga författningar, Vapenlagen (9 kap. 1-2 §), Vapenbrott; innehav av annat vapen (1 §), ej grovt brott",3,11708.0,"Brott mot specialstraffrättsliga författningar, Vapenlagen (9 kap. 1-2 §)",Brott mot specialstraffrättsliga författningar,"Brott mot specialstraffrättsliga författningar, Vapenlagen (9 kap. 1-2 §)","Brott mot specialstraffrättsliga författningar, Vapenlagen (9 kap. 1-2 §), Vapenbrott; innehav av annat vapen (1 §), ej grovt brott",,,False
5077,"Brott mot specialstraffrättsliga författningar, Vapenlagen (9 kap. 1-2 §), Vapenbrott; innehav av annat vapen (1 §), grovt brott, synnerligen grovt brott",3,11708.0,"Brott mot specialstraffrättsliga författningar, Vapenlagen (9 kap. 1-2 §)",Brott mot specialstraffrättsliga författningar,"Brott mot specialstraffrättsliga författningar, Vapenlagen (9 kap. 1-2 §)","Brott mot specialstraffrättsliga författningar, Vapenlagen (9 kap. 1-2 §), Vapenbrott; innehav av annat vapen (1 §), grovt brott, synnerligen grovt brott",,,False
11710,"Brott mot specialstraffrättsliga författningar, Vapenlagen (9 kap. 1-2 §), Vapenbrott; innehav av jaktvapen (1 §)",3,11708.0,"Brott mot specialstraffrättsliga författningar, Vapenlagen (9 kap. 1-2 §)",Brott mot specialstraffrättsliga författningar,"Brott mot specialstraffrättsliga författningar, Vapenlagen (9 kap. 1-2 §)","Brott mot specialstraffrättsliga författningar, Vapenlagen (9 kap. 1-2 §), Vapenbrott; innehav av jaktvapen (1 §)",,,False
5072,"Brott mot specialstraffrättsliga författningar, Vapenlagen (9 kap. 1-2 §), Vapenbrott; innehav av jaktvapen (1 §), ej grovt brott",3,11708.0,"Brott mot specialstraffrättsliga författningar, Vapenlagen (9 kap. 1-2 §)",Brott mot specialstraffrättsliga författningar,"Brott mot specialstraffrättsliga författningar, Vapenlagen (9 kap. 1-2 §)","Brott mot specialstraffrättsliga författningar, Vapenlagen (9 kap. 1-2 §), Vapenbrott; innehav av jaktvapen (1 §), ej grovt brott",,,False
5076,"Brott mot specialstraffrättsliga författningar, Vapenlagen (9 kap. 1-2 §), Vapenbrott; innehav av jaktvapen (1 §), grovt brott, synnerligen grovt brott",3,11708.0,"Brott mot specialstraffrättsliga författningar, Vapenlagen (9 kap. 1-2 §)",Brott mot specialstraffrättsliga författningar,"Brott mot specialstraffrättsliga författningar, Vapenlagen (9 kap. 1-2 §)","Brott mot specialstraffrättsliga författningar, Vapenlagen (9 kap. 1-2 §), Vapenbrott; innehav av jaktvapen (1 §), grovt brott, synnerligen grovt brott",,,False
14697,"Brott mot specialstraffrättsliga författningar, Vapenlagen (9 kap. 1-2 §), Vapenbrott; innehav av pistol, revolver start-, signalvapen och tårgasvapen (1 §)",3,11708.0,"Brott mot specialstraffrättsliga författningar, Vapenlagen (9 kap. 1-2 §)",Brott mot specialstraffrättsliga författningar,"Brott mot specialstraffrättsliga författningar, Vapenlagen (9 kap. 1-2 §)","Brott mot specialstraffrättsliga författningar, Vapenlagen (9 kap. 1-2 §), Vapenbrott; innehav av pistol, revolver start-, signalvapen och tårgasvapen (1 §)",,,False
14703,"Brott mot specialstraffrättsliga författningar, Vapenlagen (9 kap. 1-2 §), Vapenbrott; innehav av pistol, revolver start-, signalvapen och tårgasvapen (1 §), ej grovt brott",3,11708.0,"Brott mot specialstraffrättsliga författningar, Vapenlagen (9 kap. 1-2 §)",Brott mot specialstraffrättsliga författningar,"Brott mot specialstraffrättsliga författningar, Vapenlagen (9 kap. 1-2 §)","Brott mot specialstraffrättsliga författningar, Vapenlagen (9 kap. 1-2 §), Vapenbrott; innehav av pistol, revolver start-, signalvapen och tårgasvapen (1 §), ej grovt brott",,,False
14702,"Brott mot specialstraffrättsliga författningar, Vapenlagen (9 kap. 1-2 §), Vapenbrott; innehav av pistol, revolver start-, signalvapen och tårgasvapen (1 §), grovt brott, synnerligen grovt brott",3,11708.0,"Brott mot specialstraffrättsliga författningar, Vapenlagen (9 kap. 1-2 §)",Brott mot specialstraffrättsliga författningar,"Brott mot specialstraffrättsliga författningar, Vapenlagen (9 kap. 1-2 §)","Brott mot specialstraffrättsliga författningar, Vapenlagen (9 kap. 1-2 §), Vapenbrott; innehav av pistol, revolver start-, signalvapen och tårgasvapen (1 §), grovt brott, synnerligen grovt brott",,,False
11709,"Brott mot specialstraffrättsliga författningar, Vapenlagen (9 kap. 1-2 §), Vapenbrott; innehav av pistol, revolver, kpist (t.o.m. 2022)(1 §)",3,11708.0,"Brott mot specialstraffrättsliga författningar, Vapenlagen (9 kap. 1-2 §)",Brott mot specialstraffrättsliga författningar,"Brott mot specialstraffrättsliga författningar, Vapenlagen (9 kap. 1-2 §)","Brott mot specialstraffrättsliga författningar, Vapenlagen (9 kap. 1-2 §), Vapenbrott; innehav av pistol, revolver, kpist (t.o.m. 2022)(1 §)",,,False
5071,"Brott mot specialstraffrättsliga författningar, Vapenlagen (9 kap. 1-2 §), Vapenbrott; innehav av pistol, revolver, kpist (t.o.m. 2022)(1 §), ej grovt brott",3,11708.0,"Brott mot specialstraffrättsliga författningar, Vapenlagen (9 kap. 1-2 §)",Brott mot specialstraffrättsliga författningar,"Brott mot specialstraffrättsliga författningar, Vapenlagen (9 kap. 1-2 §)","Brott mot specialstraffrättsliga författningar, Vapenlagen (9 kap. 1-2 §), Vapenbrott; innehav av pistol, revolver, kpist (t.o.m. 2022)(1 §), ej grovt brott",,,False
5075,"Brott mot specialstraffrättsliga författningar, Vapenlagen (9 kap. 1-2 §), Vapenbrott; innehav av pistol, revolver, kpist (t.o.m. 2022)(1 §), grovt brott, synnerligen grovt brott",3,11708.0,"Brott mot specialstraffrättsliga författningar, Vapenlagen (9 kap. 1-2 §)",Brott mot specialstraffrättsliga författningar,"Brott mot specialstraffrättsliga författningar, Vapenlagen (9 kap. 1-2 §)","Brott mot specialstraffrättsliga författningar, Vapenlagen (9 kap. 1-2 §), Vapenbrott; innehav av pistol, revolver, kpist (t.o.m. 2022)(1 §), grovt brott, synnerligen grovt brott",,,False
5070,"Brott mot specialstraffrättsliga författningar, Vapenlagen (9 kap. 1-2 §), Vapenbrott; överlåtelse, utlåning av skjutvapen (1 §)",3,11708.0,"Brott mot specialstraffrättsliga författningar, Vapenlagen (9 kap. 1-2 §)",Brott mot specialstraffrättsliga författningar,"Brott mot specialstraffrättsliga författningar, Vapenlagen (9 kap. 1-2 §)","Brott mot specialstraffrättsliga författningar, Vapenlagen (9 kap. 1-2 §), Vapenbrott; överlåtelse, utlåning av skjutvapen (1 §)",,,False
5074,"Brott mot specialstraffrättsliga författningar, Vapenlagen (9 kap. 1-2 §), Vapenbrott; överlåtelse, utlåning av skjutvapen (1 §), ej grovt brott",3,11708.0,"Brott mot specialstraffrättsliga författningar, Vapenlagen (9 kap. 1-2 §)",Brott mot specialstraffrättsliga författningar,"Brott mot specialstraffrättsliga författningar, Vapenlagen (9 kap. 1-2 §)","Brott mot specialstraffrättsliga författningar, Vapenlagen (9 kap. 1-2 §), Vapenbrott; överlåtelse, utlåning av skjutvapen (1 §), ej grovt brott",,,False
5078,"Brott mot specialstraffrättsliga författningar, Vapenlagen (9 kap. 1-2 §), Vapenbrott; överlåtelse, utlåning av skjutvapen (1 §), grovt brott, synnerligen grovt brott",3,11708.0,"Brott mot specialstraffrättsliga författningar, Vapenlagen (9 kap. 1-2 §)",Brott mot specialstraffrättsliga författningar,"Brott mot specialstraffrättsliga författningar, Vapenlagen (9 kap. 1-2 §)","Brott mot specialstraffrättsliga författningar, Vapenlagen (9 kap. 1-2 §), Vapenbrott; överlåtelse, utlåning av skjutvapen (1 §), grovt brott, synnerligen grovt brott",,,False
11603,"Brott mot brottsbalken, 13-15 kap. Brott mot allmänheten, 13 kap. Allmänfarliga brott, Allmänfarlig vårdslöshet (6 §)",4,11100.0,"Brott mot brottsbalken, 13-15 kap. Brott mot allmänheten, 13 kap. Allmänfarliga brott",Brott mot brottsbalken,"Brott mot brottsbalken, 13-15 kap. Brott mot allmänheten","Brott mot brottsbalken, 13-15 kap. Brott mot allmänheten, 13 kap. Allmänfarliga brott","Brott mot brottsbalken, 13-15 kap. Brott mot allmänheten, 13 kap. Allmänfarliga brott, Allmänfarlig vårdslöshet (6 §)",,False
11605,"Brott mot brottsbalken, 13-15 kap. Brott mot allmänheten, 13 kap. Allmänfarliga brott, Allmänfarlig vårdslöshet (6 §), Annan allmänfarlig vårdslöshet",4,11100.0,"Brott mot brottsbalken, 13-15 kap. Brott mot allmänheten, 13 kap. Allmänfarliga brott",Brott mot brottsbalken,"Brott mot brottsbalken, 13-15 kap. Brott mot allmänheten","Brott mot brottsbalken, 13-15 kap. Brott mot allmänheten, 13 kap. Allmänfarliga brott","Brott mot brottsbalken, 13-15 kap. Brott mot allmänheten, 13 kap. Allmänfarliga brott, Allmänfarlig vårdslöshet (6 §), Annan allmänfarlig vårdslöshet",,False
11604,"Brott mot brottsbalken, 13-15 kap. Brott mot allmänheten, 13 kap. Allmänfarliga brott, Allmänfarlig vårdslöshet (6 §), Vållande av brand",4,11100.0,"Brott mot brottsbalken, 13-15 kap. Brott mot allmänheten, 13 kap. Allmänfarliga brott",Brott mot brottsbalken,"Brott mot brottsbalken, 13-15 kap. Brott mot allmänheten","Brott mot brottsbalken, 13-15 kap. Brott mot allmänheten, 13 kap. Allmänfarliga brott","Brott mot brottsbalken, 13-15 kap. Brott mot allmänheten, 13 kap. Allmänfarliga brott, Allmänfarlig vårdslöshet (6 §), Vållande av brand",,False
5061,"Brott mot brottsbalken, 13-15 kap. Brott mot allmänheten, 13 kap. Allmänfarliga brott, Allmänfarlig ödeläggelse (3 §)",4,11100.0,"Brott mot brottsbalken, 13-15 kap. Brott mot allmänheten, 13 kap. Allmänfarliga brott",Brott mot brottsbalken,"Brott mot brottsbalken, 13-15 kap. Brott mot allmänheten","Brott mot brottsbalken, 13-15 kap. Brott mot allmänheten, 13 kap. Allmänfarliga brott","Brott mot brottsbalken, 13-15 kap. Brott mot allmänheten, 13 kap. Allmänfarliga brott, Allmänfarlig ödeläggelse (3 §)",,False
5063,"Brott mot brottsbalken, 13-15 kap. Brott mot allmänheten, 13 kap. Allmänfarliga brott, Allmänfarlig ödeläggelse (3 §), Ej genom sprängning",4,11100.0,"Brott mot brottsbalken, 13-15 kap. Brott mot allmänheten, 13 kap. Allmänfarliga brott",Brott mot brottsbalken,"Brott mot brottsbalken, 13-15 kap. Brott mot allmänheten","Brott mot brottsbalken, 13-15 kap. Brott mot allmänheten, 13 kap. Allmänfarliga brott","Brott mot brottsbalken, 13-15 kap. Brott mot allmänheten, 13 kap. Allmänfarliga brott, Allmänfarlig ödeläggelse (3 §), Ej genom sprängning",,False
5062,"Brott mot brottsbalken, 13-15 kap. Brott mot allmänheten, 13 kap. Allmänfarliga brott, Allmänfarlig ödeläggelse (3 §), Genom sprängning",4,11100.0,"Brott mot brottsbalken, 13-15 kap. Brott mot allmänheten, 13 kap. Allmänfarliga brott",Brott mot brottsbalken,"Brott mot brottsbalken, 13-15 kap. Brott mot allmänheten","Brott mot brottsbalken, 13-15 kap. Brott mot allmänheten, 13 kap. Allmänfarliga brott","Brott mot brottsbalken, 13-15 kap. Brott mot allmänheten, 13 kap. Allmänfarliga brott, Allmänfarlig ödeläggelse (3 §), Genom sprängning",,False
14498,"Brott mot brottsbalken, 13-15 kap. Brott mot allmänheten, 13 kap. Allmänfarliga brott, Allmänfarlig ödeläggelse (3 §), Genom sprängning, Fullbordat brott",4,11100.0,"Brott mot brottsbalken, 13-15 kap. Brott mot allmänheten, 13 kap. Allmänfarliga brott",Brott mot brottsbalken,"Brott mot brottsbalken, 13-15 kap. Brott mot allmänheten","Brott mot brottsbalken, 13-15 kap. Brott mot allmänheten, 13 kap. Allmänfarliga brott","Brott mot brottsbalken, 13-15 kap. Brott mot allmänheten, 13 kap. Allmänfarliga brott, Allmänfarlig ödeläggelse (3 §), Genom sprängning, Fullbordat brott",,False
14499,"Brott mot brottsbalken, 13-15 kap. Brott mot allmänheten, 13 kap. Allmänfarliga brott, Allmänfarlig ödeläggelse (3 §), Genom sprängning, Försök m.m. till brott",4,11100.0,"Brott mot brottsbalken, 13-15 kap. Brott mot allmänheten, 13 kap. Allmänfarliga brott",Brott mot brottsbalken,"Brott mot brottsbalken, 13-15 kap. Brott mot allmänheten","Brott mot brottsbalken, 13-15 kap. Brott mot allmänheten, 13 kap. Allmänfarliga brott","Brott mot brottsbalken, 13-15 kap. Brott mot allmänheten, 13 kap. Allmänfarliga brott, Allmänfarlig ödeläggelse (3 §), Genom sprängning, Försök m.m. till brott",,False
11602,"Brott mot brottsbalken, 13-15 kap. Brott mot allmänheten, 13 kap. Allmänfarliga brott, Mordbrand inkl. grov (1, 2 §)",4,11100.0,"Brott mot brottsbalken, 13-15 kap. Brott mot allmänheten, 13 kap. Allmänfarliga brott",Brott mot brottsbalken,"Brott mot brottsbalken, 13-15 kap. Brott mot allmänheten","Brott mot brottsbalken, 13-15 kap. Brott mot allmänheten, 13 kap. Allmänfarliga brott","Brott mot brottsbalken, 13-15 kap. Brott mot allmänheten, 13 kap. Allmänfarliga brott, Mordbrand inkl. grov (1, 2 §)",,False
14394,"Brott mot brottsbalken, 13-15 kap. Brott mot allmänheten, 13 kap. Allmänfarliga brott, Sabotage mot blåljusverksamhet inkl. grovt (5c §)",4,11100.0,"Brott mot brottsbalken, 13-15 kap. Brott mot allmänheten, 13 kap. Allmänfarliga brott",Brott mot brottsbalken,"Brott mot brottsbalken, 13-15 kap. Brott mot allmänheten","Brott mot brottsbalken, 13-15 kap. Brott mot allmänheten, 13 kap. Allmänfarliga brott","Brott mot brottsbalken, 13-15 kap. Brott mot allmänheten, 13 kap. Allmänfarliga brott, Sabotage mot blåljusverksamhet inkl. grovt (5c §)",,False
11606,"Brott mot brottsbalken, 13-15 kap. Brott mot allmänheten, 13 kap. Allmänfarliga brott, Spridande av gift eller smitta förgöring, vårdslöshet med gift eller smittämne (7-9 §)",4,11100.0,"Brott mot brottsbalken, 13-15 kap. Brott mot allmänheten, 13 kap. Allmänfarliga brott",Brott mot brottsbalken,"Brott mot brottsbalken, 13-15 kap. Brott mot allmänheten","Brott mot brottsbalken, 13-15 kap. Brott mot allmänheten, 13 kap. Allmänfarliga brott","Brott mot brottsbalken, 13-15 kap. Brott mot allmänheten, 13 kap. Allmänfarliga brott, Spridande av gift eller smitta förgöring, vårdslöshet med gift eller smittämne (7-9 §)",,False
11607,"Brott mot brottsbalken, 13-15 kap. Brott mot allmänheten, 13 kap. Allmänfarliga brott, Övriga brott mot 13 kap. (4-5 b, 10 §)",4,11100.0,"Brott mot brottsbalken, 13-15 kap. Brott mot allmänheten, 13 kap. Allmänfarliga brott",Brott mot brottsbalken,"Brott mot brottsbalken, 13-15 kap. Brott mot allmänheten","Brott mot brottsbalken, 13-15 kap. Brott mot allmänheten, 13 kap. Allmänfarliga brott","Brott mot brottsbalken, 13-15 kap. Brott mot allmänheten, 13 kap. Allmänfarliga brott, Övriga brott mot 13 kap. (4-5 b, 10 §)",,False
11615,"Brott mot brottsbalken, 13-15 kap. Brott mot allmänheten, 14 kap. Förfalskningsbrott, Penningförfalskning m.m. (6, 6 a, 9, 10 §)",4,11101.0,"Brott mot brottsbalken, 13-15 kap. Brott mot allmänheten, 14 kap. Förfalskningsbrott",Brott mot brottsbalken,"Brott mot brottsbalken, 13-15 kap. Brott mot allmänheten","Brott mot brottsbalken, 13-15 kap. Brott mot allmänheten, 14 kap. Förfalskningsbrott","Brott mot brottsbalken, 13-15 kap. Brott mot allmänheten, 14 kap. Förfalskningsbrott, Penningförfalskning m.m. (6, 6 a, 9, 10 §)",,False
11614,"Brott mot brottsbalken, 13-15 kap. Brott mot allmänheten, 14 kap. Förfalskningsbrott, Signaturförfalskning (5, 9 §)",4,11101.0,"Brott mot brottsbalken, 13-15 kap. Brott mot allmänheten, 14 kap. Förfalskningsbrott",Brott mot brottsbalken,"Brott mot brottsbalken, 13-15 kap. Brott mot allmänheten","Brott mot brottsbalken, 13-15 kap. Brott mot allmänheten, 14 kap. Förfalskningsbrott","Brott mot brottsbalken, 13-15 kap. Brott mot allmänheten, 14 kap. Förfalskningsbrott, Signaturförfalskning (5, 9 §)",,False
11608,"Brott mot brottsbalken, 13-15 kap. Brott mot allmänheten, 14 kap. Förfalskningsbrott, Urkundsförfalskning m.m. (1-4, 9 §)",4,11101.0,"Brott mot brottsbalken, 13-15 kap. Brott mot allmänheten, 14 kap. Förfalskningsbrott",Brott mot brottsbalken,"Brott mot brottsbalken, 13-15 kap. Brott mot allmänheten","Brott mot brottsbalken, 13-15 kap. Brott mot allmänheten, 14 kap. Förfalskningsbrott","Brott mot brottsbalken, 13-15 kap. Brott mot allmänheten, 14 kap. Förfalskningsbrott, Urkundsförfalskning m.m. (1-4, 9 §)",,False
11609,"Brott mot brottsbalken, 13-15 kap. Brott mot allmänheten, 14 kap. Förfalskningsbrott, Urkundsförfalskning m.m. (1-4, 9 §), Check",4,11101.0,"Brott mot brottsbalken, 13-15 kap. Brott mot allmänheten, 14 kap. Förfalskningsbrott",Brott mot brottsbalken,"Brott mot brottsbalken, 13-15 kap. Brott mot allmänheten","Brott mot brottsbalken, 13-15 kap. Brott mot allmänheten, 14 kap. Förfalskningsbrott","Brott mot brottsbalken, 13-15 kap. Brott mot allmänheten, 14 kap. Förfalskningsbrott, Urkundsförfalskning m.m. (1-4, 9 §), Check",,False
11610,"Brott mot brottsbalken, 13-15 kap. Brott mot allmänheten, 14 kap. Förfalskningsbrott, Urkundsförfalskning m.m. (1-4, 9 §), Legitimationshandling",4,11101.0,"Brott mot brottsbalken, 13-15 kap. Brott mot allmänheten, 14 kap. Förfalskningsbrott",Brott mot brottsbalken,"Brott mot brottsbalken, 13-15 kap. Brott mot allmänheten","Brott mot brottsbalken, 13-15 kap. Brott mot allmänheten, 14 kap. Förfalskningsbrott","Brott mot brottsbalken, 13-15 kap. Brott mot allmänheten, 14 kap. Förfalskningsbrott, Urkundsförfalskning m.m. (1-4, 9 §), Legitimationshandling",,False
11611,"Brott mot brottsbalken, 13-15 kap. Brott mot allmänheten, 14 kap. Förfalskningsbrott, Urkundsförfalskning m.m. (1-4, 9 §), Legitimationshandling, Handling som  använts för illegal invandring",4,11101.0,"Brott mot brottsbalken, 13-15 kap. Brott mot allmänheten, 14 kap. Förfalskningsbrott",Brott mot brottsbalken,"Brott mot brottsbalken, 13-15 kap. Brott mot allmänheten","Brott mot brottsbalken, 13-15 kap. Brott mot allmänheten, 14 kap. Förfalskningsbrott","Brott mot brottsbalken, 13-15 kap. Brott mot allmänheten, 14 kap. Förfalskningsbrott, Urkundsförfalskning m.m. (1-4, 9 §), Legitimationshandling, Handling som  använts för illegal invandring",,False
11612,"Brott mot brottsbalken, 13-15 kap. Brott mot allmänheten, 14 kap. Förfalskningsbrott, Urkundsförfalskning m.m. (1-4, 9 §), Legitimationshandling, Övrig legitimationshandling",4,11101.0,"Brott mot brottsbalken, 13-15 kap. Brott mot allmänheten, 14 kap. Förfalskningsbrott",Brott mot brottsbalken,"Brott mot brottsbalken, 13-15 kap. Brott mot allmänheten","Brott mot brottsbalken, 13-15 kap. Brott mot allmänheten, 14 kap. Förfalskningsbrott","Brott mot brottsbalken, 13-15 kap. Brott mot allmänheten, 14 kap. Förfalskningsbrott, Urkundsförfalskning m.m. (1-4, 9 §), Legitimationshandling, Övrig legitimationshandling",,False
11613,"Brott mot brottsbalken, 13-15 kap. Brott mot allmänheten, 14 kap. Förfalskningsbrott, Urkundsförfalskning m.m. (1-4, 9 §), Övrig urkundsförfalskning",4,11101.0,"Brott mot brottsbalken, 13-15 kap. Brott mot allmänheten, 14 kap. Förfalskningsbrott",Brott mot brottsbalken,"Brott mot brottsbalken, 13-15 kap. Brott mot allmänheten","Brott mot brottsbalken, 13-15 kap. Brott mot allmänheten, 14 kap. Förfalskningsbrott","Brott mot brottsbalken, 13-15 kap. Brott mot allmänheten, 14 kap. Förfalskningsbrott, Urkundsförfalskning m.m. (1-4, 9 §), Övrig urkundsförfalskning",,False
11616,"Brott mot brottsbalken, 13-15 kap. Brott mot allmänheten, 14 kap. Förfalskningsbrott, Övriga brott mot 14 kap. (7-9 §)",4,11101.0,"Brott mot brottsbalken, 13-15 kap. Brott mot allmänheten, 14 kap. Förfalskningsbrott",Brott mot brottsbalken,"Brott mot brottsbalken, 13-15 kap. Brott mot allmänheten","Brott mot brottsbalken, 13-15 kap. Brott mot allmänheten, 14 kap. Förfalskningsbrott","Brott mot brottsbalken, 13-15 kap. Brott mot allmänheten, 14 kap. Förfalskningsbrott, Övriga brott mot 14 kap. (7-9 §)",,False
11618,"Brott mot brottsbalken, 13-15 kap. Brott mot allmänheten, 15 kap. Mened, falskt åtal m.m., Falsk och vårdslös beskyllning (7 §)",4,11102.0,"Brott mot brottsbalken, 13-15 kap. Brott mot allmänheten, 15 kap. Mened, falskt åtal m.m.",Brott mot brottsbalken,"Brott mot brottsbalken, 13-15 kap. Brott mot allmänheten","Brott mot brottsbalken, 13-15 kap. Brott mot allmänheten, 15 kap. Mened, falskt åtal m.m.","Brott mot brottsbalken, 13-15 kap. Brott mot allmänheten, 15 kap. Mened, falskt åtal m.m., Falsk och vårdslös beskyllning (7 §)",,False
11617,"Brott mot brottsbalken, 13-15 kap. Brott mot allmänheten, 15 kap. Mened, falskt åtal m.m., Mened, osann partsutsaga m.m. (1-3 §)",4,11102.0,"Brott mot brottsbalken, 13-15 kap. Brott mot allmänheten, 15 kap. Mened, falskt åtal m.m.",Brott mot brottsbalken,"Brott mot brottsbalken, 13-15 kap. Brott mot allmänheten","Brott mot brottsbalken, 13-15 kap. Brott mot allmänheten, 15 kap. Mened, falskt åtal m.m.","Brott mot brottsbalken, 13-15 kap. Brott mot allmänheten, 15 kap. Mened, falskt åtal m.m., Mened, osann partsutsaga m.m. (1-3 §)",,False
11619,"Brott mot brottsbalken, 13-15 kap. Brott mot allmänheten, 15 kap. Mened, falskt åtal m.m., Missbruk av urkund avs pass m.m./utfärdat pass på falska grunder (11, 12 §)",4,11102.0,"Brott mot brottsbalken, 13-15 kap. Brott mot allmänheten, 15 kap. Mened, falskt åtal m.m.",Brott mot brottsbalken,"Brott mot brottsbalken, 13-15 kap. Brott mot allmänheten","Brott mot brottsbalken, 13-15 kap. Brott mot allmänheten, 15 kap. Mened, falskt åtal m.m.","Brott mot brottsbalken, 13-15 kap. Brott mot allmänheten, 15 kap. Mened, falskt åtal m.m., Missbruk av urkund avs pass m.m./utfärdat pass på falska grunder (11, 12 §)",,False
11620,"Brott mot brottsbalken, 13-15 kap. Brott mot allmänheten, 15 kap. Mened, falskt åtal m.m., Övriga brott mot 15 kap. (4 a, 4 b, 5,6, 8-13 §)",4,11102.0,"Brott mot brottsbalken, 13-15 kap. Brott mot allmänheten, 15 kap. Mened, falskt åtal m.m.",Brott mot brottsbalken,"Brott mot brottsbalken, 13-15 kap. Brott mot allmänheten","Brott mot brottsbalken, 13-15 kap. Brott mot allmänheten, 15 kap. Mened, falskt åtal m.m.","Brott mot brottsbalken, 13-15 kap. Brott mot allmänheten, 15 kap. Mened, falskt åtal m.m., Övriga brott mot 15 kap. (4 a, 4 b, 5,6, 8-13 §)",,False
11625,"Brott mot brottsbalken, 16-22 kap. Brott mot staten, 16 kap. Brott mot allmän ordning, Barnpornografibrott (10 a §)",4,11103.0,"Brott mot brottsbalken, 16-22 kap. Brott mot staten, 16 kap. Brott mot allmän ordning",Brott mot brottsbalken,"Brott mot brottsbalken, 16-22 kap. Brott mot staten","Brott mot brottsbalken, 16-22 kap. Brott mot staten, 16 kap. Brott mot allmän ordning","Brott mot brottsbalken, 16-22 kap. Brott mot staten, 16 kap. Brott mot allmän ordning, Barnpornografibrott (10 a §)",,False
11626,"Brott mot brottsbalken, 16-22 kap. Brott mot staten, 16 kap. Brott mot allmän ordning, Barnpornografibrott (10 a §), Internetrelaterat barnpornografibrott (t.o.m. 2022)",4,11103.0,"Brott mot brottsbalken, 16-22 kap. Brott mot staten, 16 kap. Brott mot allmän ordning",Brott mot brottsbalken,"Brott mot brottsbalken, 16-22 kap. Brott mot staten","Brott mot brottsbalken, 16-22 kap. Brott mot staten, 16 kap. Brott mot allmän ordning","Brott mot brottsbalken, 16-22 kap. Brott mot staten, 16 kap. Brott mot allmän ordning, Barnpornografibrott (10 a §), Internetrelaterat barnpornografibrott (t.o.m. 2022)",,False
11627,"Brott mot brottsbalken, 16-22 kap. Brott mot staten, 16 kap. Brott mot allmän ordning, Barnpornografibrott (10 a §), Övriga barnpornografibrott (t.o.m. 2022)",4,11103.0,"Brott mot brottsbalken, 16-22 kap. Brott mot staten, 16 kap. Brott mot allmän ordning",Brott mot brottsbalken,"Brott mot brottsbalken, 16-22 kap. Brott mot staten","Brott mot brottsbalken, 16-22 kap. Brott mot staten, 16 kap. Brott mot allmän ordning","Brott mot brottsbalken, 16-22 kap. Brott mot staten, 16 kap. Brott mot allmän ordning, Barnpornografibrott (10 a §), Övriga barnpornografibrott (t.o.m. 2022)",,False
13034,"Brott mot brottsbalken, 16-22 kap. Brott mot staten, 16 kap. Brott mot allmän ordning, Djurplågeri (13 §)",4,11103.0,"Brott mot brottsbalken, 16-22 kap. Brott mot staten, 16 kap. Brott mot allmän ordning",Brott mot brottsbalken,"Brott mot brottsbalken, 16-22 kap. Brott mot staten","Brott mot brottsbalken, 16-22 kap. Brott mot staten, 16 kap. Brott mot allmän ordning","Brott mot brottsbalken, 16-22 kap. Brott mot staten, 16 kap. Brott mot allmän ordning, Djurplågeri (13 §)",,False
11621,"Brott mot brottsbalken, 16-22 kap. Brott mot staten, 16 kap. Brott mot allmän ordning, Falskt larm (15 § 1, 2 st.)",4,11103.0,"Brott mot brottsbalken, 16-22 kap. Brott mot staten, 16 kap. Brott mot allmän ordning",Brott mot brottsbalken,"Brott mot brottsbalken, 16-22 kap. Brott mot staten","Brott mot brottsbalken, 16-22 kap. Brott mot staten, 16 kap. Brott mot allmän ordning","Brott mot brottsbalken, 16-22 kap. Brott mot staten, 16 kap. Brott mot allmän ordning, Falskt larm (15 § 1, 2 st.)",,False
11623,"Brott mot brottsbalken, 16-22 kap. Brott mot staten, 16 kap. Brott mot allmän ordning, Hets mot folkgrupp (8 §)",4,11103.0,"Brott mot brottsbalken, 16-22 kap. Brott mot staten, 16 kap. Brott mot allmän ordning",Brott mot brottsbalken,"Brott mot brottsbalken, 16-22 kap. Brott mot staten","Brott mot brottsbalken, 16-22 kap. Brott mot staten, 16 kap. Brott mot allmän ordning","Brott mot brottsbalken, 16-22 kap. Brott mot staten, 16 kap. Brott mot allmän ordning, Hets mot folkgrupp (8 §)",,False
14718,"Brott mot brottsbalken, 16-22 kap. Brott mot staten, 16 kap. Brott mot allmän ordning, Involverande av en underårig i brottslighet (5 a §)",4,11103.0,"Brott mot brottsbalken, 16-22 kap. Brott mot staten, 16 kap. Brott mot allmän ordning",Brott mot brottsbalken,"Brott mot brottsbalken, 16-22 kap. Brott mot staten","Brott mot brottsbalken, 16-22 kap. Brott mot staten, 16 kap. Brott mot allmän ordning","Brott mot brottsbalken, 16-22 kap. Brott mot staten, 16 kap. Brott mot allmän ordning, Involverande av en underårig i brottslighet (5 a §)",,False
11622,"Brott mot brottsbalken, 16-22 kap. Brott mot staten, 16 kap. Brott mot allmän ordning, Missbruk av larmanordning (15 § 3 st.)",4,11103.0,"Brott mot brottsbalken, 16-22 kap. Brott mot staten, 16 kap. Brott mot allmän ordning",Brott mot brottsbalken,"Brott mot brottsbalken, 16-22 kap. Brott mot staten","Brott mot brottsbalken, 16-22 kap. Brott mot staten, 16 kap. Brott mot allmän ordning","Brott mot brottsbalken, 16-22 kap. Brott mot staten, 16 kap. Brott mot allmän ordning, Missbruk av larmanordning (15 § 3 st.)",,False
11624,"Brott mot brottsbalken, 16-22 kap. Brott mot staten, 16 kap. Brott mot allmän ordning, Olaga diskriminering (9 §)",4,11103.0,"Brott mot brottsbalken, 16-22 kap. Brott mot staten, 16 kap. Brott mot allmän ordning",Brott mot brottsbalken,"Brott mot brottsbalken, 16-22 kap. Brott mot staten","Brott mot brottsbalken, 16-22 kap. Brott mot staten, 16 kap. Brott mot allmän ordning","Brott mot brottsbalken, 16-22 kap. Brott mot staten, 16 kap. Brott mot allmän ordning, Olaga diskriminering (9 §)",,False
11628,"Brott mot brottsbalken, 16-22 kap. Brott mot staten, 16 kap. Brott mot allmän ordning, Övriga brott mot 16 kap. (1-6, 10-12, 14 §)",4,11103.0,"Brott mot brottsbalken, 16-22 kap. Brott mot staten, 16 kap. Brott mot allmän ordning",Brott mot brottsbalken,"Brott mot brottsbalken, 16-22 kap. Brott mot staten","Brott mot brottsbalken, 16-22 kap. Brott mot staten, 16 kap. Brott mot allmän ordning","Brott mot brottsbalken, 16-22 kap. Brott mot staten, 16 kap. Brott mot allmän ordning, Övriga brott mot 16 kap. (1-6, 10-12, 14 §)",,False
13068,"Brott mot brottsbalken, 16-22 kap. Brott mot staten, 17 kap. Brott mot allmän verksamhet, Bestickning (t.o.m. 2012-06)",4,11104.0,"Brott mot brottsbalken, 16-22 kap. Brott mot staten, 17 kap. Brott mot allmän verksamhet",Brott mot brottsbalken,"Brott mot brottsbalken, 16-22 kap. Brott mot staten","Brott mot brottsbalken, 16-22 kap. Brott mot staten, 17 kap. Brott mot allmän verksamhet","Brott mot brottsbalken, 16-22 kap. Brott mot staten, 17 kap. Brott mot allmän verksamhet, Bestickning (t.o.m. 2012-06)",,False
14900,"Brott mot brottsbalken, 16-22 kap. Brott mot staten, 17 kap. Brott mot allmän verksamhet, Förolämpning mot tjänsteman (3 §)",4,11104.0,"Brott mot brottsbalken, 16-22 kap. Brott mot staten, 17 kap. Brott mot allmän verksamhet",Brott mot brottsbalken,"Brott mot brottsbalken, 16-22 kap. Brott mot staten","Brott mot brottsbalken, 16-22 kap. Brott mot staten, 17 kap. Brott mot allmän verksamhet","Brott mot brottsbalken, 16-22 kap. Brott mot staten, 17 kap. Brott mot allmän verksamhet, Förolämpning mot tjänsteman (3 §)",,False
14901,"Brott mot brottsbalken, 16-22 kap. Brott mot staten, 17 kap. Brott mot allmän verksamhet, Förolämpning mot tjänsteman (3 §), Förolämpning mot polis",4,11104.0,"Brott mot brottsbalken, 16-22 kap. Brott mot staten, 17 kap. Brott mot allmän verksamhet",Brott mot brottsbalken,"Brott mot brottsbalken, 16-22 kap. Brott mot staten","Brott mot brottsbalken, 16-22 kap. Brott mot staten, 17 kap. Brott mot allmän verksamhet","Brott mot brottsbalken, 16-22 kap. Brott mot staten, 17 kap. Brott mot allmän verksamhet, Förolämpning mot tjänsteman (3 §), Förolämpning mot polis",,False
14902,"Brott mot brottsbalken, 16-22 kap. Brott mot staten, 17 kap. Brott mot allmän verksamhet, Förolämpning mot tjänsteman (3 §), Förolämpning mot övriga tjänstemän",4,11104.0,"Brott mot brottsbalken, 16-22 kap. Brott mot staten, 17 kap. Brott mot allmän verksamhet",Brott mot brottsbalken,"Brott mot brottsbalken, 16-22 kap. Brott mot staten","Brott mot brottsbalken, 16-22 kap. Brott mot staten, 17 kap. Brott mot allmän verksamhet","Brott mot brottsbalken, 16-22 kap. Brott mot staten, 17 kap. Brott mot allmän verksamhet, Förolämpning mot tjänsteman (3 §), Förolämpning mot övriga tjänstemän",,False
11633,"Brott mot brottsbalken, 16-22 kap. Brott mot staten, 17 kap. Brott mot allmän verksamhet, Hot m.m. mot tjänsteman (1, 2, 5 §)",4,11104.0,"Brott mot brottsbalken, 16-22 kap. Brott mot staten, 17 kap. Brott mot allmän verksamhet",Brott mot brottsbalken,"Brott mot brottsbalken, 16-22 kap. Brott mot staten","Brott mot brottsbalken, 16-22 kap. Brott mot staten, 17 kap. Brott mot allmän verksamhet","Brott mot brottsbalken, 16-22 kap. Brott mot staten, 17 kap. Brott mot allmän verksamhet, Hot m.m. mot tjänsteman (1, 2, 5 §)",,False
14824,"Brott mot brottsbalken, 16-22 kap. Brott mot staten, 17 kap. Brott mot allmän verksamhet, Otillbörligt verkande vid röstning, tagande av otillbörlig förmån vid röstning (8 §)",4,11104.0,"Brott mot brottsbalken, 16-22 kap. Brott mot staten, 17 kap. Brott mot allmän verksamhet",Brott mot brottsbalken,"Brott mot brottsbalken, 16-22 kap. Brott mot staten","Brott mot brottsbalken, 16-22 kap. Brott mot staten, 17 kap. Brott mot allmän verksamhet","Brott mot brottsbalken, 16-22 kap. Brott mot staten, 17 kap. Brott mot allmän verksamhet, Otillbörligt verkande vid röstning, tagande av otillbörlig förmån vid röstning (8 §)",,False
11629,"Brott mot brottsbalken, 16-22 kap. Brott mot staten, 17 kap. Brott mot allmän verksamhet, Våld mot tjänsteman (1, 5 §)",4,11104.0,"Brott mot brottsbalken, 16-22 kap. Brott mot staten, 17 kap. Brott mot allmän verksamhet",Brott mot brottsbalken,"Brott mot brottsbalken, 16-22 kap. Brott mot staten","Brott mot brottsbalken, 16-22 kap. Brott mot staten, 17 kap. Brott mot allmän verksamhet","Brott mot brottsbalken, 16-22 kap. Brott mot staten, 17 kap. Brott mot allmän verksamhet, Våld mot tjänsteman (1, 5 §)",,False
11631,"Brott mot brottsbalken, 16-22 kap. Brott mot staten, 17 kap. Brott mot allmän verksamhet, Våld mot tjänsteman (1, 5 §), Mot ordningsvakt (1 §)",4,11104.0,"Brott mot brottsbalken, 16-22 kap. Brott mot staten, 17 kap. Brott mot allmän verksamhet",Brott mot brottsbalken,"Brott mot brottsbalken, 16-22 kap. Brott mot staten","Brott mot brottsbalken, 16-22 kap. Brott mot staten, 17 kap. Brott mot allmän verksamhet","Brott mot brottsbalken, 16-22 kap. Brott mot staten, 17 kap. Brott mot allmän verksamhet, Våld mot tjänsteman (1, 5 §), Mot ordningsvakt (1 §)",,False
11630,"Brott mot brottsbalken, 16-22 kap. Brott mot staten, 17 kap. Brott mot allmän verksamhet, Våld mot tjänsteman (1, 5 §), Mot polisman (1 §)",4,11104.0,"Brott mot brottsbalken, 16-22 kap. Brott mot staten, 17 kap. Brott mot allmän verksamhet",Brott mot brottsbalken,"Brott mot brottsbalken, 16-22 kap. Brott mot staten","Brott mot brottsbalken, 16-22 kap. Brott mot staten, 17 kap. Brott mot allmän verksamhet","Brott mot brottsbalken, 16-22 kap. Brott mot staten, 17 kap. Brott mot allmän verksamhet, Våld mot tjänsteman (1, 5 §), Mot polisman (1 §)",,False
11632,"Brott mot brottsbalken, 16-22 kap. Brott mot staten, 17 kap. Brott mot allmän verksamhet, Våld mot tjänsteman (1, 5 §), Mot övriga tjänstemän (1, 5 §)",4,11104.0,"Brott mot brottsbalken, 16-22 kap. Brott mot staten, 17 kap. Brott mot allmän verksamhet",Brott mot brottsbalken,"Brott mot brottsbalken, 16-22 kap. Brott mot staten","Brott mot brottsbalken, 16-22 kap. Brott mot staten, 17 kap. Brott mot allmän verksamhet","Brott mot brottsbalken, 16-22 kap. Brott mot staten, 17 kap. Brott mot allmän verksamhet, Våld mot tjänsteman (1, 5 §), Mot övriga tjänstemän (1, 5 §)",,False
11634,"Brott mot brottsbalken, 16-22 kap. Brott mot staten, 17 kap. Brott mot allmän verksamhet, Våldsamt motstånd (4, 5 §)",4,11104.0,"Brott mot brottsbalken, 16-22 kap. Brott mot staten, 17 kap. Brott mot allmän verksamhet",Brott mot brottsbalken,"Brott mot brottsbalken, 16-22 kap. Brott mot staten","Brott mot brottsbalken, 16-22 kap. Brott mot staten, 17 kap. Brott mot allmän verksamhet","Brott mot brottsbalken, 16-22 kap. Brott mot staten, 17 kap. Brott mot allmän verksamhet, Våldsamt motstånd (4, 5 §)",,False
11636,"Brott mot brottsbalken, 16-22 kap. Brott mot staten, 17 kap. Brott mot allmän verksamhet, Övergrepp i rättssak (10 §)",4,11104.0,"Brott mot brottsbalken, 16-22 kap. Brott mot staten, 17 kap. Brott mot allmän verksamhet",Brott mot brottsbalken,"Brott mot brottsbalken, 16-22 kap. Brott mot staten","Brott mot brottsbalken, 16-22 kap. Brott mot staten, 17 kap. Brott mot allmän verksamhet","Brott mot brottsbalken, 16-22 kap. Brott mot staten, 17 kap. Brott mot allmän verksamhet, Övergrepp i rättssak (10 §)",,False
11637,"Brott mot brottsbalken, 16-22 kap. Brott mot staten, 17 kap. Brott mot allmän verksamhet, Övriga brott mot 17 kap. (9, 11-13, 15 §)",4,11104.0,"Brott mot brottsbalken, 16-22 kap. Brott mot staten, 17 kap. Brott mot allmän verksamhet",Brott mot brottsbalken,"Brott mot brottsbalken, 16-22 kap. Brott mot staten","Brott mot brottsbalken, 16-22 kap. Brott mot staten, 17 kap. Brott mot allmän verksamhet","Brott mot brottsbalken, 16-22 kap. Brott mot staten, 17 kap. Brott mot allmän verksamhet, Övriga brott mot 17 kap. (9, 11-13, 15 §)",,False
11640,"Brott mot brottsbalken, 16-22 kap. Brott mot staten, 20 kap. Tjänstefel m.m., Brott mot tystnadsplikt (3 §)",4,11107.0,"Brott mot brottsbalken, 16-22 kap. Brott mot staten, 20 kap. Tjänstefel m.m.",Brott mot brottsbalken,"Brott mot brottsbalken, 16-22 kap. Brott mot staten","Brott mot brottsbalken, 16-22 kap. Brott mot staten, 20 kap. Tjänstefel m.m.","Brott mot brottsbalken, 16-22 kap. Brott mot staten, 20 kap. Tjänstefel m.m., Brott mot tystnadsplikt (3 §)",,False
14962,"Brott mot brottsbalken, 16-22 kap. Brott mot staten, 20 kap. Tjänstefel m.m., Missbruk av offentlig ställning inkl. grovt (2 §)",4,11107.0,"Brott mot brottsbalken, 16-22 kap. Brott mot staten, 20 kap. Tjänstefel m.m.",Brott mot brottsbalken,"Brott mot brottsbalken, 16-22 kap. Brott mot staten","Brott mot brottsbalken, 16-22 kap. Brott mot staten, 20 kap. Tjänstefel m.m.","Brott mot brottsbalken, 16-22 kap. Brott mot staten, 20 kap. Tjänstefel m.m., Missbruk av offentlig ställning inkl. grovt (2 §)",,False
13069,"Brott mot brottsbalken, 16-22 kap. Brott mot staten, 20 kap. Tjänstefel m.m., Mutbrott (t.o.m. 2012-06)",4,11107.0,"Brott mot brottsbalken, 16-22 kap. Brott mot staten, 20 kap. Tjänstefel m.m.",Brott mot brottsbalken,"Brott mot brottsbalken, 16-22 kap. Brott mot staten","Brott mot brottsbalken, 16-22 kap. Brott mot staten, 20 kap. Tjänstefel m.m.","Brott mot brottsbalken, 16-22 kap. Brott mot staten, 20 kap. Tjänstefel m.m., Mutbrott (t.o.m. 2012-06)",,False
11638,"Brott mot brottsbalken, 16-22 kap. Brott mot staten, 20 kap. Tjänstefel m.m., Tjänstefel inkl. grovt (1 §)",4,11107.0,"Brott mot brottsbalken, 16-22 kap. Brott mot staten, 20 kap. Tjänstefel m.m.",Brott mot brottsbalken,"Brott mot brottsbalken, 16-22 kap. Brott mot staten","Brott mot brottsbalken, 16-22 kap. Brott mot staten, 20 kap. Tjänstefel m.m.","Brott mot brottsbalken, 16-22 kap. Brott mot staten, 20 kap. Tjänstefel m.m., Tjänstefel inkl. grovt (1 §)",,False
13099,"Brott mot brottsbalken, 16-22 kap. Brott mot staten, 22 kap. Om landsförräderi m.m., Folkrättsbrott (t.o.m. 2014-12)",4,11108.0,"Brott mot brottsbalken, 16-22 kap. Brott mot staten, 22 kap. Om landsförräderi m.m.",Brott mot brottsbalken,"Brott mot brottsbalken, 16-22 kap. Brott mot staten","Brott mot brottsbalken, 16-22 kap. Brott mot staten, 22 kap. Om landsförräderi m.m.","Brott mot brottsbalken, 16-22 kap. Brott mot staten, 22 kap. Om landsförräderi m.m., Folkrättsbrott (t.o.m. 2014-12)",,False
13100,"Brott mot brottsbalken, 16-22 kap. Brott mot staten, 22 kap. Om landsförräderi m.m., Övriga brott mot 22 kap.",4,11108.0,"Brott mot brottsbalken, 16-22 kap. Brott mot staten, 22 kap. Om landsförräderi m.m.",Brott mot brottsbalken,"Brott mot brottsbalken, 16-22 kap. Brott mot staten","Brott mot brottsbalken, 16-22 kap. Brott mot staten, 22 kap. Om landsförräderi m.m.","Brott mot brottsbalken, 16-22 kap. Brott mot staten, 22 kap. Om landsförräderi m.m., Övriga brott mot 22 kap.",,False
11740,"Brott mot brottsbalken, 3-7 kap. Brott mot person, 3 kap. Brott mot liv och hälsa, Framkallande av fara för annan (9, 10 §)",4,11090.0,"Brott mot brottsbalken, 3-7 kap. Brott mot person, 3 kap. Brott mot liv och hälsa",Brott mot brottsbalken,"Brott mot brottsbalken, 3-7 kap. Brott mot person","Brott mot brottsbalken, 3-7 kap. Brott mot person, 3 kap. Brott mot liv och hälsa","Brott mot brottsbalken, 3-7 kap. Brott mot person, 3 kap. Brott mot liv och hälsa, Framkallande av fara för annan (9, 10 §)",,False
11802,"Brott mot brottsbalken, 3-7 kap. Brott mot person, 3 kap. Brott mot liv och hälsa, Försök till mord eller dråp (1, 2 §)",4,11090.0,"Brott mot brottsbalken, 3-7 kap. Brott mot person, 3 kap. Brott mot liv och hälsa",Brott mot brottsbalken,"Brott mot brottsbalken, 3-7 kap. Brott mot person","Brott mot brottsbalken, 3-7 kap. Brott mot person, 3 kap. Brott mot liv och hälsa","Brott mot brottsbalken, 3-7 kap. Brott mot person, 3 kap. Brott mot liv och hälsa, Försök till mord eller dråp (1, 2 §)",,False
11130,"Brott mot brottsbalken, 3-7 kap. Brott mot person, 3 kap. Brott mot liv och hälsa, Misshandel inkl. grov (5, 6 §)",4,11090.0,"Brott mot brottsbalken, 3-7 kap. Brott mot person, 3 kap. Brott mot liv och hälsa",Brott mot brottsbalken,"Brott mot brottsbalken, 3-7 kap. Brott mot person","Brott mot brottsbalken, 3-7 kap. Brott mot person, 3 kap. Brott mot liv och hälsa","Brott mot brottsbalken, 3-7 kap. Brott mot person, 3 kap. Brott mot liv och hälsa, Misshandel inkl. grov (5, 6 §)",,False
11131,"Brott mot brottsbalken, 3-7 kap. Brott mot person, 3 kap. Brott mot liv och hälsa, Vållande till annans död (7, 10 §)",4,11090.0,"Brott mot brottsbalken, 3-7 kap. Brott mot person, 3 kap. Brott mot liv och hälsa",Brott mot brottsbalken,"Brott mot brottsbalken, 3-7 kap. Brott mot person","Brott mot brottsbalken, 3-7 kap. Brott mot person, 3 kap. Brott mot liv och hälsa","Brott mot brottsbalken, 3-7 kap. Brott mot person, 3 kap. Brott mot liv och hälsa, Vållande till annans död (7, 10 §)",,False
11734,"Brott mot brottsbalken, 3-7 kap. Brott mot person, 3 kap. Brott mot liv och hälsa, Vållande till kroppsskada/sjukdom, ej i samband med trafikolycka (8, 10 §)",4,11090.0,"Brott mot brottsbalken, 3-7 kap. Brott mot person, 3 kap. Brott mot liv och hälsa",Brott mot brottsbalken,"Brott mot brottsbalken, 3-7 kap. Brott mot person","Brott mot brottsbalken, 3-7 kap. Brott mot person, 3 kap. Brott mot liv och hälsa","Brott mot brottsbalken, 3-7 kap. Brott mot person, 3 kap. Brott mot liv och hälsa, Vållande till kroppsskada/sjukdom, ej i samband med trafikolycka (8, 10 §)",,False
14575,"Brott mot brottsbalken, 3-7 kap. Brott mot person, 4 kap. Brott mot frihet och frid, Barnfridsbrott (3 §)",4,11091.0,"Brott mot brottsbalken, 3-7 kap. Brott mot person, 4 kap. Brott mot frihet och frid",Brott mot brottsbalken,"Brott mot brottsbalken, 3-7 kap. Brott mot person","Brott mot brottsbalken, 3-7 kap. Brott mot person, 4 kap. Brott mot frihet och frid","Brott mot brottsbalken, 3-7 kap. Brott mot person, 4 kap. Brott mot frihet och frid, Barnfridsbrott (3 §)",,False
14576,"Brott mot brottsbalken, 3-7 kap. Brott mot person, 4 kap. Brott mot frihet och frid, Barnfridsbrott (3 §), Mot flicka under 18 år",4,11091.0,"Brott mot brottsbalken, 3-7 kap. Brott mot person, 4 kap. Brott mot frihet och frid",Brott mot brottsbalken,"Brott mot brottsbalken, 3-7 kap. Brott mot person","Brott mot brottsbalken, 3-7 kap. Brott mot person, 4 kap. Brott mot frihet och frid","Brott mot brottsbalken, 3-7 kap. Brott mot person, 4 kap. Brott mot frihet och frid, Barnfridsbrott (3 §), Mot flicka under 18 år",,False
14577,"Brott mot brottsbalken, 3-7 kap. Brott mot person, 4 kap. Brott mot frihet och frid, Barnfridsbrott (3 §), Mot pojke under 18 år",4,11091.0,"Brott mot brottsbalken, 3-7 kap. Brott mot person, 4 kap. Brott mot frihet och frid",Brott mot brottsbalken,"Brott mot brottsbalken, 3-7 kap. Brott mot person","Brott mot brottsbalken, 3-7 kap. Brott mot person, 4 kap. Brott mot frihet och frid","Brott mot brottsbalken, 3-7 kap. Brott mot person, 4 kap. Brott mot frihet och frid, Barnfridsbrott (3 §), Mot pojke under 18 år",,False
11337,"Brott mot brottsbalken, 3-7 kap. Brott mot person, 4 kap. Brott mot frihet och frid, Dataintrång (9 c §)",4,11091.0,"Brott mot brottsbalken, 3-7 kap. Brott mot person, 4 kap. Brott mot frihet och frid",Brott mot brottsbalken,"Brott mot brottsbalken, 3-7 kap. Brott mot person","Brott mot brottsbalken, 3-7 kap. Brott mot person, 4 kap. Brott mot frihet och frid","Brott mot brottsbalken, 3-7 kap. Brott mot person, 4 kap. Brott mot frihet och frid, Dataintrång (9 c §)",,False
14494,"Brott mot brottsbalken, 3-7 kap. Brott mot person, 4 kap. Brott mot frihet och frid, Dataintrång (9 c §),  Genom olovlig registerslagning",4,11091.0,"Brott mot brottsbalken, 3-7 kap. Brott mot person, 4 kap. Brott mot frihet och frid",Brott mot brottsbalken,"Brott mot brottsbalken, 3-7 kap. Brott mot person","Brott mot brottsbalken, 3-7 kap. Brott mot person, 4 kap. Brott mot frihet och frid","Brott mot brottsbalken, 3-7 kap. Brott mot person, 4 kap. Brott mot frihet och frid, Dataintrång (9 c §),  Genom olovlig registerslagning",,False
14492,"Brott mot brottsbalken, 3-7 kap. Brott mot person, 4 kap. Brott mot frihet och frid, Dataintrång (9 c §),  Genom överbelastningsattack",4,11091.0,"Brott mot brottsbalken, 3-7 kap. Brott mot person, 4 kap. Brott mot frihet och frid",Brott mot brottsbalken,"Brott mot brottsbalken, 3-7 kap. Brott mot person","Brott mot brottsbalken, 3-7 kap. Brott mot person, 4 kap. Brott mot frihet och frid","Brott mot brottsbalken, 3-7 kap. Brott mot person, 4 kap. Brott mot frihet och frid, Dataintrång (9 c §),  Genom överbelastningsattack",,False
14495,"Brott mot brottsbalken, 3-7 kap. Brott mot person, 4 kap. Brott mot frihet och frid, Dataintrång (9 c §),  I sociala medier eller e-tjänster",4,11091.0,"Brott mot brottsbalken, 3-7 kap. Brott mot person, 4 kap. Brott mot frihet och frid",Brott mot brottsbalken,"Brott mot brottsbalken, 3-7 kap. Brott mot person","Brott mot brottsbalken, 3-7 kap. Brott mot person, 4 kap. Brott mot frihet och frid","Brott mot brottsbalken, 3-7 kap. Brott mot person, 4 kap. Brott mot frihet och frid, Dataintrång (9 c §),  I sociala medier eller e-tjänster",,False
14493,"Brott mot brottsbalken, 3-7 kap. Brott mot person, 4 kap. Brott mot frihet och frid, Dataintrång (9 c §),  Med hjälp av skadlig kod i utpressningssyfte",4,11091.0,"Brott mot brottsbalken, 3-7 kap. Brott mot person, 4 kap. Brott mot frihet och frid",Brott mot brottsbalken,"Brott mot brottsbalken, 3-7 kap. Brott mot person","Brott mot brottsbalken, 3-7 kap. Brott mot person, 4 kap. Brott mot frihet och frid","Brott mot brottsbalken, 3-7 kap. Brott mot person, 4 kap. Brott mot frihet och frid, Dataintrång (9 c §),  Med hjälp av skadlig kod i utpressningssyfte",,False
14496,"Brott mot brottsbalken, 3-7 kap. Brott mot person, 4 kap. Brott mot frihet och frid, Dataintrång (9 c §), Övrigt dataintrång",4,11091.0,"Brott mot brottsbalken, 3-7 kap. Brott mot person, 4 kap. Brott mot frihet och frid",Brott mot brottsbalken,"Brott mot brottsbalken, 3-7 kap. Brott mot person","Brott mot brottsbalken, 3-7 kap. Brott mot person, 4 kap. Brott mot frihet och frid","Brott mot brottsbalken, 3-7 kap. Brott mot person, 4 kap. Brott mot frihet och frid, Dataintrång (9 c §), Övrigt dataintrång",,False
11306,"Brott mot brottsbalken, 3-7 kap. Brott mot person, 4 kap. Brott mot frihet och frid, Grov fridskränkning (4 a §)",4,11091.0,"Brott mot brottsbalken, 3-7 kap. Brott mot person, 4 kap. Brott mot frihet och frid",Brott mot brottsbalken,"Brott mot brottsbalken, 3-7 kap. Brott mot person","Brott mot brottsbalken, 3-7 kap. Brott mot person, 4 kap. Brott mot frihet och frid","Brott mot brottsbalken, 3-7 kap. Brott mot person, 4 kap. Brott mot frihet och frid, Grov fridskränkning (4 a §)",,False
11307,"Brott mot brottsbalken, 3-7 kap. Brott mot person, 4 kap. Brott mot frihet och frid, Grov fridskränkning (4 a §), Mot barn under 18 år",4,11091.0,"Brott mot brottsbalken, 3-7 kap. Brott mot person, 4 kap. Brott mot frihet och frid",Brott mot brottsbalken,"Brott mot brottsbalken, 3-7 kap. Brott mot person","Brott mot brottsbalken, 3-7 kap. Brott mot person, 4 kap. Brott mot frihet och frid","Brott mot brottsbalken, 3-7 kap. Brott mot person, 4 kap. Brott mot frihet och frid, Grov fridskränkning (4 a §), Mot barn under 18 år",,False
11308,"Brott mot brottsbalken, 3-7 kap. Brott mot person, 4 kap. Brott mot frihet och frid, Grov fridskränkning (4 a §), Mot barn under 18 år, Mot flicka under 18 år",4,11091.0,"Brott mot brottsbalken, 3-7 kap. Brott mot person, 4 kap. Brott mot frihet och frid",Brott mot brottsbalken,"Brott mot brottsbalken, 3-7 kap. Brott mot person","Brott mot brottsbalken, 3-7 kap. Brott mot person, 4 kap. Brott mot frihet och frid","Brott mot brottsbalken, 3-7 kap. Brott mot person, 4 kap. Brott mot frihet och frid, Grov fridskränkning (4 a §), Mot barn under 18 år, Mot flicka under 18 år",,False
11748,"Brott mot brottsbalken, 3-7 kap. Brott mot person, 4 kap. Brott mot frihet och frid, Grov fridskränkning (4 a §), Mot barn under 18 år, Mot pojke under 18 år",4,11091.0,"Brott mot brottsbalken, 3-7 kap. Brott mot person, 4 kap. Brott mot frihet och frid",Brott mot brottsbalken,"Brott mot brottsbalken, 3-7 kap. Brott mot person","Brott mot brottsbalken, 3-7 kap. Brott mot person, 4 kap. Brott mot frihet och frid","Brott mot brottsbalken, 3-7 kap. Brott mot person, 4 kap. Brott mot frihet och frid, Grov fridskränkning (4 a §), Mot barn under 18 år, Mot pojke under 18 år",,False
11749,"Brott mot brottsbalken, 3-7 kap. Brott mot person, 4 kap. Brott mot frihet och frid, Grov fridskränkning (4 a §), Mot kvinna 18 år eller äldre",4,11091.0,"Brott mot brottsbalken, 3-7 kap. Brott mot person, 4 kap. Brott mot frihet och frid",Brott mot brottsbalken,"Brott mot brottsbalken, 3-7 kap. Brott mot person","Brott mot brottsbalken, 3-7 kap. Brott mot person, 4 kap. Brott mot frihet och frid","Brott mot brottsbalken, 3-7 kap. Brott mot person, 4 kap. Brott mot frihet och frid, Grov fridskränkning (4 a §), Mot kvinna 18 år eller äldre",,False
13937,"Brott mot brottsbalken, 3-7 kap. Brott mot person, 4 kap. Brott mot frihet och frid, Grov fridskränkning (4 a §), Mot kvinna 18 år eller äldre, Närstående genom parrelation",4,11091.0,"Brott mot brottsbalken, 3-7 kap. Brott mot person, 4 kap. Brott mot frihet och frid",Brott mot brottsbalken,"Brott mot brottsbalken, 3-7 kap. Brott mot person","Brott mot brottsbalken, 3-7 kap. Brott mot person, 4 kap. Brott mot frihet och frid","Brott mot brottsbalken, 3-7 kap. Brott mot person, 4 kap. Brott mot frihet och frid, Grov fridskränkning (4 a §), Mot kvinna 18 år eller äldre, Närstående genom parrelation",,False
13939,"Brott mot brottsbalken, 3-7 kap. Brott mot person, 4 kap. Brott mot frihet och frid, Grov fridskränkning (4 a §), Mot kvinna 18 år eller äldre, Närstående genom släktskap/familj",4,11091.0,"Brott mot brottsbalken, 3-7 kap. Brott mot person, 4 kap. Brott mot frihet och frid",Brott mot brottsbalken,"Brott mot brottsbalken, 3-7 kap. Brott mot person","Brott mot brottsbalken, 3-7 kap. Brott mot person, 4 kap. Brott mot frihet och frid","Brott mot brottsbalken, 3-7 kap. Brott mot person, 4 kap. Brott mot frihet och frid, Grov fridskränkning (4 a §), Mot kvinna 18 år eller äldre, Närstående genom släktskap/familj",,False
11750,"Brott mot brottsbalken, 3-7 kap. Brott mot person, 4 kap. Brott mot frihet och frid, Grov fridskränkning (4 a §), Mot man 18 år eller äldre",4,11091.0,"Brott mot brottsbalken, 3-7 kap. Brott mot person, 4 kap. Brott mot frihet och frid",Brott mot brottsbalken,"Brott mot brottsbalken, 3-7 kap. Brott mot person","Brott mot brottsbalken, 3-7 kap. Brott mot person, 4 kap. Brott mot frihet och frid","Brott mot brottsbalken, 3-7 kap. Brott mot person, 4 kap. Brott mot frihet och frid, Grov fridskränkning (4 a §), Mot man 18 år eller äldre",,False
13938,"Brott mot brottsbalken, 3-7 kap. Brott mot person, 4 kap. Brott mot frihet och frid, Grov fridskränkning (4 a §), Mot man 18 år eller äldre, Närstående genom parrelation",4,11091.0,"Brott mot brottsbalken, 3-7 kap. Brott mot person, 4 kap. Brott mot frihet och frid",Brott mot brottsbalken,"Brott mot brottsbalken, 3-7 kap. Brott mot person","Brott mot brottsbalken, 3-7 kap. Brott mot person, 4 kap. Brott mot frihet och frid","Brott mot brottsbalken, 3-7 kap. Brott mot person, 4 kap. Brott mot frihet och frid, Grov fridskränkning (4 a §), Mot man 18 år eller äldre, Närstående genom parrelation",,False
13940,"Brott mot brottsbalken, 3-7 kap. Brott mot person, 4 kap. Brott mot frihet och frid, Grov fridskränkning (4 a §), Mot man 18 år eller äldre, Närstående genom släktskap/familj",4,11091.0,"Brott mot brottsbalken, 3-7 kap. Brott mot person, 4 kap. Brott mot frihet och frid",Brott mot brottsbalken,"Brott mot brottsbalken, 3-7 kap. Brott mot person","Brott mot brottsbalken, 3-7 kap. Brott mot person, 4 kap. Brott mot frihet och frid","Brott mot brottsbalken, 3-7 kap. Brott mot person, 4 kap. Brott mot frihet och frid, Grov fridskränkning (4 a §), Mot man 18 år eller äldre, Närstående genom släktskap/familj",,False
11751,"Brott mot brottsbalken, 3-7 kap. Brott mot person, 4 kap. Brott mot frihet och frid, Grov kvinnofridskränkning (4 a §)",4,11091.0,"Brott mot brottsbalken, 3-7 kap. Brott mot person, 4 kap. Brott mot frihet och frid",Brott mot brottsbalken,"Brott mot brottsbalken, 3-7 kap. Brott mot person","Brott mot brottsbalken, 3-7 kap. Brott mot person, 4 kap. Brott mot frihet och frid","Brott mot brottsbalken, 3-7 kap. Brott mot person, 4 kap. Brott mot frihet och frid, Grov kvinnofridskränkning (4 a §)",,False
14684,"Brott mot brottsbalken, 3-7 kap. Brott mot person, 4 kap. Brott mot frihet och frid, Hedersförtryck (4 e §)",4,11091.0,"Brott mot brottsbalken, 3-7 kap. Brott mot person, 4 kap. Brott mot frihet och frid",Brott mot brottsbalken,"Brott mot brottsbalken, 3-7 kap. Brott mot person","Brott mot brottsbalken, 3-7 kap. Brott mot person, 4 kap. Brott mot frihet och frid","Brott mot brottsbalken, 3-7 kap. Brott mot person, 4 kap. Brott mot frihet och frid, Hedersförtryck (4 e §)",,False
14685,"Brott mot brottsbalken, 3-7 kap. Brott mot person, 4 kap. Brott mot frihet och frid, Hedersförtryck (4 e §), Mot barn under 18 år",4,11091.0,"Brott mot brottsbalken, 3-7 kap. Brott mot person, 4 kap. Brott mot frihet och frid",Brott mot brottsbalken,"Brott mot brottsbalken, 3-7 kap. Brott mot person","Brott mot brottsbalken, 3-7 kap. Brott mot person, 4 kap. Brott mot frihet och frid","Brott mot brottsbalken, 3-7 kap. Brott mot person, 4 kap. Brott mot frihet och frid, Hedersförtryck (4 e §), Mot barn under 18 år",,False
14686,"Brott mot brottsbalken, 3-7 kap. Brott mot person, 4 kap. Brott mot frihet och frid, Hedersförtryck (4 e §), Mot barn under 18 år, Mot flicka under 18 år",4,11091.0,"Brott mot brottsbalken, 3-7 kap. Brott mot person, 4 kap. Brott mot frihet och frid",Brott mot brottsbalken,"Brott mot brottsbalken, 3-7 kap. Brott mot person","Brott mot brottsbalken, 3-7 kap. Brott mot person, 4 kap. Brott mot frihet och frid","Brott mot brottsbalken, 3-7 kap. Brott mot person, 4 kap. Brott mot frihet och frid, Hedersförtryck (4 e §), Mot barn under 18 år, Mot flicka under 18 år",,False
14687,"Brott mot brottsbalken, 3-7 kap. Brott mot person, 4 kap. Brott mot frihet och frid, Hedersförtryck (4 e §), Mot barn under 18 år, Mot pojke under 18 år",4,11091.0,"Brott mot brottsbalken, 3-7 kap. Brott mot person, 4 kap. Brott mot frihet och frid",Brott mot brottsbalken,"Brott mot brottsbalken, 3-7 kap. Brott mot person","Brott mot brottsbalken, 3-7 kap. Brott mot person, 4 kap. Brott mot frihet och frid","Brott mot brottsbalken, 3-7 kap. Brott mot person, 4 kap. Brott mot frihet och frid, Hedersförtryck (4 e §), Mot barn under 18 år, Mot pojke under 18 år",,False
14688,"Brott mot brottsbalken, 3-7 kap. Brott mot person, 4 kap. Brott mot frihet och frid, Hedersförtryck (4 e §), Mot kvinna 18 år eller äldre",4,11091.0,"Brott mot brottsbalken, 3-7 kap. Brott mot person, 4 kap. Brott mot frihet och frid",Brott mot brottsbalken,"Brott mot brottsbalken, 3-7 kap. Brott mot person","Brott mot brottsbalken, 3-7 kap. Brott mot person, 4 kap. Brott mot frihet och frid","Brott mot brottsbalken, 3-7 kap. Brott mot person, 4 kap. Brott mot frihet och frid, Hedersförtryck (4 e §), Mot kvinna 18 år eller äldre",,False
14690,"Brott mot brottsbalken, 3-7 kap. Brott mot person, 4 kap. Brott mot frihet och frid, Hedersförtryck (4 e §), Mot man 18 år eller äldre",4,11091.0,"Brott mot brottsbalken, 3-7 kap. Brott mot person, 4 kap. Brott mot frihet och frid",Brott mot brottsbalken,"Brott mot brottsbalken, 3-7 kap. Brott mot person","Brott mot brottsbalken, 3-7 kap. Brott mot person, 4 kap. Brott mot frihet och frid","Brott mot brottsbalken, 3-7 kap. Brott mot person, 4 kap. Brott mot frihet och frid, Hedersförtryck (4 e §), Mot man 18 år eller äldre",,False
11329,"Brott mot brottsbalken, 3-7 kap. Brott mot person, 4 kap. Brott mot frihet och frid, Hemfridsbrott, olaga intrång (6 §)",4,11091.0,"Brott mot brottsbalken, 3-7 kap. Brott mot person, 4 kap. Brott mot frihet och frid",Brott mot brottsbalken,"Brott mot brottsbalken, 3-7 kap. Brott mot person","Brott mot brottsbalken, 3-7 kap. Brott mot person, 4 kap. Brott mot frihet och frid","Brott mot brottsbalken, 3-7 kap. Brott mot person, 4 kap. Brott mot frihet och frid, Hemfridsbrott, olaga intrång (6 §)",,False
14904,"Brott mot brottsbalken, 3-7 kap. Brott mot person, 4 kap. Brott mot frihet och frid, Intygande av sexuell oskuld (4 g §)",4,11091.0,"Brott mot brottsbalken, 3-7 kap. Brott mot person, 4 kap. Brott mot frihet och frid",Brott mot brottsbalken,"Brott mot brottsbalken, 3-7 kap. Brott mot person","Brott mot brottsbalken, 3-7 kap. Brott mot person, 4 kap. Brott mot frihet och frid","Brott mot brottsbalken, 3-7 kap. Brott mot person, 4 kap. Brott mot frihet och frid, Intygande av sexuell oskuld (4 g §)",,False
14905,"Brott mot brottsbalken, 3-7 kap. Brott mot person, 4 kap. Brott mot frihet och frid, Intygande av sexuell oskuld (4 g §), Mot flicka under 18 år",4,11091.0,"Brott mot brottsbalken, 3-7 kap. Brott mot person, 4 kap. Brott mot frihet och frid",Brott mot brottsbalken,"Brott mot brottsbalken, 3-7 kap. Brott mot person","Brott mot brottsbalken, 3-7 kap. Brott mot person, 4 kap. Brott mot frihet och frid","Brott mot brottsbalken, 3-7 kap. Brott mot person, 4 kap. Brott mot frihet och frid, Intygande av sexuell oskuld (4 g §), Mot flicka under 18 år",,False
14911,"Brott mot brottsbalken, 3-7 kap. Brott mot person, 4 kap. Brott mot frihet och frid, Intygande av sexuell oskuld (4 g §), Mot kvinna 18 år eller äldre",4,11091.0,"Brott mot brottsbalken, 3-7 kap. Brott mot person, 4 kap. Brott mot frihet och frid",Brott mot brottsbalken,"Brott mot brottsbalken, 3-7 kap. Brott mot person","Brott mot brottsbalken, 3-7 kap. Brott mot person, 4 kap. Brott mot frihet och frid","Brott mot brottsbalken, 3-7 kap. Brott mot person, 4 kap. Brott mot frihet och frid, Intygande av sexuell oskuld (4 g §), Mot kvinna 18 år eller äldre",,False
13084,"Brott mot brottsbalken, 3-7 kap. Brott mot person, 4 kap. Brott mot frihet och frid, Kränkande fotografering (6 a §)",4,11091.0,"Brott mot brottsbalken, 3-7 kap. Brott mot person, 4 kap. Brott mot frihet och frid",Brott mot brottsbalken,"Brott mot brottsbalken, 3-7 kap. Brott mot person","Brott mot brottsbalken, 3-7 kap. Brott mot person, 4 kap. Brott mot frihet och frid","Brott mot brottsbalken, 3-7 kap. Brott mot person, 4 kap. Brott mot frihet och frid, Kränkande fotografering (6 a §)",,False
5225,"Brott mot brottsbalken, 3-7 kap. Brott mot person, 4 kap. Brott mot frihet och frid, Människoexploatering (1 b §)",4,11091.0,"Brott mot brottsbalken, 3-7 kap. Brott mot person, 4 kap. Brott mot frihet och frid",Brott mot brottsbalken,"Brott mot brottsbalken, 3-7 kap. Brott mot person","Brott mot brottsbalken, 3-7 kap. Brott mot person, 4 kap. Brott mot frihet och frid","Brott mot brottsbalken, 3-7 kap. Brott mot person, 4 kap. Brott mot frihet och frid, Människoexploatering (1 b §)",,False
5227,"Brott mot brottsbalken, 3-7 kap. Brott mot person, 4 kap. Brott mot frihet och frid, Människoexploatering (1 b §), Människoexploatering för tiggeri",4,11091.0,"Brott mot brottsbalken, 3-7 kap. Brott mot person, 4 kap. Brott mot frihet och frid",Brott mot brottsbalken,"Brott mot brottsbalken, 3-7 kap. Brott mot person","Brott mot brottsbalken, 3-7 kap. Brott mot person, 4 kap. Brott mot frihet och frid","Brott mot brottsbalken, 3-7 kap. Brott mot person, 4 kap. Brott mot frihet och frid, Människoexploatering (1 b §), Människoexploatering för tiggeri",,False
5229,"Brott mot brottsbalken, 3-7 kap. Brott mot person, 4 kap. Brott mot frihet och frid, Människoexploatering (1 b §), Människoexploatering för tiggeri, Med barn under 18 år",4,11091.0,"Brott mot brottsbalken, 3-7 kap. Brott mot person, 4 kap. Brott mot frihet och frid",Brott mot brottsbalken,"Brott mot brottsbalken, 3-7 kap. Brott mot person","Brott mot brottsbalken, 3-7 kap. Brott mot person, 4 kap. Brott mot frihet och frid","Brott mot brottsbalken, 3-7 kap. Brott mot person, 4 kap. Brott mot frihet och frid, Människoexploatering (1 b §), Människoexploatering för tiggeri, Med barn under 18 år",,False
5231,"Brott mot brottsbalken, 3-7 kap. Brott mot person, 4 kap. Brott mot frihet och frid, Människoexploatering (1 b §), Människoexploatering för tiggeri, Med person 18 år eller äldre",4,11091.0,"Brott mot brottsbalken, 3-7 kap. Brott mot person, 4 kap. Brott mot frihet och frid",Brott mot brottsbalken,"Brott mot brottsbalken, 3-7 kap. Brott mot person","Brott mot brottsbalken, 3-7 kap. Brott mot person, 4 kap. Brott mot frihet och frid","Brott mot brottsbalken, 3-7 kap. Brott mot person, 4 kap. Brott mot frihet och frid, Människoexploatering (1 b §), Människoexploatering för tiggeri, Med person 18 år eller äldre",,False
5226,"Brott mot brottsbalken, 3-7 kap. Brott mot person, 4 kap. Brott mot frihet och frid, Människoexploatering (1 b §), Människoexploatering för tvångsarbete el. arbete under orimliga villkor",4,11091.0,"Brott mot brottsbalken, 3-7 kap. Brott mot person, 4 kap. Brott mot frihet och frid",Brott mot brottsbalken,"Brott mot brottsbalken, 3-7 kap. Brott mot person","Brott mot brottsbalken, 3-7 kap. Brott mot person, 4 kap. Brott mot frihet och frid","Brott mot brottsbalken, 3-7 kap. Brott mot person, 4 kap. Brott mot frihet och frid, Människoexploatering (1 b §), Människoexploatering för tvångsarbete el. arbete under orimliga villkor",,False
5228,"Brott mot brottsbalken, 3-7 kap. Brott mot person, 4 kap. Brott mot frihet och frid, Människoexploatering (1 b §), Människoexploatering för tvångsarbete el. arbete under orimliga villkor, Med barn under 18 år",4,11091.0,"Brott mot brottsbalken, 3-7 kap. Brott mot person, 4 kap. Brott mot frihet och frid",Brott mot brottsbalken,"Brott mot brottsbalken, 3-7 kap. Brott mot person","Brott mot brottsbalken, 3-7 kap. Brott mot person, 4 kap. Brott mot frihet och frid","Brott mot brottsbalken, 3-7 kap. Brott mot person, 4 kap. Brott mot frihet och frid, Människoexploatering (1 b §), Människoexploatering för tvångsarbete el. arbete under orimliga villkor, Med barn under 18 år",,False
5230,"Brott mot brottsbalken, 3-7 kap. Brott mot person, 4 kap. Brott mot frihet och frid, Människoexploatering (1 b §), Människoexploatering för tvångsarbete el. arbete under orimliga villkor, Med person 18 år eller äldre",4,11091.0,"Brott mot brottsbalken, 3-7 kap. Brott mot person, 4 kap. Brott mot frihet och frid",Brott mot brottsbalken,"Brott mot brottsbalken, 3-7 kap. Brott mot person","Brott mot brottsbalken, 3-7 kap. Brott mot person, 4 kap. Brott mot frihet och frid","Brott mot brottsbalken, 3-7 kap. Brott mot person, 4 kap. Brott mot frihet och frid, Människoexploatering (1 b §), Människoexploatering för tvångsarbete el. arbete under orimliga villkor, Med person 18 år eller äldre",,False
11298,"Brott mot brottsbalken, 3-7 kap. Brott mot person, 4 kap. Brott mot frihet och frid, Människohandel (1 a §)",4,11091.0,"Brott mot brottsbalken, 3-7 kap. Brott mot person, 4 kap. Brott mot frihet och frid",Brott mot brottsbalken,"Brott mot brottsbalken, 3-7 kap. Brott mot person","Brott mot brottsbalken, 3-7 kap. Brott mot person, 4 kap. Brott mot frihet och frid","Brott mot brottsbalken, 3-7 kap. Brott mot person, 4 kap. Brott mot frihet och frid, Människohandel (1 a §)",,False
13056,"Brott mot brottsbalken, 3-7 kap. Brott mot person, 4 kap. Brott mot frihet och frid, Människohandel (1 a §), Annan människohandel än för sexuella ändamål",4,11091.0,"Brott mot brottsbalken, 3-7 kap. Brott mot person, 4 kap. Brott mot frihet och frid",Brott mot brottsbalken,"Brott mot brottsbalken, 3-7 kap. Brott mot person","Brott mot brottsbalken, 3-7 kap. Brott mot person, 4 kap. Brott mot frihet och frid","Brott mot brottsbalken, 3-7 kap. Brott mot person, 4 kap. Brott mot frihet och frid, Människohandel (1 a §), Annan människohandel än för sexuella ändamål",,False
13057,"Brott mot brottsbalken, 3-7 kap. Brott mot person, 4 kap. Brott mot frihet och frid, Människohandel (1 a §), Annan människohandel än för sexuella ändamål, Med barn under 18 år",4,11091.0,"Brott mot brottsbalken, 3-7 kap. Brott mot person, 4 kap. Brott mot frihet och frid",Brott mot brottsbalken,"Brott mot brottsbalken, 3-7 kap. Brott mot person","Brott mot brottsbalken, 3-7 kap. Brott mot person, 4 kap. Brott mot frihet och frid","Brott mot brottsbalken, 3-7 kap. Brott mot person, 4 kap. Brott mot frihet och frid, Människohandel (1 a §), Annan människohandel än för sexuella ändamål, Med barn under 18 år",,False
13058,"Brott mot brottsbalken, 3-7 kap. Brott mot person, 4 kap. Brott mot frihet och frid, Människohandel (1 a §), Annan människohandel än för sexuella ändamål, Med person 18 år eller äldre",4,11091.0,"Brott mot brottsbalken, 3-7 kap. Brott mot person, 4 kap. Brott mot frihet och frid",Brott mot brottsbalken,"Brott mot brottsbalken, 3-7 kap. Brott mot person","Brott mot brottsbalken, 3-7 kap. Brott mot person, 4 kap. Brott mot frihet och frid","Brott mot brottsbalken, 3-7 kap. Brott mot person, 4 kap. Brott mot frihet och frid, Människohandel (1 a §), Annan människohandel än för sexuella ändamål, Med person 18 år eller äldre",,False
13072,"Brott mot brottsbalken, 3-7 kap. Brott mot person, 4 kap. Brott mot frihet och frid, Människohandel (1 a §), Människohandel för krigstjänst",4,11091.0,"Brott mot brottsbalken, 3-7 kap. Brott mot person, 4 kap. Brott mot frihet och frid",Brott mot brottsbalken,"Brott mot brottsbalken, 3-7 kap. Brott mot person","Brott mot brottsbalken, 3-7 kap. Brott mot person, 4 kap. Brott mot frihet och frid","Brott mot brottsbalken, 3-7 kap. Brott mot person, 4 kap. Brott mot frihet och frid, Människohandel (1 a §), Människohandel för krigstjänst",,False
13073,"Brott mot brottsbalken, 3-7 kap. Brott mot person, 4 kap. Brott mot frihet och frid, Människohandel (1 a §), Människohandel för krigstjänst, Med barn under 18 år",4,11091.0,"Brott mot brottsbalken, 3-7 kap. Brott mot person, 4 kap. Brott mot frihet och frid",Brott mot brottsbalken,"Brott mot brottsbalken, 3-7 kap. Brott mot person","Brott mot brottsbalken, 3-7 kap. Brott mot person, 4 kap. Brott mot frihet och frid","Brott mot brottsbalken, 3-7 kap. Brott mot person, 4 kap. Brott mot frihet och frid, Människohandel (1 a §), Människohandel för krigstjänst, Med barn under 18 år",,False
13074,"Brott mot brottsbalken, 3-7 kap. Brott mot person, 4 kap. Brott mot frihet och frid, Människohandel (1 a §), Människohandel för krigstjänst, Med person 18 år eller äldre",4,11091.0,"Brott mot brottsbalken, 3-7 kap. Brott mot person, 4 kap. Brott mot frihet och frid",Brott mot brottsbalken,"Brott mot brottsbalken, 3-7 kap. Brott mot person","Brott mot brottsbalken, 3-7 kap. Brott mot person, 4 kap. Brott mot frihet och frid","Brott mot brottsbalken, 3-7 kap. Brott mot person, 4 kap. Brott mot frihet och frid, Människohandel (1 a §), Människohandel för krigstjänst, Med person 18 år eller äldre",,False
13047,"Brott mot brottsbalken, 3-7 kap. Brott mot person, 4 kap. Brott mot frihet och frid, Människohandel (1 a §), Människohandel för organhandel",4,11091.0,"Brott mot brottsbalken, 3-7 kap. Brott mot person, 4 kap. Brott mot frihet och frid",Brott mot brottsbalken,"Brott mot brottsbalken, 3-7 kap. Brott mot person","Brott mot brottsbalken, 3-7 kap. Brott mot person, 4 kap. Brott mot frihet och frid","Brott mot brottsbalken, 3-7 kap. Brott mot person, 4 kap. Brott mot frihet och frid, Människohandel (1 a §), Människohandel för organhandel",,False
13051,"Brott mot brottsbalken, 3-7 kap. Brott mot person, 4 kap. Brott mot frihet och frid, Människohandel (1 a §), Människohandel för organhandel, Med barn under 18 år",4,11091.0,"Brott mot brottsbalken, 3-7 kap. Brott mot person, 4 kap. Brott mot frihet och frid",Brott mot brottsbalken,"Brott mot brottsbalken, 3-7 kap. Brott mot person","Brott mot brottsbalken, 3-7 kap. Brott mot person, 4 kap. Brott mot frihet och frid","Brott mot brottsbalken, 3-7 kap. Brott mot person, 4 kap. Brott mot frihet och frid, Människohandel (1 a §), Människohandel för organhandel, Med barn under 18 år",,False
13055,"Brott mot brottsbalken, 3-7 kap. Brott mot person, 4 kap. Brott mot frihet och frid, Människohandel (1 a §), Människohandel för organhandel, Med person 18 år eller äldre",4,11091.0,"Brott mot brottsbalken, 3-7 kap. Brott mot person, 4 kap. Brott mot frihet och frid",Brott mot brottsbalken,"Brott mot brottsbalken, 3-7 kap. Brott mot person","Brott mot brottsbalken, 3-7 kap. Brott mot person, 4 kap. Brott mot frihet och frid","Brott mot brottsbalken, 3-7 kap. Brott mot person, 4 kap. Brott mot frihet och frid, Människohandel (1 a §), Människohandel för organhandel, Med person 18 år eller äldre",,False
13044,"Brott mot brottsbalken, 3-7 kap. Brott mot person, 4 kap. Brott mot frihet och frid, Människohandel (1 a §), Människohandel för sexuella ändamål ",4,11091.0,"Brott mot brottsbalken, 3-7 kap. Brott mot person, 4 kap. Brott mot frihet och frid",Brott mot brottsbalken,"Brott mot brottsbalken, 3-7 kap. Brott mot person","Brott mot brottsbalken, 3-7 kap. Brott mot person, 4 kap. Brott mot frihet och frid","Brott mot brottsbalken, 3-7 kap. Brott mot person, 4 kap. Brott mot frihet och frid, Människohandel (1 a §), Människohandel för sexuella ändamål ",,False
13048,"Brott mot brottsbalken, 3-7 kap. Brott mot person, 4 kap. Brott mot frihet och frid, Människohandel (1 a §), Människohandel för sexuella ändamål , Med barn under 18 år",4,11091.0,"Brott mot brottsbalken, 3-7 kap. Brott mot person, 4 kap. Brott mot frihet och frid",Brott mot brottsbalken,"Brott mot brottsbalken, 3-7 kap. Brott mot person","Brott mot brottsbalken, 3-7 kap. Brott mot person, 4 kap. Brott mot frihet och frid","Brott mot brottsbalken, 3-7 kap. Brott mot person, 4 kap. Brott mot frihet och frid, Människohandel (1 a §), Människohandel för sexuella ändamål , Med barn under 18 år",,False
13052,"Brott mot brottsbalken, 3-7 kap. Brott mot person, 4 kap. Brott mot frihet och frid, Människohandel (1 a §), Människohandel för sexuella ändamål , Med person 18 år eller äldre",4,11091.0,"Brott mot brottsbalken, 3-7 kap. Brott mot person, 4 kap. Brott mot frihet och frid",Brott mot brottsbalken,"Brott mot brottsbalken, 3-7 kap. Brott mot person","Brott mot brottsbalken, 3-7 kap. Brott mot person, 4 kap. Brott mot frihet och frid","Brott mot brottsbalken, 3-7 kap. Brott mot person, 4 kap. Brott mot frihet och frid, Människohandel (1 a §), Människohandel för sexuella ändamål , Med person 18 år eller äldre",,False
13046,"Brott mot brottsbalken, 3-7 kap. Brott mot person, 4 kap. Brott mot frihet och frid, Människohandel (1 a §), Människohandel för tiggeri",4,11091.0,"Brott mot brottsbalken, 3-7 kap. Brott mot person, 4 kap. Brott mot frihet och frid",Brott mot brottsbalken,"Brott mot brottsbalken, 3-7 kap. Brott mot person","Brott mot brottsbalken, 3-7 kap. Brott mot person, 4 kap. Brott mot frihet och frid","Brott mot brottsbalken, 3-7 kap. Brott mot person, 4 kap. Brott mot frihet och frid, Människohandel (1 a §), Människohandel för tiggeri",,False
13050,"Brott mot brottsbalken, 3-7 kap. Brott mot person, 4 kap. Brott mot frihet och frid, Människohandel (1 a §), Människohandel för tiggeri, Med barn under 18 år",4,11091.0,"Brott mot brottsbalken, 3-7 kap. Brott mot person, 4 kap. Brott mot frihet och frid",Brott mot brottsbalken,"Brott mot brottsbalken, 3-7 kap. Brott mot person","Brott mot brottsbalken, 3-7 kap. Brott mot person, 4 kap. Brott mot frihet och frid","Brott mot brottsbalken, 3-7 kap. Brott mot person, 4 kap. Brott mot frihet och frid, Människohandel (1 a §), Människohandel för tiggeri, Med barn under 18 år",,False
13054,"Brott mot brottsbalken, 3-7 kap. Brott mot person, 4 kap. Brott mot frihet och frid, Människohandel (1 a §), Människohandel för tiggeri, Med person 18 år eller äldre",4,11091.0,"Brott mot brottsbalken, 3-7 kap. Brott mot person, 4 kap. Brott mot frihet och frid",Brott mot brottsbalken,"Brott mot brottsbalken, 3-7 kap. Brott mot person","Brott mot brottsbalken, 3-7 kap. Brott mot person, 4 kap. Brott mot frihet och frid","Brott mot brottsbalken, 3-7 kap. Brott mot person, 4 kap. Brott mot frihet och frid, Människohandel (1 a §), Människohandel för tiggeri, Med person 18 år eller äldre",,False
13045,"Brott mot brottsbalken, 3-7 kap. Brott mot person, 4 kap. Brott mot frihet och frid, Människohandel (1 a §), Människohandel för tvångsarbete",4,11091.0,"Brott mot brottsbalken, 3-7 kap. Brott mot person, 4 kap. Brott mot frihet och frid",Brott mot brottsbalken,"Brott mot brottsbalken, 3-7 kap. Brott mot person","Brott mot brottsbalken, 3-7 kap. Brott mot person, 4 kap. Brott mot frihet och frid","Brott mot brottsbalken, 3-7 kap. Brott mot person, 4 kap. Brott mot frihet och frid, Människohandel (1 a §), Människohandel för tvångsarbete",,False
13049,"Brott mot brottsbalken, 3-7 kap. Brott mot person, 4 kap. Brott mot frihet och frid, Människohandel (1 a §), Människohandel för tvångsarbete, Med barn under 18 år",4,11091.0,"Brott mot brottsbalken, 3-7 kap. Brott mot person, 4 kap. Brott mot frihet och frid",Brott mot brottsbalken,"Brott mot brottsbalken, 3-7 kap. Brott mot person","Brott mot brottsbalken, 3-7 kap. Brott mot person, 4 kap. Brott mot frihet och frid","Brott mot brottsbalken, 3-7 kap. Brott mot person, 4 kap. Brott mot frihet och frid, Människohandel (1 a §), Människohandel för tvångsarbete, Med barn under 18 år",,False
13053,"Brott mot brottsbalken, 3-7 kap. Brott mot person, 4 kap. Brott mot frihet och frid, Människohandel (1 a §), Människohandel för tvångsarbete, Med person 18 år eller äldre",4,11091.0,"Brott mot brottsbalken, 3-7 kap. Brott mot person, 4 kap. Brott mot frihet och frid",Brott mot brottsbalken,"Brott mot brottsbalken, 3-7 kap. Brott mot person","Brott mot brottsbalken, 3-7 kap. Brott mot person, 4 kap. Brott mot frihet och frid","Brott mot brottsbalken, 3-7 kap. Brott mot person, 4 kap. Brott mot frihet och frid, Människohandel (1 a §), Människohandel för tvångsarbete, Med person 18 år eller äldre",,False
13075,"Brott mot brottsbalken, 3-7 kap. Brott mot person, 4 kap. Brott mot frihet och frid, Människohandel (1 a §), Människohandel för övriga ändamål",4,11091.0,"Brott mot brottsbalken, 3-7 kap. Brott mot person, 4 kap. Brott mot frihet och frid",Brott mot brottsbalken,"Brott mot brottsbalken, 3-7 kap. Brott mot person","Brott mot brottsbalken, 3-7 kap. Brott mot person, 4 kap. Brott mot frihet och frid","Brott mot brottsbalken, 3-7 kap. Brott mot person, 4 kap. Brott mot frihet och frid, Människohandel (1 a §), Människohandel för övriga ändamål",,False
13076,"Brott mot brottsbalken, 3-7 kap. Brott mot person, 4 kap. Brott mot frihet och frid, Människohandel (1 a §), Människohandel för övriga ändamål, Med barn under 18 år",4,11091.0,"Brott mot brottsbalken, 3-7 kap. Brott mot person, 4 kap. Brott mot frihet och frid",Brott mot brottsbalken,"Brott mot brottsbalken, 3-7 kap. Brott mot person","Brott mot brottsbalken, 3-7 kap. Brott mot person, 4 kap. Brott mot frihet och frid","Brott mot brottsbalken, 3-7 kap. Brott mot person, 4 kap. Brott mot frihet och frid, Människohandel (1 a §), Människohandel för övriga ändamål, Med barn under 18 år",,False
13077,"Brott mot brottsbalken, 3-7 kap. Brott mot person, 4 kap. Brott mot frihet och frid, Människohandel (1 a §), Människohandel för övriga ändamål, Med person 18 år eller äldre",4,11091.0,"Brott mot brottsbalken, 3-7 kap. Brott mot person, 4 kap. Brott mot frihet och frid",Brott mot brottsbalken,"Brott mot brottsbalken, 3-7 kap. Brott mot person","Brott mot brottsbalken, 3-7 kap. Brott mot person, 4 kap. Brott mot frihet och frid","Brott mot brottsbalken, 3-7 kap. Brott mot person, 4 kap. Brott mot frihet och frid, Människohandel (1 a §), Människohandel för övriga ändamål, Med person 18 år eller äldre",,False
11297,"Brott mot brottsbalken, 3-7 kap. Brott mot person, 4 kap. Brott mot frihet och frid, Människorov, olaga frihetsberövande (1-2 §)",4,11091.0,"Brott mot brottsbalken, 3-7 kap. Brott mot person, 4 kap. Brott mot frihet och frid",Brott mot brottsbalken,"Brott mot brottsbalken, 3-7 kap. Brott mot person","Brott mot brottsbalken, 3-7 kap. Brott mot person, 4 kap. Brott mot frihet och frid","Brott mot brottsbalken, 3-7 kap. Brott mot person, 4 kap. Brott mot frihet och frid, Människorov, olaga frihetsberövande (1-2 §)",,False
14227,"Brott mot brottsbalken, 3-7 kap. Brott mot person, 4 kap. Brott mot frihet och frid, Människorov, olaga frihetsberövande (1-2 §), Människorov (1 §)",4,11091.0,"Brott mot brottsbalken, 3-7 kap. Brott mot person, 4 kap. Brott mot frihet och frid",Brott mot brottsbalken,"Brott mot brottsbalken, 3-7 kap. Brott mot person","Brott mot brottsbalken, 3-7 kap. Brott mot person, 4 kap. Brott mot frihet och frid","Brott mot brottsbalken, 3-7 kap. Brott mot person, 4 kap. Brott mot frihet och frid, Människorov, olaga frihetsberövande (1-2 §), Människorov (1 §)",,False
14293,"Brott mot brottsbalken, 3-7 kap. Brott mot person, 4 kap. Brott mot frihet och frid, Människorov, olaga frihetsberövande (1-2 §), Olaga frihetsberövande (2§) (fr o m 2020)",4,11091.0,"Brott mot brottsbalken, 3-7 kap. Brott mot person, 4 kap. Brott mot frihet och frid",Brott mot brottsbalken,"Brott mot brottsbalken, 3-7 kap. Brott mot person","Brott mot brottsbalken, 3-7 kap. Brott mot person, 4 kap. Brott mot frihet och frid","Brott mot brottsbalken, 3-7 kap. Brott mot person, 4 kap. Brott mot frihet och frid, Människorov, olaga frihetsberövande (1-2 §), Olaga frihetsberövande (2§) (fr o m 2020)",,False
14294,"Brott mot brottsbalken, 3-7 kap. Brott mot person, 4 kap. Brott mot frihet och frid, Människorov, olaga frihetsberövande (1-2 §), Olaga frihetsberövande (2§) (fr o m 2020), Mot flicka under 18 år",4,11091.0,"Brott mot brottsbalken, 3-7 kap. Brott mot person, 4 kap. Brott mot frihet och frid",Brott mot brottsbalken,"Brott mot brottsbalken, 3-7 kap. Brott mot person","Brott mot brottsbalken, 3-7 kap. Brott mot person, 4 kap. Brott mot frihet och frid","Brott mot brottsbalken, 3-7 kap. Brott mot person, 4 kap. Brott mot frihet och frid, Människorov, olaga frihetsberövande (1-2 §), Olaga frihetsberövande (2§) (fr o m 2020), Mot flicka under 18 år",,False
14296,"Brott mot brottsbalken, 3-7 kap. Brott mot person, 4 kap. Brott mot frihet och frid, Människorov, olaga frihetsberövande (1-2 §), Olaga frihetsberövande (2§) (fr o m 2020), Mot kvinna 18 år eller äldre",4,11091.0,"Brott mot brottsbalken, 3-7 kap. Brott mot person, 4 kap. Brott mot frihet och frid",Brott mot brottsbalken,"Brott mot brottsbalken, 3-7 kap. Brott mot person","Brott mot brottsbalken, 3-7 kap. Brott mot person, 4 kap. Brott mot frihet och frid","Brott mot brottsbalken, 3-7 kap. Brott mot person, 4 kap. Brott mot frihet och frid, Människorov, olaga frihetsberövande (1-2 §), Olaga frihetsberövande (2§) (fr o m 2020), Mot kvinna 18 år eller äldre",,False
14304,"Brott mot brottsbalken, 3-7 kap. Brott mot person, 4 kap. Brott mot frihet och frid, Människorov, olaga frihetsberövande (1-2 §), Olaga frihetsberövande (2§) (fr o m 2020), Mot kvinna 18 år eller äldre, Annan slags relation eller bekantskap",4,11091.0,"Brott mot brottsbalken, 3-7 kap. Brott mot person, 4 kap. Brott mot frihet och frid",Brott mot brottsbalken,"Brott mot brottsbalken, 3-7 kap. Brott mot person","Brott mot brottsbalken, 3-7 kap. Brott mot person, 4 kap. Brott mot frihet och frid","Brott mot brottsbalken, 3-7 kap. Brott mot person, 4 kap. Brott mot frihet och frid, Människorov, olaga frihetsberövande (1-2 §), Olaga frihetsberövande (2§) (fr o m 2020), Mot kvinna 18 år eller äldre, Annan slags relation eller bekantskap",,False
14302,"Brott mot brottsbalken, 3-7 kap. Brott mot person, 4 kap. Brott mot frihet och frid, Människorov, olaga frihetsberövande (1-2 §), Olaga frihetsberövande (2§) (fr o m 2020), Mot kvinna 18 år eller äldre, Närstående genom parrelation",4,11091.0,"Brott mot brottsbalken, 3-7 kap. Brott mot person, 4 kap. Brott mot frihet och frid",Brott mot brottsbalken,"Brott mot brottsbalken, 3-7 kap. Brott mot person","Brott mot brottsbalken, 3-7 kap. Brott mot person, 4 kap. Brott mot frihet och frid","Brott mot brottsbalken, 3-7 kap. Brott mot person, 4 kap. Brott mot frihet och frid, Människorov, olaga frihetsberövande (1-2 §), Olaga frihetsberövande (2§) (fr o m 2020), Mot kvinna 18 år eller äldre, Närstående genom parrelation",,False
14303,"Brott mot brottsbalken, 3-7 kap. Brott mot person, 4 kap. Brott mot frihet och frid, Människorov, olaga frihetsberövande (1-2 §), Olaga frihetsberövande (2§) (fr o m 2020), Mot kvinna 18 år eller äldre, Närstående genom släktskap/familj",4,11091.0,"Brott mot brottsbalken, 3-7 kap. Brott mot person, 4 kap. Brott mot frihet och frid",Brott mot brottsbalken,"Brott mot brottsbalken, 3-7 kap. Brott mot person","Brott mot brottsbalken, 3-7 kap. Brott mot person, 4 kap. Brott mot frihet och frid","Brott mot brottsbalken, 3-7 kap. Brott mot person, 4 kap. Brott mot frihet och frid, Människorov, olaga frihetsberövande (1-2 §), Olaga frihetsberövande (2§) (fr o m 2020), Mot kvinna 18 år eller äldre, Närstående genom släktskap/familj",,False
14305,"Brott mot brottsbalken, 3-7 kap. Brott mot person, 4 kap. Brott mot frihet och frid, Människorov, olaga frihetsberövande (1-2 §), Olaga frihetsberövande (2§) (fr o m 2020), Mot kvinna 18 år eller äldre, Obekanta",4,11091.0,"Brott mot brottsbalken, 3-7 kap. Brott mot person, 4 kap. Brott mot frihet och frid",Brott mot brottsbalken,"Brott mot brottsbalken, 3-7 kap. Brott mot person","Brott mot brottsbalken, 3-7 kap. Brott mot person, 4 kap. Brott mot frihet och frid","Brott mot brottsbalken, 3-7 kap. Brott mot person, 4 kap. Brott mot frihet och frid, Människorov, olaga frihetsberövande (1-2 §), Olaga frihetsberövande (2§) (fr o m 2020), Mot kvinna 18 år eller äldre, Obekanta",,False
14297,"Brott mot brottsbalken, 3-7 kap. Brott mot person, 4 kap. Brott mot frihet och frid, Människorov, olaga frihetsberövande (1-2 §), Olaga frihetsberövande (2§) (fr o m 2020), Mot man 18 år eller äldre",4,11091.0,"Brott mot brottsbalken, 3-7 kap. Brott mot person, 4 kap. Brott mot frihet och frid",Brott mot brottsbalken,"Brott mot brottsbalken, 3-7 kap. Brott mot person","Brott mot brottsbalken, 3-7 kap. Brott mot person, 4 kap. Brott mot frihet och frid","Brott mot brottsbalken, 3-7 kap. Brott mot person, 4 kap. Brott mot frihet och frid, Människorov, olaga frihetsberövande (1-2 §), Olaga frihetsberövande (2§) (fr o m 2020), Mot man 18 år eller äldre",,False
14300,"Brott mot brottsbalken, 3-7 kap. Brott mot person, 4 kap. Brott mot frihet och frid, Människorov, olaga frihetsberövande (1-2 §), Olaga frihetsberövande (2§) (fr o m 2020), Mot man 18 år eller äldre, Annan slags relation eller bekantskap",4,11091.0,"Brott mot brottsbalken, 3-7 kap. Brott mot person, 4 kap. Brott mot frihet och frid",Brott mot brottsbalken,"Brott mot brottsbalken, 3-7 kap. Brott mot person","Brott mot brottsbalken, 3-7 kap. Brott mot person, 4 kap. Brott mot frihet och frid","Brott mot brottsbalken, 3-7 kap. Brott mot person, 4 kap. Brott mot frihet och frid, Människorov, olaga frihetsberövande (1-2 §), Olaga frihetsberövande (2§) (fr o m 2020), Mot man 18 år eller äldre, Annan slags relation eller bekantskap",,False
14298,"Brott mot brottsbalken, 3-7 kap. Brott mot person, 4 kap. Brott mot frihet och frid, Människorov, olaga frihetsberövande (1-2 §), Olaga frihetsberövande (2§) (fr o m 2020), Mot man 18 år eller äldre, Närstående genom parrelation",4,11091.0,"Brott mot brottsbalken, 3-7 kap. Brott mot person, 4 kap. Brott mot frihet och frid",Brott mot brottsbalken,"Brott mot brottsbalken, 3-7 kap. Brott mot person","Brott mot brottsbalken, 3-7 kap. Brott mot person, 4 kap. Brott mot frihet och frid","Brott mot brottsbalken, 3-7 kap. Brott mot person, 4 kap. Brott mot frihet och frid, Människorov, olaga frihetsberövande (1-2 §), Olaga frihetsberövande (2§) (fr o m 2020), Mot man 18 år eller äldre, Närstående genom parrelation",,False
14299,"Brott mot brottsbalken, 3-7 kap. Brott mot person, 4 kap. Brott mot frihet och frid, Människorov, olaga frihetsberövande (1-2 §), Olaga frihetsberövande (2§) (fr o m 2020), Mot man 18 år eller äldre, Närstående genom släktskap/familj",4,11091.0,"Brott mot brottsbalken, 3-7 kap. Brott mot person, 4 kap. Brott mot frihet och frid",Brott mot brottsbalken,"Brott mot brottsbalken, 3-7 kap. Brott mot person","Brott mot brottsbalken, 3-7 kap. Brott mot person, 4 kap. Brott mot frihet och frid","Brott mot brottsbalken, 3-7 kap. Brott mot person, 4 kap. Brott mot frihet och frid, Människorov, olaga frihetsberövande (1-2 §), Olaga frihetsberövande (2§) (fr o m 2020), Mot man 18 år eller äldre, Närstående genom släktskap/familj",,False
14301,"Brott mot brottsbalken, 3-7 kap. Brott mot person, 4 kap. Brott mot frihet och frid, Människorov, olaga frihetsberövande (1-2 §), Olaga frihetsberövande (2§) (fr o m 2020), Mot man 18 år eller äldre, Obekanta",4,11091.0,"Brott mot brottsbalken, 3-7 kap. Brott mot person, 4 kap. Brott mot frihet och frid",Brott mot brottsbalken,"Brott mot brottsbalken, 3-7 kap. Brott mot person","Brott mot brottsbalken, 3-7 kap. Brott mot person, 4 kap. Brott mot frihet och frid","Brott mot brottsbalken, 3-7 kap. Brott mot person, 4 kap. Brott mot frihet och frid, Människorov, olaga frihetsberövande (1-2 §), Olaga frihetsberövande (2§) (fr o m 2020), Mot man 18 år eller äldre, Obekanta",,False
14295,"Brott mot brottsbalken, 3-7 kap. Brott mot person, 4 kap. Brott mot frihet och frid, Människorov, olaga frihetsberövande (1-2 §), Olaga frihetsberövande (2§) (fr o m 2020), Mot pojke under 18 år",4,11091.0,"Brott mot brottsbalken, 3-7 kap. Brott mot person, 4 kap. Brott mot frihet och frid",Brott mot brottsbalken,"Brott mot brottsbalken, 3-7 kap. Brott mot person","Brott mot brottsbalken, 3-7 kap. Brott mot person, 4 kap. Brott mot frihet och frid","Brott mot brottsbalken, 3-7 kap. Brott mot person, 4 kap. Brott mot frihet och frid, Människorov, olaga frihetsberövande (1-2 §), Olaga frihetsberövande (2§) (fr o m 2020), Mot pojke under 18 år",,False
14584,"Brott mot brottsbalken, 3-7 kap. Brott mot person, 4 kap. Brott mot frihet och frid, Oaktsam uppmaning till självmord (7a § 1 st.)",4,11091.0,"Brott mot brottsbalken, 3-7 kap. Brott mot person, 4 kap. Brott mot frihet och frid",Brott mot brottsbalken,"Brott mot brottsbalken, 3-7 kap. Brott mot person","Brott mot brottsbalken, 3-7 kap. Brott mot person, 4 kap. Brott mot frihet och frid","Brott mot brottsbalken, 3-7 kap. Brott mot person, 4 kap. Brott mot frihet och frid, Oaktsam uppmaning till självmord (7a § 1 st.)",,False
14595,"Brott mot brottsbalken, 3-7 kap. Brott mot person, 4 kap. Brott mot frihet och frid, Oaktsam uppmaning till självmord (7a § 1 st.), Mot barn under 18 år",4,11091.0,"Brott mot brottsbalken, 3-7 kap. Brott mot person, 4 kap. Brott mot frihet och frid",Brott mot brottsbalken,"Brott mot brottsbalken, 3-7 kap. Brott mot person","Brott mot brottsbalken, 3-7 kap. Brott mot person, 4 kap. Brott mot frihet och frid","Brott mot brottsbalken, 3-7 kap. Brott mot person, 4 kap. Brott mot frihet och frid, Oaktsam uppmaning till självmord (7a § 1 st.), Mot barn under 18 år",,False
14597,"Brott mot brottsbalken, 3-7 kap. Brott mot person, 4 kap. Brott mot frihet och frid, Oaktsam uppmaning till självmord (7a § 1 st.), Mot barn under 18 år, Mot flicka under 18 år",4,11091.0,"Brott mot brottsbalken, 3-7 kap. Brott mot person, 4 kap. Brott mot frihet och frid",Brott mot brottsbalken,"Brott mot brottsbalken, 3-7 kap. Brott mot person","Brott mot brottsbalken, 3-7 kap. Brott mot person, 4 kap. Brott mot frihet och frid","Brott mot brottsbalken, 3-7 kap. Brott mot person, 4 kap. Brott mot frihet och frid, Oaktsam uppmaning till självmord (7a § 1 st.), Mot barn under 18 år, Mot flicka under 18 år",,False
14596,"Brott mot brottsbalken, 3-7 kap. Brott mot person, 4 kap. Brott mot frihet och frid, Oaktsam uppmaning till självmord (7a § 1 st.), Mot barn under 18 år, Mot pojke under 18 år",4,11091.0,"Brott mot brottsbalken, 3-7 kap. Brott mot person, 4 kap. Brott mot frihet och frid",Brott mot brottsbalken,"Brott mot brottsbalken, 3-7 kap. Brott mot person","Brott mot brottsbalken, 3-7 kap. Brott mot person, 4 kap. Brott mot frihet och frid","Brott mot brottsbalken, 3-7 kap. Brott mot person, 4 kap. Brott mot frihet och frid, Oaktsam uppmaning till självmord (7a § 1 st.), Mot barn under 18 år, Mot pojke under 18 år",,False
14593,"Brott mot brottsbalken, 3-7 kap. Brott mot person, 4 kap. Brott mot frihet och frid, Oaktsam uppmaning till självmord (7a § 1 st.), Mot kvinna 18 år eller äldre",4,11091.0,"Brott mot brottsbalken, 3-7 kap. Brott mot person, 4 kap. Brott mot frihet och frid",Brott mot brottsbalken,"Brott mot brottsbalken, 3-7 kap. Brott mot person","Brott mot brottsbalken, 3-7 kap. Brott mot person, 4 kap. Brott mot frihet och frid","Brott mot brottsbalken, 3-7 kap. Brott mot person, 4 kap. Brott mot frihet och frid, Oaktsam uppmaning till självmord (7a § 1 st.), Mot kvinna 18 år eller äldre",,False
14594,"Brott mot brottsbalken, 3-7 kap. Brott mot person, 4 kap. Brott mot frihet och frid, Oaktsam uppmaning till självmord (7a § 1 st.), Mot man 18 år eller äldre",4,11091.0,"Brott mot brottsbalken, 3-7 kap. Brott mot person, 4 kap. Brott mot frihet och frid",Brott mot brottsbalken,"Brott mot brottsbalken, 3-7 kap. Brott mot person","Brott mot brottsbalken, 3-7 kap. Brott mot person, 4 kap. Brott mot frihet och frid","Brott mot brottsbalken, 3-7 kap. Brott mot person, 4 kap. Brott mot frihet och frid, Oaktsam uppmaning till självmord (7a § 1 st.), Mot man 18 år eller äldre",,False
11330,"Brott mot brottsbalken, 3-7 kap. Brott mot person, 4 kap. Brott mot frihet och frid, Ofredande (7 §)",4,11091.0,"Brott mot brottsbalken, 3-7 kap. Brott mot person, 4 kap. Brott mot frihet och frid",Brott mot brottsbalken,"Brott mot brottsbalken, 3-7 kap. Brott mot person","Brott mot brottsbalken, 3-7 kap. Brott mot person, 4 kap. Brott mot frihet och frid","Brott mot brottsbalken, 3-7 kap. Brott mot person, 4 kap. Brott mot frihet och frid, Ofredande (7 §)",,False
11331,"Brott mot brottsbalken, 3-7 kap. Brott mot person, 4 kap. Brott mot frihet och frid, Ofredande (7 §), Mot barn under 18 år",4,11091.0,"Brott mot brottsbalken, 3-7 kap. Brott mot person, 4 kap. Brott mot frihet och frid",Brott mot brottsbalken,"Brott mot brottsbalken, 3-7 kap. Brott mot person","Brott mot brottsbalken, 3-7 kap. Brott mot person, 4 kap. Brott mot frihet och frid","Brott mot brottsbalken, 3-7 kap. Brott mot person, 4 kap. Brott mot frihet och frid, Ofredande (7 §), Mot barn under 18 år",,False
11332,"Brott mot brottsbalken, 3-7 kap. Brott mot person, 4 kap. Brott mot frihet och frid, Ofredande (7 §), Mot barn under 18 år, Mot flicka under 18 år",4,11091.0,"Brott mot brottsbalken, 3-7 kap. Brott mot person, 4 kap. Brott mot frihet och frid",Brott mot brottsbalken,"Brott mot brottsbalken, 3-7 kap. Brott mot person","Brott mot brottsbalken, 3-7 kap. Brott mot person, 4 kap. Brott mot frihet och frid","Brott mot brottsbalken, 3-7 kap. Brott mot person, 4 kap. Brott mot frihet och frid, Ofredande (7 §), Mot barn under 18 år, Mot flicka under 18 år",,False
11333,"Brott mot brottsbalken, 3-7 kap. Brott mot person, 4 kap. Brott mot frihet och frid, Ofredande (7 §), Mot barn under 18 år, Mot pojke under 18 år",4,11091.0,"Brott mot brottsbalken, 3-7 kap. Brott mot person, 4 kap. Brott mot frihet och frid",Brott mot brottsbalken,"Brott mot brottsbalken, 3-7 kap. Brott mot person","Brott mot brottsbalken, 3-7 kap. Brott mot person, 4 kap. Brott mot frihet och frid","Brott mot brottsbalken, 3-7 kap. Brott mot person, 4 kap. Brott mot frihet och frid, Ofredande (7 §), Mot barn under 18 år, Mot pojke under 18 år",,False
11336,"Brott mot brottsbalken, 3-7 kap. Brott mot person, 4 kap. Brott mot frihet och frid, Ofredande (7 §), Mot grupp",4,11091.0,"Brott mot brottsbalken, 3-7 kap. Brott mot person, 4 kap. Brott mot frihet och frid",Brott mot brottsbalken,"Brott mot brottsbalken, 3-7 kap. Brott mot person","Brott mot brottsbalken, 3-7 kap. Brott mot person, 4 kap. Brott mot frihet och frid","Brott mot brottsbalken, 3-7 kap. Brott mot person, 4 kap. Brott mot frihet och frid, Ofredande (7 §), Mot grupp",,False
11334,"Brott mot brottsbalken, 3-7 kap. Brott mot person, 4 kap. Brott mot frihet och frid, Ofredande (7 §), Mot kvinna 18 år eller äldre",4,11091.0,"Brott mot brottsbalken, 3-7 kap. Brott mot person, 4 kap. Brott mot frihet och frid",Brott mot brottsbalken,"Brott mot brottsbalken, 3-7 kap. Brott mot person","Brott mot brottsbalken, 3-7 kap. Brott mot person, 4 kap. Brott mot frihet och frid","Brott mot brottsbalken, 3-7 kap. Brott mot person, 4 kap. Brott mot frihet och frid, Ofredande (7 §), Mot kvinna 18 år eller äldre",,False
14363,"Brott mot brottsbalken, 3-7 kap. Brott mot person, 4 kap. Brott mot frihet och frid, Ofredande (7 §), Mot kvinna 18 år eller äldre, Annan slags relation eller bekantskap",4,11091.0,"Brott mot brottsbalken, 3-7 kap. Brott mot person, 4 kap. Brott mot frihet och frid",Brott mot brottsbalken,"Brott mot brottsbalken, 3-7 kap. Brott mot person","Brott mot brottsbalken, 3-7 kap. Brott mot person, 4 kap. Brott mot frihet och frid","Brott mot brottsbalken, 3-7 kap. Brott mot person, 4 kap. Brott mot frihet och frid, Ofredande (7 §), Mot kvinna 18 år eller äldre, Annan slags relation eller bekantskap",,False
14361,"Brott mot brottsbalken, 3-7 kap. Brott mot person, 4 kap. Brott mot frihet och frid, Ofredande (7 §), Mot kvinna 18 år eller äldre, Närstående genom parrelation",4,11091.0,"Brott mot brottsbalken, 3-7 kap. Brott mot person, 4 kap. Brott mot frihet och frid",Brott mot brottsbalken,"Brott mot brottsbalken, 3-7 kap. Brott mot person","Brott mot brottsbalken, 3-7 kap. Brott mot person, 4 kap. Brott mot frihet och frid","Brott mot brottsbalken, 3-7 kap. Brott mot person, 4 kap. Brott mot frihet och frid, Ofredande (7 §), Mot kvinna 18 år eller äldre, Närstående genom parrelation",,False
14362,"Brott mot brottsbalken, 3-7 kap. Brott mot person, 4 kap. Brott mot frihet och frid, Ofredande (7 §), Mot kvinna 18 år eller äldre, Närstående genom släktskap/familj",4,11091.0,"Brott mot brottsbalken, 3-7 kap. Brott mot person, 4 kap. Brott mot frihet och frid",Brott mot brottsbalken,"Brott mot brottsbalken, 3-7 kap. Brott mot person","Brott mot brottsbalken, 3-7 kap. Brott mot person, 4 kap. Brott mot frihet och frid","Brott mot brottsbalken, 3-7 kap. Brott mot person, 4 kap. Brott mot frihet och frid, Ofredande (7 §), Mot kvinna 18 år eller äldre, Närstående genom släktskap/familj",,False
14364,"Brott mot brottsbalken, 3-7 kap. Brott mot person, 4 kap. Brott mot frihet och frid, Ofredande (7 §), Mot kvinna 18 år eller äldre, Obekanta",4,11091.0,"Brott mot brottsbalken, 3-7 kap. Brott mot person, 4 kap. Brott mot frihet och frid",Brott mot brottsbalken,"Brott mot brottsbalken, 3-7 kap. Brott mot person","Brott mot brottsbalken, 3-7 kap. Brott mot person, 4 kap. Brott mot frihet och frid","Brott mot brottsbalken, 3-7 kap. Brott mot person, 4 kap. Brott mot frihet och frid, Ofredande (7 §), Mot kvinna 18 år eller äldre, Obekanta",,False
11335,"Brott mot brottsbalken, 3-7 kap. Brott mot person, 4 kap. Brott mot frihet och frid, Ofredande (7 §), Mot man 18 år eller äldre",4,11091.0,"Brott mot brottsbalken, 3-7 kap. Brott mot person, 4 kap. Brott mot frihet och frid",Brott mot brottsbalken,"Brott mot brottsbalken, 3-7 kap. Brott mot person","Brott mot brottsbalken, 3-7 kap. Brott mot person, 4 kap. Brott mot frihet och frid","Brott mot brottsbalken, 3-7 kap. Brott mot person, 4 kap. Brott mot frihet och frid, Ofredande (7 §), Mot man 18 år eller äldre",,False
14358,"Brott mot brottsbalken, 3-7 kap. Brott mot person, 4 kap. Brott mot frihet och frid, Ofredande (7 §), Mot man 18 år eller äldre, Annan slags relation eller bekantskap",4,11091.0,"Brott mot brottsbalken, 3-7 kap. Brott mot person, 4 kap. Brott mot frihet och frid",Brott mot brottsbalken,"Brott mot brottsbalken, 3-7 kap. Brott mot person","Brott mot brottsbalken, 3-7 kap. Brott mot person, 4 kap. Brott mot frihet och frid","Brott mot brottsbalken, 3-7 kap. Brott mot person, 4 kap. Brott mot frihet och frid, Ofredande (7 §), Mot man 18 år eller äldre, Annan slags relation eller bekantskap",,False
14356,"Brott mot brottsbalken, 3-7 kap. Brott mot person, 4 kap. Brott mot frihet och frid, Ofredande (7 §), Mot man 18 år eller äldre, Närstående genom parrelation",4,11091.0,"Brott mot brottsbalken, 3-7 kap. Brott mot person, 4 kap. Brott mot frihet och frid",Brott mot brottsbalken,"Brott mot brottsbalken, 3-7 kap. Brott mot person","Brott mot brottsbalken, 3-7 kap. Brott mot person, 4 kap. Brott mot frihet och frid","Brott mot brottsbalken, 3-7 kap. Brott mot person, 4 kap. Brott mot frihet och frid, Ofredande (7 §), Mot man 18 år eller äldre, Närstående genom parrelation",,False
14357,"Brott mot brottsbalken, 3-7 kap. Brott mot person, 4 kap. Brott mot frihet och frid, Ofredande (7 §), Mot man 18 år eller äldre, Närstående genom släktskap/familj",4,11091.0,"Brott mot brottsbalken, 3-7 kap. Brott mot person, 4 kap. Brott mot frihet och frid",Brott mot brottsbalken,"Brott mot brottsbalken, 3-7 kap. Brott mot person","Brott mot brottsbalken, 3-7 kap. Brott mot person, 4 kap. Brott mot frihet och frid","Brott mot brottsbalken, 3-7 kap. Brott mot person, 4 kap. Brott mot frihet och frid, Ofredande (7 §), Mot man 18 år eller äldre, Närstående genom släktskap/familj",,False
14359,"Brott mot brottsbalken, 3-7 kap. Brott mot person, 4 kap. Brott mot frihet och frid, Ofredande (7 §), Mot man 18 år eller äldre, Obekanta",4,11091.0,"Brott mot brottsbalken, 3-7 kap. Brott mot person, 4 kap. Brott mot frihet och frid",Brott mot brottsbalken,"Brott mot brottsbalken, 3-7 kap. Brott mot person","Brott mot brottsbalken, 3-7 kap. Brott mot person, 4 kap. Brott mot frihet och frid","Brott mot brottsbalken, 3-7 kap. Brott mot person, 4 kap. Brott mot frihet och frid, Ofredande (7 §), Mot man 18 år eller äldre, Obekanta",,False
11323,"Brott mot brottsbalken, 3-7 kap. Brott mot person, 4 kap. Brott mot frihet och frid, Olaga förföljelse (4 b §)",4,11091.0,"Brott mot brottsbalken, 3-7 kap. Brott mot person, 4 kap. Brott mot frihet och frid",Brott mot brottsbalken,"Brott mot brottsbalken, 3-7 kap. Brott mot person","Brott mot brottsbalken, 3-7 kap. Brott mot person, 4 kap. Brott mot frihet och frid","Brott mot brottsbalken, 3-7 kap. Brott mot person, 4 kap. Brott mot frihet och frid, Olaga förföljelse (4 b §)",,False
11324,"Brott mot brottsbalken, 3-7 kap. Brott mot person, 4 kap. Brott mot frihet och frid, Olaga förföljelse (4 b §), Mot barn under 18 år",4,11091.0,"Brott mot brottsbalken, 3-7 kap. Brott mot person, 4 kap. Brott mot frihet och frid",Brott mot brottsbalken,"Brott mot brottsbalken, 3-7 kap. Brott mot person","Brott mot brottsbalken, 3-7 kap. Brott mot person, 4 kap. Brott mot frihet och frid","Brott mot brottsbalken, 3-7 kap. Brott mot person, 4 kap. Brott mot frihet och frid, Olaga förföljelse (4 b §), Mot barn under 18 år",,False
11325,"Brott mot brottsbalken, 3-7 kap. Brott mot person, 4 kap. Brott mot frihet och frid, Olaga förföljelse (4 b §), Mot barn under 18 år, Mot flicka under 18 år",4,11091.0,"Brott mot brottsbalken, 3-7 kap. Brott mot person, 4 kap. Brott mot frihet och frid",Brott mot brottsbalken,"Brott mot brottsbalken, 3-7 kap. Brott mot person","Brott mot brottsbalken, 3-7 kap. Brott mot person, 4 kap. Brott mot frihet och frid","Brott mot brottsbalken, 3-7 kap. Brott mot person, 4 kap. Brott mot frihet och frid, Olaga förföljelse (4 b §), Mot barn under 18 år, Mot flicka under 18 år",,False
11326,"Brott mot brottsbalken, 3-7 kap. Brott mot person, 4 kap. Brott mot frihet och frid, Olaga förföljelse (4 b §), Mot barn under 18 år, Mot pojke under 18 år",4,11091.0,"Brott mot brottsbalken, 3-7 kap. Brott mot person, 4 kap. Brott mot frihet och frid",Brott mot brottsbalken,"Brott mot brottsbalken, 3-7 kap. Brott mot person","Brott mot brottsbalken, 3-7 kap. Brott mot person, 4 kap. Brott mot frihet och frid","Brott mot brottsbalken, 3-7 kap. Brott mot person, 4 kap. Brott mot frihet och frid, Olaga förföljelse (4 b §), Mot barn under 18 år, Mot pojke under 18 år",,False
11327,"Brott mot brottsbalken, 3-7 kap. Brott mot person, 4 kap. Brott mot frihet och frid, Olaga förföljelse (4 b §), Mot kvinna 18 år eller äldre",4,11091.0,"Brott mot brottsbalken, 3-7 kap. Brott mot person, 4 kap. Brott mot frihet och frid",Brott mot brottsbalken,"Brott mot brottsbalken, 3-7 kap. Brott mot person","Brott mot brottsbalken, 3-7 kap. Brott mot person, 4 kap. Brott mot frihet och frid","Brott mot brottsbalken, 3-7 kap. Brott mot person, 4 kap. Brott mot frihet och frid, Olaga förföljelse (4 b §), Mot kvinna 18 år eller äldre",,False
14321,"Brott mot brottsbalken, 3-7 kap. Brott mot person, 4 kap. Brott mot frihet och frid, Olaga förföljelse (4 b §), Mot kvinna 18 år eller äldre, Annan slags relation eller bekantskap",4,11091.0,"Brott mot brottsbalken, 3-7 kap. Brott mot person, 4 kap. Brott mot frihet och frid",Brott mot brottsbalken,"Brott mot brottsbalken, 3-7 kap. Brott mot person","Brott mot brottsbalken, 3-7 kap. Brott mot person, 4 kap. Brott mot frihet och frid","Brott mot brottsbalken, 3-7 kap. Brott mot person, 4 kap. Brott mot frihet och frid, Olaga förföljelse (4 b §), Mot kvinna 18 år eller äldre, Annan slags relation eller bekantskap",,False
14319,"Brott mot brottsbalken, 3-7 kap. Brott mot person, 4 kap. Brott mot frihet och frid, Olaga förföljelse (4 b §), Mot kvinna 18 år eller äldre, Närstående genom parrelation",4,11091.0,"Brott mot brottsbalken, 3-7 kap. Brott mot person, 4 kap. Brott mot frihet och frid",Brott mot brottsbalken,"Brott mot brottsbalken, 3-7 kap. Brott mot person","Brott mot brottsbalken, 3-7 kap. Brott mot person, 4 kap. Brott mot frihet och frid","Brott mot brottsbalken, 3-7 kap. Brott mot person, 4 kap. Brott mot frihet och frid, Olaga förföljelse (4 b §), Mot kvinna 18 år eller äldre, Närstående genom parrelation",,False
14320,"Brott mot brottsbalken, 3-7 kap. Brott mot person, 4 kap. Brott mot frihet och frid, Olaga förföljelse (4 b §), Mot kvinna 18 år eller äldre, Närstående genom släktskap/familj",4,11091.0,"Brott mot brottsbalken, 3-7 kap. Brott mot person, 4 kap. Brott mot frihet och frid",Brott mot brottsbalken,"Brott mot brottsbalken, 3-7 kap. Brott mot person","Brott mot brottsbalken, 3-7 kap. Brott mot person, 4 kap. Brott mot frihet och frid","Brott mot brottsbalken, 3-7 kap. Brott mot person, 4 kap. Brott mot frihet och frid, Olaga förföljelse (4 b §), Mot kvinna 18 år eller äldre, Närstående genom släktskap/familj",,False
14322,"Brott mot brottsbalken, 3-7 kap. Brott mot person, 4 kap. Brott mot frihet och frid, Olaga förföljelse (4 b §), Mot kvinna 18 år eller äldre, Obekanta",4,11091.0,"Brott mot brottsbalken, 3-7 kap. Brott mot person, 4 kap. Brott mot frihet och frid",Brott mot brottsbalken,"Brott mot brottsbalken, 3-7 kap. Brott mot person","Brott mot brottsbalken, 3-7 kap. Brott mot person, 4 kap. Brott mot frihet och frid","Brott mot brottsbalken, 3-7 kap. Brott mot person, 4 kap. Brott mot frihet och frid, Olaga förföljelse (4 b §), Mot kvinna 18 år eller äldre, Obekanta",,False
11328,"Brott mot brottsbalken, 3-7 kap. Brott mot person, 4 kap. Brott mot frihet och frid, Olaga förföljelse (4 b §), Mot man 18 år eller äldre",4,11091.0,"Brott mot brottsbalken, 3-7 kap. Brott mot person, 4 kap. Brott mot frihet och frid",Brott mot brottsbalken,"Brott mot brottsbalken, 3-7 kap. Brott mot person","Brott mot brottsbalken, 3-7 kap. Brott mot person, 4 kap. Brott mot frihet och frid","Brott mot brottsbalken, 3-7 kap. Brott mot person, 4 kap. Brott mot frihet och frid, Olaga förföljelse (4 b §), Mot man 18 år eller äldre",,False
14317,"Brott mot brottsbalken, 3-7 kap. Brott mot person, 4 kap. Brott mot frihet och frid, Olaga förföljelse (4 b §), Mot man 18 år eller äldre, Annan slags relation eller bekantskap",4,11091.0,"Brott mot brottsbalken, 3-7 kap. Brott mot person, 4 kap. Brott mot frihet och frid",Brott mot brottsbalken,"Brott mot brottsbalken, 3-7 kap. Brott mot person","Brott mot brottsbalken, 3-7 kap. Brott mot person, 4 kap. Brott mot frihet och frid","Brott mot brottsbalken, 3-7 kap. Brott mot person, 4 kap. Brott mot frihet och frid, Olaga förföljelse (4 b §), Mot man 18 år eller äldre, Annan slags relation eller bekantskap",,False
14315,"Brott mot brottsbalken, 3-7 kap. Brott mot person, 4 kap. Brott mot frihet och frid, Olaga förföljelse (4 b §), Mot man 18 år eller äldre, Närstående genom parrelation",4,11091.0,"Brott mot brottsbalken, 3-7 kap. Brott mot person, 4 kap. Brott mot frihet och frid",Brott mot brottsbalken,"Brott mot brottsbalken, 3-7 kap. Brott mot person","Brott mot brottsbalken, 3-7 kap. Brott mot person, 4 kap. Brott mot frihet och frid","Brott mot brottsbalken, 3-7 kap. Brott mot person, 4 kap. Brott mot frihet och frid, Olaga förföljelse (4 b §), Mot man 18 år eller äldre, Närstående genom parrelation",,False
14316,"Brott mot brottsbalken, 3-7 kap. Brott mot person, 4 kap. Brott mot frihet och frid, Olaga förföljelse (4 b §), Mot man 18 år eller äldre, Närstående genom släktskap/familj",4,11091.0,"Brott mot brottsbalken, 3-7 kap. Brott mot person, 4 kap. Brott mot frihet och frid",Brott mot brottsbalken,"Brott mot brottsbalken, 3-7 kap. Brott mot person","Brott mot brottsbalken, 3-7 kap. Brott mot person, 4 kap. Brott mot frihet och frid","Brott mot brottsbalken, 3-7 kap. Brott mot person, 4 kap. Brott mot frihet och frid, Olaga förföljelse (4 b §), Mot man 18 år eller äldre, Närstående genom släktskap/familj",,False
14318,"Brott mot brottsbalken, 3-7 kap. Brott mot person, 4 kap. Brott mot frihet och frid, Olaga förföljelse (4 b §), Mot man 18 år eller äldre, Obekanta",4,11091.0,"Brott mot brottsbalken, 3-7 kap. Brott mot person, 4 kap. Brott mot frihet och frid",Brott mot brottsbalken,"Brott mot brottsbalken, 3-7 kap. Brott mot person","Brott mot brottsbalken, 3-7 kap. Brott mot person, 4 kap. Brott mot frihet och frid","Brott mot brottsbalken, 3-7 kap. Brott mot person, 4 kap. Brott mot frihet och frid, Olaga förföljelse (4 b §), Mot man 18 år eller äldre, Obekanta",,False
11314,"Brott mot brottsbalken, 3-7 kap. Brott mot person, 4 kap. Brott mot frihet och frid, Olaga hot (5 §)",4,11091.0,"Brott mot brottsbalken, 3-7 kap. Brott mot person, 4 kap. Brott mot frihet och frid",Brott mot brottsbalken,"Brott mot brottsbalken, 3-7 kap. Brott mot person","Brott mot brottsbalken, 3-7 kap. Brott mot person, 4 kap. Brott mot frihet och frid","Brott mot brottsbalken, 3-7 kap. Brott mot person, 4 kap. Brott mot frihet och frid, Olaga hot (5 §)",,False
11315,"Brott mot brottsbalken, 3-7 kap. Brott mot person, 4 kap. Brott mot frihet och frid, Olaga hot (5 §), Mot barn under 18 år",4,11091.0,"Brott mot brottsbalken, 3-7 kap. Brott mot person, 4 kap. Brott mot frihet och frid",Brott mot brottsbalken,"Brott mot brottsbalken, 3-7 kap. Brott mot person","Brott mot brottsbalken, 3-7 kap. Brott mot person, 4 kap. Brott mot frihet och frid","Brott mot brottsbalken, 3-7 kap. Brott mot person, 4 kap. Brott mot frihet och frid, Olaga hot (5 §), Mot barn under 18 år",,False
11316,"Brott mot brottsbalken, 3-7 kap. Brott mot person, 4 kap. Brott mot frihet och frid, Olaga hot (5 §), Mot barn under 18 år, Mot flicka under 18 år",4,11091.0,"Brott mot brottsbalken, 3-7 kap. Brott mot person, 4 kap. Brott mot frihet och frid",Brott mot brottsbalken,"Brott mot brottsbalken, 3-7 kap. Brott mot person","Brott mot brottsbalken, 3-7 kap. Brott mot person, 4 kap. Brott mot frihet och frid","Brott mot brottsbalken, 3-7 kap. Brott mot person, 4 kap. Brott mot frihet och frid, Olaga hot (5 §), Mot barn under 18 år, Mot flicka under 18 år",,False
13126,"Brott mot brottsbalken, 3-7 kap. Brott mot person, 4 kap. Brott mot frihet och frid, Olaga hot (5 §), Mot barn under 18 år, Mot flicka under 18 år, Ej internetrelaterat",4,11091.0,"Brott mot brottsbalken, 3-7 kap. Brott mot person, 4 kap. Brott mot frihet och frid",Brott mot brottsbalken,"Brott mot brottsbalken, 3-7 kap. Brott mot person","Brott mot brottsbalken, 3-7 kap. Brott mot person, 4 kap. Brott mot frihet och frid","Brott mot brottsbalken, 3-7 kap. Brott mot person, 4 kap. Brott mot frihet och frid, Olaga hot (5 §), Mot barn under 18 år, Mot flicka under 18 år, Ej internetrelaterat",,False
13125,"Brott mot brottsbalken, 3-7 kap. Brott mot person, 4 kap. Brott mot frihet och frid, Olaga hot (5 §), Mot barn under 18 år, Mot flicka under 18 år, Internetrelaterat",4,11091.0,"Brott mot brottsbalken, 3-7 kap. Brott mot person, 4 kap. Brott mot frihet och frid",Brott mot brottsbalken,"Brott mot brottsbalken, 3-7 kap. Brott mot person","Brott mot brottsbalken, 3-7 kap. Brott mot person, 4 kap. Brott mot frihet och frid","Brott mot brottsbalken, 3-7 kap. Brott mot person, 4 kap. Brott mot frihet och frid, Olaga hot (5 §), Mot barn under 18 år, Mot flicka under 18 år, Internetrelaterat",,False
11317,"Brott mot brottsbalken, 3-7 kap. Brott mot person, 4 kap. Brott mot frihet och frid, Olaga hot (5 §), Mot barn under 18 år, Mot pojke under 18 år",4,11091.0,"Brott mot brottsbalken, 3-7 kap. Brott mot person, 4 kap. Brott mot frihet och frid",Brott mot brottsbalken,"Brott mot brottsbalken, 3-7 kap. Brott mot person","Brott mot brottsbalken, 3-7 kap. Brott mot person, 4 kap. Brott mot frihet och frid","Brott mot brottsbalken, 3-7 kap. Brott mot person, 4 kap. Brott mot frihet och frid, Olaga hot (5 §), Mot barn under 18 år, Mot pojke under 18 år",,False
13128,"Brott mot brottsbalken, 3-7 kap. Brott mot person, 4 kap. Brott mot frihet och frid, Olaga hot (5 §), Mot barn under 18 år, Mot pojke under 18 år, Ej internetrelaterat",4,11091.0,"Brott mot brottsbalken, 3-7 kap. Brott mot person, 4 kap. Brott mot frihet och frid",Brott mot brottsbalken,"Brott mot brottsbalken, 3-7 kap. Brott mot person","Brott mot brottsbalken, 3-7 kap. Brott mot person, 4 kap. Brott mot frihet och frid","Brott mot brottsbalken, 3-7 kap. Brott mot person, 4 kap. Brott mot frihet och frid, Olaga hot (5 §), Mot barn under 18 år, Mot pojke under 18 år, Ej internetrelaterat",,False
13127,"Brott mot brottsbalken, 3-7 kap. Brott mot person, 4 kap. Brott mot frihet och frid, Olaga hot (5 §), Mot barn under 18 år, Mot pojke under 18 år, Internetrelaterat",4,11091.0,"Brott mot brottsbalken, 3-7 kap. Brott mot person, 4 kap. Brott mot frihet och frid",Brott mot brottsbalken,"Brott mot brottsbalken, 3-7 kap. Brott mot person","Brott mot brottsbalken, 3-7 kap. Brott mot person, 4 kap. Brott mot frihet och frid","Brott mot brottsbalken, 3-7 kap. Brott mot person, 4 kap. Brott mot frihet och frid, Olaga hot (5 §), Mot barn under 18 år, Mot pojke under 18 år, Internetrelaterat",,False
11320,"Brott mot brottsbalken, 3-7 kap. Brott mot person, 4 kap. Brott mot frihet och frid, Olaga hot (5 §), Mot grupp",4,11091.0,"Brott mot brottsbalken, 3-7 kap. Brott mot person, 4 kap. Brott mot frihet och frid",Brott mot brottsbalken,"Brott mot brottsbalken, 3-7 kap. Brott mot person","Brott mot brottsbalken, 3-7 kap. Brott mot person, 4 kap. Brott mot frihet och frid","Brott mot brottsbalken, 3-7 kap. Brott mot person, 4 kap. Brott mot frihet och frid, Olaga hot (5 §), Mot grupp",,False
13134,"Brott mot brottsbalken, 3-7 kap. Brott mot person, 4 kap. Brott mot frihet och frid, Olaga hot (5 §), Mot grupp, Ej internetrelaterad",4,11091.0,"Brott mot brottsbalken, 3-7 kap. Brott mot person, 4 kap. Brott mot frihet och frid",Brott mot brottsbalken,"Brott mot brottsbalken, 3-7 kap. Brott mot person","Brott mot brottsbalken, 3-7 kap. Brott mot person, 4 kap. Brott mot frihet och frid","Brott mot brottsbalken, 3-7 kap. Brott mot person, 4 kap. Brott mot frihet och frid, Olaga hot (5 §), Mot grupp, Ej internetrelaterad",,False
13133,"Brott mot brottsbalken, 3-7 kap. Brott mot person, 4 kap. Brott mot frihet och frid, Olaga hot (5 §), Mot grupp, Internetrelaterad",4,11091.0,"Brott mot brottsbalken, 3-7 kap. Brott mot person, 4 kap. Brott mot frihet och frid",Brott mot brottsbalken,"Brott mot brottsbalken, 3-7 kap. Brott mot person","Brott mot brottsbalken, 3-7 kap. Brott mot person, 4 kap. Brott mot frihet och frid","Brott mot brottsbalken, 3-7 kap. Brott mot person, 4 kap. Brott mot frihet och frid, Olaga hot (5 §), Mot grupp, Internetrelaterad",,False
11318,"Brott mot brottsbalken, 3-7 kap. Brott mot person, 4 kap. Brott mot frihet och frid, Olaga hot (5 §), Mot kvinna 18 år eller äldre",4,11091.0,"Brott mot brottsbalken, 3-7 kap. Brott mot person, 4 kap. Brott mot frihet och frid",Brott mot brottsbalken,"Brott mot brottsbalken, 3-7 kap. Brott mot person","Brott mot brottsbalken, 3-7 kap. Brott mot person, 4 kap. Brott mot frihet och frid","Brott mot brottsbalken, 3-7 kap. Brott mot person, 4 kap. Brott mot frihet och frid, Olaga hot (5 §), Mot kvinna 18 år eller äldre",,False
14338,"Brott mot brottsbalken, 3-7 kap. Brott mot person, 4 kap. Brott mot frihet och frid, Olaga hot (5 §), Mot kvinna 18 år eller äldre, Annan slags relation eller bekantskap",4,11091.0,"Brott mot brottsbalken, 3-7 kap. Brott mot person, 4 kap. Brott mot frihet och frid",Brott mot brottsbalken,"Brott mot brottsbalken, 3-7 kap. Brott mot person","Brott mot brottsbalken, 3-7 kap. Brott mot person, 4 kap. Brott mot frihet och frid","Brott mot brottsbalken, 3-7 kap. Brott mot person, 4 kap. Brott mot frihet och frid, Olaga hot (5 §), Mot kvinna 18 år eller äldre, Annan slags relation eller bekantskap",,False
14343,"Brott mot brottsbalken, 3-7 kap. Brott mot person, 4 kap. Brott mot frihet och frid, Olaga hot (5 §), Mot kvinna 18 år eller äldre, Annan slags relation eller bekantskap, Ej internetrelaterat",4,11091.0,"Brott mot brottsbalken, 3-7 kap. Brott mot person, 4 kap. Brott mot frihet och frid",Brott mot brottsbalken,"Brott mot brottsbalken, 3-7 kap. Brott mot person","Brott mot brottsbalken, 3-7 kap. Brott mot person, 4 kap. Brott mot frihet och frid","Brott mot brottsbalken, 3-7 kap. Brott mot person, 4 kap. Brott mot frihet och frid, Olaga hot (5 §), Mot kvinna 18 år eller äldre, Annan slags relation eller bekantskap, Ej internetrelaterat",,False
14342,"Brott mot brottsbalken, 3-7 kap. Brott mot person, 4 kap. Brott mot frihet och frid, Olaga hot (5 §), Mot kvinna 18 år eller äldre, Annan slags relation eller bekantskap, Internetrelaterat",4,11091.0,"Brott mot brottsbalken, 3-7 kap. Brott mot person, 4 kap. Brott mot frihet och frid",Brott mot brottsbalken,"Brott mot brottsbalken, 3-7 kap. Brott mot person","Brott mot brottsbalken, 3-7 kap. Brott mot person, 4 kap. Brott mot frihet och frid","Brott mot brottsbalken, 3-7 kap. Brott mot person, 4 kap. Brott mot frihet och frid, Olaga hot (5 §), Mot kvinna 18 år eller äldre, Annan slags relation eller bekantskap, Internetrelaterat",,False
13130,"Brott mot brottsbalken, 3-7 kap. Brott mot person, 4 kap. Brott mot frihet och frid, Olaga hot (5 §), Mot kvinna 18 år eller äldre, Ej internetrelaterad",4,11091.0,"Brott mot brottsbalken, 3-7 kap. Brott mot person, 4 kap. Brott mot frihet och frid",Brott mot brottsbalken,"Brott mot brottsbalken, 3-7 kap. Brott mot person","Brott mot brottsbalken, 3-7 kap. Brott mot person, 4 kap. Brott mot frihet och frid","Brott mot brottsbalken, 3-7 kap. Brott mot person, 4 kap. Brott mot frihet och frid, Olaga hot (5 §), Mot kvinna 18 år eller äldre, Ej internetrelaterad",,False
13129,"Brott mot brottsbalken, 3-7 kap. Brott mot person, 4 kap. Brott mot frihet och frid, Olaga hot (5 §), Mot kvinna 18 år eller äldre, Internetrelaterad",4,11091.0,"Brott mot brottsbalken, 3-7 kap. Brott mot person, 4 kap. Brott mot frihet och frid",Brott mot brottsbalken,"Brott mot brottsbalken, 3-7 kap. Brott mot person","Brott mot brottsbalken, 3-7 kap. Brott mot person, 4 kap. Brott mot frihet och frid","Brott mot brottsbalken, 3-7 kap. Brott mot person, 4 kap. Brott mot frihet och frid, Olaga hot (5 §), Mot kvinna 18 år eller äldre, Internetrelaterad",,False
14336,"Brott mot brottsbalken, 3-7 kap. Brott mot person, 4 kap. Brott mot frihet och frid, Olaga hot (5 §), Mot kvinna 18 år eller äldre, Närstående genom parrelation",4,11091.0,"Brott mot brottsbalken, 3-7 kap. Brott mot person, 4 kap. Brott mot frihet och frid",Brott mot brottsbalken,"Brott mot brottsbalken, 3-7 kap. Brott mot person","Brott mot brottsbalken, 3-7 kap. Brott mot person, 4 kap. Brott mot frihet och frid","Brott mot brottsbalken, 3-7 kap. Brott mot person, 4 kap. Brott mot frihet och frid, Olaga hot (5 §), Mot kvinna 18 år eller äldre, Närstående genom parrelation",,False
14347,"Brott mot brottsbalken, 3-7 kap. Brott mot person, 4 kap. Brott mot frihet och frid, Olaga hot (5 §), Mot kvinna 18 år eller äldre, Närstående genom parrelation, Ej internetrelaterat",4,11091.0,"Brott mot brottsbalken, 3-7 kap. Brott mot person, 4 kap. Brott mot frihet och frid",Brott mot brottsbalken,"Brott mot brottsbalken, 3-7 kap. Brott mot person","Brott mot brottsbalken, 3-7 kap. Brott mot person, 4 kap. Brott mot frihet och frid","Brott mot brottsbalken, 3-7 kap. Brott mot person, 4 kap. Brott mot frihet och frid, Olaga hot (5 §), Mot kvinna 18 år eller äldre, Närstående genom parrelation, Ej internetrelaterat",,False
14346,"Brott mot brottsbalken, 3-7 kap. Brott mot person, 4 kap. Brott mot frihet och frid, Olaga hot (5 §), Mot kvinna 18 år eller äldre, Närstående genom parrelation, Internetrelaterat",4,11091.0,"Brott mot brottsbalken, 3-7 kap. Brott mot person, 4 kap. Brott mot frihet och frid",Brott mot brottsbalken,"Brott mot brottsbalken, 3-7 kap. Brott mot person","Brott mot brottsbalken, 3-7 kap. Brott mot person, 4 kap. Brott mot frihet och frid","Brott mot brottsbalken, 3-7 kap. Brott mot person, 4 kap. Brott mot frihet och frid, Olaga hot (5 §), Mot kvinna 18 år eller äldre, Närstående genom parrelation, Internetrelaterat",,False
14337,"Brott mot brottsbalken, 3-7 kap. Brott mot person, 4 kap. Brott mot frihet och frid, Olaga hot (5 §), Mot kvinna 18 år eller äldre, Närstående genom släktskap/familj",4,11091.0,"Brott mot brottsbalken, 3-7 kap. Brott mot person, 4 kap. Brott mot frihet och frid",Brott mot brottsbalken,"Brott mot brottsbalken, 3-7 kap. Brott mot person","Brott mot brottsbalken, 3-7 kap. Brott mot person, 4 kap. Brott mot frihet och frid","Brott mot brottsbalken, 3-7 kap. Brott mot person, 4 kap. Brott mot frihet och frid, Olaga hot (5 §), Mot kvinna 18 år eller äldre, Närstående genom släktskap/familj",,False
14345,"Brott mot brottsbalken, 3-7 kap. Brott mot person, 4 kap. Brott mot frihet och frid, Olaga hot (5 §), Mot kvinna 18 år eller äldre, Närstående genom släktskap/familj, Ej internetrelaterat",4,11091.0,"Brott mot brottsbalken, 3-7 kap. Brott mot person, 4 kap. Brott mot frihet och frid",Brott mot brottsbalken,"Brott mot brottsbalken, 3-7 kap. Brott mot person","Brott mot brottsbalken, 3-7 kap. Brott mot person, 4 kap. Brott mot frihet och frid","Brott mot brottsbalken, 3-7 kap. Brott mot person, 4 kap. Brott mot frihet och frid, Olaga hot (5 §), Mot kvinna 18 år eller äldre, Närstående genom släktskap/familj, Ej internetrelaterat",,False
14344,"Brott mot brottsbalken, 3-7 kap. Brott mot person, 4 kap. Brott mot frihet och frid, Olaga hot (5 §), Mot kvinna 18 år eller äldre, Närstående genom släktskap/familj, Internetrelaterat",4,11091.0,"Brott mot brottsbalken, 3-7 kap. Brott mot person, 4 kap. Brott mot frihet och frid",Brott mot brottsbalken,"Brott mot brottsbalken, 3-7 kap. Brott mot person","Brott mot brottsbalken, 3-7 kap. Brott mot person, 4 kap. Brott mot frihet och frid","Brott mot brottsbalken, 3-7 kap. Brott mot person, 4 kap. Brott mot frihet och frid, Olaga hot (5 §), Mot kvinna 18 år eller äldre, Närstående genom släktskap/familj, Internetrelaterat",,False
14339,"Brott mot brottsbalken, 3-7 kap. Brott mot person, 4 kap. Brott mot frihet och frid, Olaga hot (5 §), Mot kvinna 18 år eller äldre, Obekanta",4,11091.0,"Brott mot brottsbalken, 3-7 kap. Brott mot person, 4 kap. Brott mot frihet och frid",Brott mot brottsbalken,"Brott mot brottsbalken, 3-7 kap. Brott mot person","Brott mot brottsbalken, 3-7 kap. Brott mot person, 4 kap. Brott mot frihet och frid","Brott mot brottsbalken, 3-7 kap. Brott mot person, 4 kap. Brott mot frihet och frid, Olaga hot (5 §), Mot kvinna 18 år eller äldre, Obekanta",,False
14341,"Brott mot brottsbalken, 3-7 kap. Brott mot person, 4 kap. Brott mot frihet och frid, Olaga hot (5 §), Mot kvinna 18 år eller äldre, Obekanta, Ej internetrelaterat",4,11091.0,"Brott mot brottsbalken, 3-7 kap. Brott mot person, 4 kap. Brott mot frihet och frid",Brott mot brottsbalken,"Brott mot brottsbalken, 3-7 kap. Brott mot person","Brott mot brottsbalken, 3-7 kap. Brott mot person, 4 kap. Brott mot frihet och frid","Brott mot brottsbalken, 3-7 kap. Brott mot person, 4 kap. Brott mot frihet och frid, Olaga hot (5 §), Mot kvinna 18 år eller äldre, Obekanta, Ej internetrelaterat",,False
14340,"Brott mot brottsbalken, 3-7 kap. Brott mot person, 4 kap. Brott mot frihet och frid, Olaga hot (5 §), Mot kvinna 18 år eller äldre, Obekanta, Internetrelaterat",4,11091.0,"Brott mot brottsbalken, 3-7 kap. Brott mot person, 4 kap. Brott mot frihet och frid",Brott mot brottsbalken,"Brott mot brottsbalken, 3-7 kap. Brott mot person","Brott mot brottsbalken, 3-7 kap. Brott mot person, 4 kap. Brott mot frihet och frid","Brott mot brottsbalken, 3-7 kap. Brott mot person, 4 kap. Brott mot frihet och frid, Olaga hot (5 §), Mot kvinna 18 år eller äldre, Obekanta, Internetrelaterat",,False
11319,"Brott mot brottsbalken, 3-7 kap. Brott mot person, 4 kap. Brott mot frihet och frid, Olaga hot (5 §), Mot man 18 år eller äldre",4,11091.0,"Brott mot brottsbalken, 3-7 kap. Brott mot person, 4 kap. Brott mot frihet och frid",Brott mot brottsbalken,"Brott mot brottsbalken, 3-7 kap. Brott mot person","Brott mot brottsbalken, 3-7 kap. Brott mot person, 4 kap. Brott mot frihet och frid","Brott mot brottsbalken, 3-7 kap. Brott mot person, 4 kap. Brott mot frihet och frid, Olaga hot (5 §), Mot man 18 år eller äldre",,False
14325,"Brott mot brottsbalken, 3-7 kap. Brott mot person, 4 kap. Brott mot frihet och frid, Olaga hot (5 §), Mot man 18 år eller äldre, Annan slags relation eller bekantskap",4,11091.0,"Brott mot brottsbalken, 3-7 kap. Brott mot person, 4 kap. Brott mot frihet och frid",Brott mot brottsbalken,"Brott mot brottsbalken, 3-7 kap. Brott mot person","Brott mot brottsbalken, 3-7 kap. Brott mot person, 4 kap. Brott mot frihet och frid","Brott mot brottsbalken, 3-7 kap. Brott mot person, 4 kap. Brott mot frihet och frid, Olaga hot (5 §), Mot man 18 år eller äldre, Annan slags relation eller bekantskap",,False
14331,"Brott mot brottsbalken, 3-7 kap. Brott mot person, 4 kap. Brott mot frihet och frid, Olaga hot (5 §), Mot man 18 år eller äldre, Annan slags relation eller bekantskap, Ej internetrelaterat",4,11091.0,"Brott mot brottsbalken, 3-7 kap. Brott mot person, 4 kap. Brott mot frihet och frid",Brott mot brottsbalken,"Brott mot brottsbalken, 3-7 kap. Brott mot person","Brott mot brottsbalken, 3-7 kap. Brott mot person, 4 kap. Brott mot frihet och frid","Brott mot brottsbalken, 3-7 kap. Brott mot person, 4 kap. Brott mot frihet och frid, Olaga hot (5 §), Mot man 18 år eller äldre, Annan slags relation eller bekantskap, Ej internetrelaterat",,False
14330,"Brott mot brottsbalken, 3-7 kap. Brott mot person, 4 kap. Brott mot frihet och frid, Olaga hot (5 §), Mot man 18 år eller äldre, Annan slags relation eller bekantskap, Internetrelaterat",4,11091.0,"Brott mot brottsbalken, 3-7 kap. Brott mot person, 4 kap. Brott mot frihet och frid",Brott mot brottsbalken,"Brott mot brottsbalken, 3-7 kap. Brott mot person","Brott mot brottsbalken, 3-7 kap. Brott mot person, 4 kap. Brott mot frihet och frid","Brott mot brottsbalken, 3-7 kap. Brott mot person, 4 kap. Brott mot frihet och frid, Olaga hot (5 §), Mot man 18 år eller äldre, Annan slags relation eller bekantskap, Internetrelaterat",,False
13132,"Brott mot brottsbalken, 3-7 kap. Brott mot person, 4 kap. Brott mot frihet och frid, Olaga hot (5 §), Mot man 18 år eller äldre, Ej internetrelaterad",4,11091.0,"Brott mot brottsbalken, 3-7 kap. Brott mot person, 4 kap. Brott mot frihet och frid",Brott mot brottsbalken,"Brott mot brottsbalken, 3-7 kap. Brott mot person","Brott mot brottsbalken, 3-7 kap. Brott mot person, 4 kap. Brott mot frihet och frid","Brott mot brottsbalken, 3-7 kap. Brott mot person, 4 kap. Brott mot frihet och frid, Olaga hot (5 §), Mot man 18 år eller äldre, Ej internetrelaterad",,False
13131,"Brott mot brottsbalken, 3-7 kap. Brott mot person, 4 kap. Brott mot frihet och frid, Olaga hot (5 §), Mot man 18 år eller äldre, Internetrelaterad",4,11091.0,"Brott mot brottsbalken, 3-7 kap. Brott mot person, 4 kap. Brott mot frihet och frid",Brott mot brottsbalken,"Brott mot brottsbalken, 3-7 kap. Brott mot person","Brott mot brottsbalken, 3-7 kap. Brott mot person, 4 kap. Brott mot frihet och frid","Brott mot brottsbalken, 3-7 kap. Brott mot person, 4 kap. Brott mot frihet och frid, Olaga hot (5 §), Mot man 18 år eller äldre, Internetrelaterad",,False
14323,"Brott mot brottsbalken, 3-7 kap. Brott mot person, 4 kap. Brott mot frihet och frid, Olaga hot (5 §), Mot man 18 år eller äldre, Närstående genom parrelation",4,11091.0,"Brott mot brottsbalken, 3-7 kap. Brott mot person, 4 kap. Brott mot frihet och frid",Brott mot brottsbalken,"Brott mot brottsbalken, 3-7 kap. Brott mot person","Brott mot brottsbalken, 3-7 kap. Brott mot person, 4 kap. Brott mot frihet och frid","Brott mot brottsbalken, 3-7 kap. Brott mot person, 4 kap. Brott mot frihet och frid, Olaga hot (5 §), Mot man 18 år eller äldre, Närstående genom parrelation",,False
14335,"Brott mot brottsbalken, 3-7 kap. Brott mot person, 4 kap. Brott mot frihet och frid, Olaga hot (5 §), Mot man 18 år eller äldre, Närstående genom parrelation, Ej internetrelaterat",4,11091.0,"Brott mot brottsbalken, 3-7 kap. Brott mot person, 4 kap. Brott mot frihet och frid",Brott mot brottsbalken,"Brott mot brottsbalken, 3-7 kap. Brott mot person","Brott mot brottsbalken, 3-7 kap. Brott mot person, 4 kap. Brott mot frihet och frid","Brott mot brottsbalken, 3-7 kap. Brott mot person, 4 kap. Brott mot frihet och frid, Olaga hot (5 §), Mot man 18 år eller äldre, Närstående genom parrelation, Ej internetrelaterat",,False
14334,"Brott mot brottsbalken, 3-7 kap. Brott mot person, 4 kap. Brott mot frihet och frid, Olaga hot (5 §), Mot man 18 år eller äldre, Närstående genom parrelation, Internetrelaterat",4,11091.0,"Brott mot brottsbalken, 3-7 kap. Brott mot person, 4 kap. Brott mot frihet och frid",Brott mot brottsbalken,"Brott mot brottsbalken, 3-7 kap. Brott mot person","Brott mot brottsbalken, 3-7 kap. Brott mot person, 4 kap. Brott mot frihet och frid","Brott mot brottsbalken, 3-7 kap. Brott mot person, 4 kap. Brott mot frihet och frid, Olaga hot (5 §), Mot man 18 år eller äldre, Närstående genom parrelation, Internetrelaterat",,False
14324,"Brott mot brottsbalken, 3-7 kap. Brott mot person, 4 kap. Brott mot frihet och frid, Olaga hot (5 §), Mot man 18 år eller äldre, Närstående genom släktskap/familj",4,11091.0,"Brott mot brottsbalken, 3-7 kap. Brott mot person, 4 kap. Brott mot frihet och frid",Brott mot brottsbalken,"Brott mot brottsbalken, 3-7 kap. Brott mot person","Brott mot brottsbalken, 3-7 kap. Brott mot person, 4 kap. Brott mot frihet och frid","Brott mot brottsbalken, 3-7 kap. Brott mot person, 4 kap. Brott mot frihet och frid, Olaga hot (5 §), Mot man 18 år eller äldre, Närstående genom släktskap/familj",,False
14333,"Brott mot brottsbalken, 3-7 kap. Brott mot person, 4 kap. Brott mot frihet och frid, Olaga hot (5 §), Mot man 18 år eller äldre, Närstående genom släktskap/familj, Ej internetrelaterat",4,11091.0,"Brott mot brottsbalken, 3-7 kap. Brott mot person, 4 kap. Brott mot frihet och frid",Brott mot brottsbalken,"Brott mot brottsbalken, 3-7 kap. Brott mot person","Brott mot brottsbalken, 3-7 kap. Brott mot person, 4 kap. Brott mot frihet och frid","Brott mot brottsbalken, 3-7 kap. Brott mot person, 4 kap. Brott mot frihet och frid, Olaga hot (5 §), Mot man 18 år eller äldre, Närstående genom släktskap/familj, Ej internetrelaterat",,False
14332,"Brott mot brottsbalken, 3-7 kap. Brott mot person, 4 kap. Brott mot frihet och frid, Olaga hot (5 §), Mot man 18 år eller äldre, Närstående genom släktskap/familj, Internetrelaterat",4,11091.0,"Brott mot brottsbalken, 3-7 kap. Brott mot person, 4 kap. Brott mot frihet och frid",Brott mot brottsbalken,"Brott mot brottsbalken, 3-7 kap. Brott mot person","Brott mot brottsbalken, 3-7 kap. Brott mot person, 4 kap. Brott mot frihet och frid","Brott mot brottsbalken, 3-7 kap. Brott mot person, 4 kap. Brott mot frihet och frid, Olaga hot (5 §), Mot man 18 år eller äldre, Närstående genom släktskap/familj, Internetrelaterat",,False
14326,"Brott mot brottsbalken, 3-7 kap. Brott mot person, 4 kap. Brott mot frihet och frid, Olaga hot (5 §), Mot man 18 år eller äldre, Obekanta",4,11091.0,"Brott mot brottsbalken, 3-7 kap. Brott mot person, 4 kap. Brott mot frihet och frid",Brott mot brottsbalken,"Brott mot brottsbalken, 3-7 kap. Brott mot person","Brott mot brottsbalken, 3-7 kap. Brott mot person, 4 kap. Brott mot frihet och frid","Brott mot brottsbalken, 3-7 kap. Brott mot person, 4 kap. Brott mot frihet och frid, Olaga hot (5 §), Mot man 18 år eller äldre, Obekanta",,False
14329,"Brott mot brottsbalken, 3-7 kap. Brott mot person, 4 kap. Brott mot frihet och frid, Olaga hot (5 §), Mot man 18 år eller äldre, Obekanta, Ej internetrelaterat",4,11091.0,"Brott mot brottsbalken, 3-7 kap. Brott mot person, 4 kap. Brott mot frihet och frid",Brott mot brottsbalken,"Brott mot brottsbalken, 3-7 kap. Brott mot person","Brott mot brottsbalken, 3-7 kap. Brott mot person, 4 kap. Brott mot frihet och frid","Brott mot brottsbalken, 3-7 kap. Brott mot person, 4 kap. Brott mot frihet och frid, Olaga hot (5 §), Mot man 18 år eller äldre, Obekanta, Ej internetrelaterat",,False
14327,"Brott mot brottsbalken, 3-7 kap. Brott mot person, 4 kap. Brott mot frihet och frid, Olaga hot (5 §), Mot man 18 år eller äldre, Obekanta, Internetrelaterat",4,11091.0,"Brott mot brottsbalken, 3-7 kap. Brott mot person, 4 kap. Brott mot frihet och frid",Brott mot brottsbalken,"Brott mot brottsbalken, 3-7 kap. Brott mot person","Brott mot brottsbalken, 3-7 kap. Brott mot person, 4 kap. Brott mot frihet och frid","Brott mot brottsbalken, 3-7 kap. Brott mot person, 4 kap. Brott mot frihet och frid, Olaga hot (5 §), Mot man 18 år eller äldre, Obekanta, Internetrelaterat",,False
5053,"Brott mot brottsbalken, 3-7 kap. Brott mot person, 4 kap. Brott mot frihet och frid, Olaga integritetsintrång (6 c, 6 d §)",4,11091.0,"Brott mot brottsbalken, 3-7 kap. Brott mot person, 4 kap. Brott mot frihet och frid",Brott mot brottsbalken,"Brott mot brottsbalken, 3-7 kap. Brott mot person","Brott mot brottsbalken, 3-7 kap. Brott mot person, 4 kap. Brott mot frihet och frid","Brott mot brottsbalken, 3-7 kap. Brott mot person, 4 kap. Brott mot frihet och frid, Olaga integritetsintrång (6 c, 6 d §)",,False
5054,"Brott mot brottsbalken, 3-7 kap. Brott mot person, 4 kap. Brott mot frihet och frid, Olaga integritetsintrång (6 c, 6 d §), Mot barn under 18 år",4,11091.0,"Brott mot brottsbalken, 3-7 kap. Brott mot person, 4 kap. Brott mot frihet och frid",Brott mot brottsbalken,"Brott mot brottsbalken, 3-7 kap. Brott mot person","Brott mot brottsbalken, 3-7 kap. Brott mot person, 4 kap. Brott mot frihet och frid","Brott mot brottsbalken, 3-7 kap. Brott mot person, 4 kap. Brott mot frihet och frid, Olaga integritetsintrång (6 c, 6 d §), Mot barn under 18 år",,False
5057,"Brott mot brottsbalken, 3-7 kap. Brott mot person, 4 kap. Brott mot frihet och frid, Olaga integritetsintrång (6 c, 6 d §), Mot barn under 18 år, Mot flicka under 18 år",4,11091.0,"Brott mot brottsbalken, 3-7 kap. Brott mot person, 4 kap. Brott mot frihet och frid",Brott mot brottsbalken,"Brott mot brottsbalken, 3-7 kap. Brott mot person","Brott mot brottsbalken, 3-7 kap. Brott mot person, 4 kap. Brott mot frihet och frid","Brott mot brottsbalken, 3-7 kap. Brott mot person, 4 kap. Brott mot frihet och frid, Olaga integritetsintrång (6 c, 6 d §), Mot barn under 18 år, Mot flicka under 18 år",,False
5058,"Brott mot brottsbalken, 3-7 kap. Brott mot person, 4 kap. Brott mot frihet och frid, Olaga integritetsintrång (6 c, 6 d §), Mot barn under 18 år, Mot pojke under 18 år",4,11091.0,"Brott mot brottsbalken, 3-7 kap. Brott mot person, 4 kap. Brott mot frihet och frid",Brott mot brottsbalken,"Brott mot brottsbalken, 3-7 kap. Brott mot person","Brott mot brottsbalken, 3-7 kap. Brott mot person, 4 kap. Brott mot frihet och frid","Brott mot brottsbalken, 3-7 kap. Brott mot person, 4 kap. Brott mot frihet och frid, Olaga integritetsintrång (6 c, 6 d §), Mot barn under 18 år, Mot pojke under 18 år",,False
5055,"Brott mot brottsbalken, 3-7 kap. Brott mot person, 4 kap. Brott mot frihet och frid, Olaga integritetsintrång (6 c, 6 d §), Mot kvinna 18 år eller äldre",4,11091.0,"Brott mot brottsbalken, 3-7 kap. Brott mot person, 4 kap. Brott mot frihet och frid",Brott mot brottsbalken,"Brott mot brottsbalken, 3-7 kap. Brott mot person","Brott mot brottsbalken, 3-7 kap. Brott mot person, 4 kap. Brott mot frihet och frid","Brott mot brottsbalken, 3-7 kap. Brott mot person, 4 kap. Brott mot frihet och frid, Olaga integritetsintrång (6 c, 6 d §), Mot kvinna 18 år eller äldre",,False
14354,"Brott mot brottsbalken, 3-7 kap. Brott mot person, 4 kap. Brott mot frihet och frid, Olaga integritetsintrång (6 c, 6 d §), Mot kvinna 18 år eller äldre, Annan slags relation eller bekantskap",4,11091.0,"Brott mot brottsbalken, 3-7 kap. Brott mot person, 4 kap. Brott mot frihet och frid",Brott mot brottsbalken,"Brott mot brottsbalken, 3-7 kap. Brott mot person","Brott mot brottsbalken, 3-7 kap. Brott mot person, 4 kap. Brott mot frihet och frid","Brott mot brottsbalken, 3-7 kap. Brott mot person, 4 kap. Brott mot frihet och frid, Olaga integritetsintrång (6 c, 6 d §), Mot kvinna 18 år eller äldre, Annan slags relation eller bekantskap",,False
14352,"Brott mot brottsbalken, 3-7 kap. Brott mot person, 4 kap. Brott mot frihet och frid, Olaga integritetsintrång (6 c, 6 d §), Mot kvinna 18 år eller äldre, Närstående genom parrelation",4,11091.0,"Brott mot brottsbalken, 3-7 kap. Brott mot person, 4 kap. Brott mot frihet och frid",Brott mot brottsbalken,"Brott mot brottsbalken, 3-7 kap. Brott mot person","Brott mot brottsbalken, 3-7 kap. Brott mot person, 4 kap. Brott mot frihet och frid","Brott mot brottsbalken, 3-7 kap. Brott mot person, 4 kap. Brott mot frihet och frid, Olaga integritetsintrång (6 c, 6 d §), Mot kvinna 18 år eller äldre, Närstående genom parrelation",,False
14353,"Brott mot brottsbalken, 3-7 kap. Brott mot person, 4 kap. Brott mot frihet och frid, Olaga integritetsintrång (6 c, 6 d §), Mot kvinna 18 år eller äldre, Närstående genom släktskap/familj",4,11091.0,"Brott mot brottsbalken, 3-7 kap. Brott mot person, 4 kap. Brott mot frihet och frid",Brott mot brottsbalken,"Brott mot brottsbalken, 3-7 kap. Brott mot person","Brott mot brottsbalken, 3-7 kap. Brott mot person, 4 kap. Brott mot frihet och frid","Brott mot brottsbalken, 3-7 kap. Brott mot person, 4 kap. Brott mot frihet och frid, Olaga integritetsintrång (6 c, 6 d §), Mot kvinna 18 år eller äldre, Närstående genom släktskap/familj",,False
14355,"Brott mot brottsbalken, 3-7 kap. Brott mot person, 4 kap. Brott mot frihet och frid, Olaga integritetsintrång (6 c, 6 d §), Mot kvinna 18 år eller äldre, Obekanta",4,11091.0,"Brott mot brottsbalken, 3-7 kap. Brott mot person, 4 kap. Brott mot frihet och frid",Brott mot brottsbalken,"Brott mot brottsbalken, 3-7 kap. Brott mot person","Brott mot brottsbalken, 3-7 kap. Brott mot person, 4 kap. Brott mot frihet och frid","Brott mot brottsbalken, 3-7 kap. Brott mot person, 4 kap. Brott mot frihet och frid, Olaga integritetsintrång (6 c, 6 d §), Mot kvinna 18 år eller äldre, Obekanta",,False
5056,"Brott mot brottsbalken, 3-7 kap. Brott mot person, 4 kap. Brott mot frihet och frid, Olaga integritetsintrång (6 c, 6 d §), Mot man 18 år eller äldre",4,11091.0,"Brott mot brottsbalken, 3-7 kap. Brott mot person, 4 kap. Brott mot frihet och frid",Brott mot brottsbalken,"Brott mot brottsbalken, 3-7 kap. Brott mot person","Brott mot brottsbalken, 3-7 kap. Brott mot person, 4 kap. Brott mot frihet och frid","Brott mot brottsbalken, 3-7 kap. Brott mot person, 4 kap. Brott mot frihet och frid, Olaga integritetsintrång (6 c, 6 d §), Mot man 18 år eller äldre",,False
14350,"Brott mot brottsbalken, 3-7 kap. Brott mot person, 4 kap. Brott mot frihet och frid, Olaga integritetsintrång (6 c, 6 d §), Mot man 18 år eller äldre, Annan slags relation eller bekantskap",4,11091.0,"Brott mot brottsbalken, 3-7 kap. Brott mot person, 4 kap. Brott mot frihet och frid",Brott mot brottsbalken,"Brott mot brottsbalken, 3-7 kap. Brott mot person","Brott mot brottsbalken, 3-7 kap. Brott mot person, 4 kap. Brott mot frihet och frid","Brott mot brottsbalken, 3-7 kap. Brott mot person, 4 kap. Brott mot frihet och frid, Olaga integritetsintrång (6 c, 6 d §), Mot man 18 år eller äldre, Annan slags relation eller bekantskap",,False
14348,"Brott mot brottsbalken, 3-7 kap. Brott mot person, 4 kap. Brott mot frihet och frid, Olaga integritetsintrång (6 c, 6 d §), Mot man 18 år eller äldre, Närstående genom parrelation",4,11091.0,"Brott mot brottsbalken, 3-7 kap. Brott mot person, 4 kap. Brott mot frihet och frid",Brott mot brottsbalken,"Brott mot brottsbalken, 3-7 kap. Brott mot person","Brott mot brottsbalken, 3-7 kap. Brott mot person, 4 kap. Brott mot frihet och frid","Brott mot brottsbalken, 3-7 kap. Brott mot person, 4 kap. Brott mot frihet och frid, Olaga integritetsintrång (6 c, 6 d §), Mot man 18 år eller äldre, Närstående genom parrelation",,False
14349,"Brott mot brottsbalken, 3-7 kap. Brott mot person, 4 kap. Brott mot frihet och frid, Olaga integritetsintrång (6 c, 6 d §), Mot man 18 år eller äldre, Närstående genom släktskap/familj",4,11091.0,"Brott mot brottsbalken, 3-7 kap. Brott mot person, 4 kap. Brott mot frihet och frid",Brott mot brottsbalken,"Brott mot brottsbalken, 3-7 kap. Brott mot person","Brott mot brottsbalken, 3-7 kap. Brott mot person, 4 kap. Brott mot frihet och frid","Brott mot brottsbalken, 3-7 kap. Brott mot person, 4 kap. Brott mot frihet och frid, Olaga integritetsintrång (6 c, 6 d §), Mot man 18 år eller äldre, Närstående genom släktskap/familj",,False
14351,"Brott mot brottsbalken, 3-7 kap. Brott mot person, 4 kap. Brott mot frihet och frid, Olaga integritetsintrång (6 c, 6 d §), Mot man 18 år eller äldre, Obekanta",4,11091.0,"Brott mot brottsbalken, 3-7 kap. Brott mot person, 4 kap. Brott mot frihet och frid",Brott mot brottsbalken,"Brott mot brottsbalken, 3-7 kap. Brott mot person","Brott mot brottsbalken, 3-7 kap. Brott mot person, 4 kap. Brott mot frihet och frid","Brott mot brottsbalken, 3-7 kap. Brott mot person, 4 kap. Brott mot frihet och frid, Olaga integritetsintrång (6 c, 6 d §), Mot man 18 år eller äldre, Obekanta",,False
5046,"Brott mot brottsbalken, 3-7 kap. Brott mot person, 4 kap. Brott mot frihet och frid, Olaga tvång (4 §)",4,11091.0,"Brott mot brottsbalken, 3-7 kap. Brott mot person, 4 kap. Brott mot frihet och frid",Brott mot brottsbalken,"Brott mot brottsbalken, 3-7 kap. Brott mot person","Brott mot brottsbalken, 3-7 kap. Brott mot person, 4 kap. Brott mot frihet och frid","Brott mot brottsbalken, 3-7 kap. Brott mot person, 4 kap. Brott mot frihet och frid, Olaga tvång (4 §)",,False
5047,"Brott mot brottsbalken, 3-7 kap. Brott mot person, 4 kap. Brott mot frihet och frid, Olaga tvång (4 §), Mot barn under 18 år",4,11091.0,"Brott mot brottsbalken, 3-7 kap. Brott mot person, 4 kap. Brott mot frihet och frid",Brott mot brottsbalken,"Brott mot brottsbalken, 3-7 kap. Brott mot person","Brott mot brottsbalken, 3-7 kap. Brott mot person, 4 kap. Brott mot frihet och frid","Brott mot brottsbalken, 3-7 kap. Brott mot person, 4 kap. Brott mot frihet och frid, Olaga tvång (4 §), Mot barn under 18 år",,False
5050,"Brott mot brottsbalken, 3-7 kap. Brott mot person, 4 kap. Brott mot frihet och frid, Olaga tvång (4 §), Mot barn under 18 år, Mot flicka under 18 år",4,11091.0,"Brott mot brottsbalken, 3-7 kap. Brott mot person, 4 kap. Brott mot frihet och frid",Brott mot brottsbalken,"Brott mot brottsbalken, 3-7 kap. Brott mot person","Brott mot brottsbalken, 3-7 kap. Brott mot person, 4 kap. Brott mot frihet och frid","Brott mot brottsbalken, 3-7 kap. Brott mot person, 4 kap. Brott mot frihet och frid, Olaga tvång (4 §), Mot barn under 18 år, Mot flicka under 18 år",,False
5051,"Brott mot brottsbalken, 3-7 kap. Brott mot person, 4 kap. Brott mot frihet och frid, Olaga tvång (4 §), Mot barn under 18 år, Mot pojke under 18 år",4,11091.0,"Brott mot brottsbalken, 3-7 kap. Brott mot person, 4 kap. Brott mot frihet och frid",Brott mot brottsbalken,"Brott mot brottsbalken, 3-7 kap. Brott mot person","Brott mot brottsbalken, 3-7 kap. Brott mot person, 4 kap. Brott mot frihet och frid","Brott mot brottsbalken, 3-7 kap. Brott mot person, 4 kap. Brott mot frihet och frid, Olaga tvång (4 §), Mot barn under 18 år, Mot pojke under 18 år",,False
5048,"Brott mot brottsbalken, 3-7 kap. Brott mot person, 4 kap. Brott mot frihet och frid, Olaga tvång (4 §), Mot kvinna 18 år eller äldre",4,11091.0,"Brott mot brottsbalken, 3-7 kap. Brott mot person, 4 kap. Brott mot frihet och frid",Brott mot brottsbalken,"Brott mot brottsbalken, 3-7 kap. Brott mot person","Brott mot brottsbalken, 3-7 kap. Brott mot person, 4 kap. Brott mot frihet och frid","Brott mot brottsbalken, 3-7 kap. Brott mot person, 4 kap. Brott mot frihet och frid, Olaga tvång (4 §), Mot kvinna 18 år eller äldre",,False
14313,"Brott mot brottsbalken, 3-7 kap. Brott mot person, 4 kap. Brott mot frihet och frid, Olaga tvång (4 §), Mot kvinna 18 år eller äldre, Annan slags relation eller bekantskap",4,11091.0,"Brott mot brottsbalken, 3-7 kap. Brott mot person, 4 kap. Brott mot frihet och frid",Brott mot brottsbalken,"Brott mot brottsbalken, 3-7 kap. Brott mot person","Brott mot brottsbalken, 3-7 kap. Brott mot person, 4 kap. Brott mot frihet och frid","Brott mot brottsbalken, 3-7 kap. Brott mot person, 4 kap. Brott mot frihet och frid, Olaga tvång (4 §), Mot kvinna 18 år eller äldre, Annan slags relation eller bekantskap",,False
14310,"Brott mot brottsbalken, 3-7 kap. Brott mot person, 4 kap. Brott mot frihet och frid, Olaga tvång (4 §), Mot kvinna 18 år eller äldre, Närstående genom parrelation",4,11091.0,"Brott mot brottsbalken, 3-7 kap. Brott mot person, 4 kap. Brott mot frihet och frid",Brott mot brottsbalken,"Brott mot brottsbalken, 3-7 kap. Brott mot person","Brott mot brottsbalken, 3-7 kap. Brott mot person, 4 kap. Brott mot frihet och frid","Brott mot brottsbalken, 3-7 kap. Brott mot person, 4 kap. Brott mot frihet och frid, Olaga tvång (4 §), Mot kvinna 18 år eller äldre, Närstående genom parrelation",,False
14312,"Brott mot brottsbalken, 3-7 kap. Brott mot person, 4 kap. Brott mot frihet och frid, Olaga tvång (4 §), Mot kvinna 18 år eller äldre, Närstående genom släktskap/familj",4,11091.0,"Brott mot brottsbalken, 3-7 kap. Brott mot person, 4 kap. Brott mot frihet och frid",Brott mot brottsbalken,"Brott mot brottsbalken, 3-7 kap. Brott mot person","Brott mot brottsbalken, 3-7 kap. Brott mot person, 4 kap. Brott mot frihet och frid","Brott mot brottsbalken, 3-7 kap. Brott mot person, 4 kap. Brott mot frihet och frid, Olaga tvång (4 §), Mot kvinna 18 år eller äldre, Närstående genom släktskap/familj",,False
14314,"Brott mot brottsbalken, 3-7 kap. Brott mot person, 4 kap. Brott mot frihet och frid, Olaga tvång (4 §), Mot kvinna 18 år eller äldre, Obekanta",4,11091.0,"Brott mot brottsbalken, 3-7 kap. Brott mot person, 4 kap. Brott mot frihet och frid",Brott mot brottsbalken,"Brott mot brottsbalken, 3-7 kap. Brott mot person","Brott mot brottsbalken, 3-7 kap. Brott mot person, 4 kap. Brott mot frihet och frid","Brott mot brottsbalken, 3-7 kap. Brott mot person, 4 kap. Brott mot frihet och frid, Olaga tvång (4 §), Mot kvinna 18 år eller äldre, Obekanta",,False
5049,"Brott mot brottsbalken, 3-7 kap. Brott mot person, 4 kap. Brott mot frihet och frid, Olaga tvång (4 §), Mot man 18 år eller äldre",4,11091.0,"Brott mot brottsbalken, 3-7 kap. Brott mot person, 4 kap. Brott mot frihet och frid",Brott mot brottsbalken,"Brott mot brottsbalken, 3-7 kap. Brott mot person","Brott mot brottsbalken, 3-7 kap. Brott mot person, 4 kap. Brott mot frihet och frid","Brott mot brottsbalken, 3-7 kap. Brott mot person, 4 kap. Brott mot frihet och frid, Olaga tvång (4 §), Mot man 18 år eller äldre",,False
14308,"Brott mot brottsbalken, 3-7 kap. Brott mot person, 4 kap. Brott mot frihet och frid, Olaga tvång (4 §), Mot man 18 år eller äldre, Annan slags relation eller bekantskap",4,11091.0,"Brott mot brottsbalken, 3-7 kap. Brott mot person, 4 kap. Brott mot frihet och frid",Brott mot brottsbalken,"Brott mot brottsbalken, 3-7 kap. Brott mot person","Brott mot brottsbalken, 3-7 kap. Brott mot person, 4 kap. Brott mot frihet och frid","Brott mot brottsbalken, 3-7 kap. Brott mot person, 4 kap. Brott mot frihet och frid, Olaga tvång (4 §), Mot man 18 år eller äldre, Annan slags relation eller bekantskap",,False
14306,"Brott mot brottsbalken, 3-7 kap. Brott mot person, 4 kap. Brott mot frihet och frid, Olaga tvång (4 §), Mot man 18 år eller äldre, Närstående genom parrelation",4,11091.0,"Brott mot brottsbalken, 3-7 kap. Brott mot person, 4 kap. Brott mot frihet och frid",Brott mot brottsbalken,"Brott mot brottsbalken, 3-7 kap. Brott mot person","Brott mot brottsbalken, 3-7 kap. Brott mot person, 4 kap. Brott mot frihet och frid","Brott mot brottsbalken, 3-7 kap. Brott mot person, 4 kap. Brott mot frihet och frid, Olaga tvång (4 §), Mot man 18 år eller äldre, Närstående genom parrelation",,False
14307,"Brott mot brottsbalken, 3-7 kap. Brott mot person, 4 kap. Brott mot frihet och frid, Olaga tvång (4 §), Mot man 18 år eller äldre, Närstående genom släktskap/familj",4,11091.0,"Brott mot brottsbalken, 3-7 kap. Brott mot person, 4 kap. Brott mot frihet och frid",Brott mot brottsbalken,"Brott mot brottsbalken, 3-7 kap. Brott mot person","Brott mot brottsbalken, 3-7 kap. Brott mot person, 4 kap. Brott mot frihet och frid","Brott mot brottsbalken, 3-7 kap. Brott mot person, 4 kap. Brott mot frihet och frid, Olaga tvång (4 §), Mot man 18 år eller äldre, Närstående genom släktskap/familj",,False
14309,"Brott mot brottsbalken, 3-7 kap. Brott mot person, 4 kap. Brott mot frihet och frid, Olaga tvång (4 §), Mot man 18 år eller äldre, Obekanta",4,11091.0,"Brott mot brottsbalken, 3-7 kap. Brott mot person, 4 kap. Brott mot frihet och frid",Brott mot brottsbalken,"Brott mot brottsbalken, 3-7 kap. Brott mot person","Brott mot brottsbalken, 3-7 kap. Brott mot person, 4 kap. Brott mot frihet och frid","Brott mot brottsbalken, 3-7 kap. Brott mot person, 4 kap. Brott mot frihet och frid, Olaga tvång (4 §), Mot man 18 år eller äldre, Obekanta",,False
11305,"Brott mot brottsbalken, 3-7 kap. Brott mot person, 4 kap. Brott mot frihet och frid, Olovlig avlyssning m.m. (8-9 a §)",4,11091.0,"Brott mot brottsbalken, 3-7 kap. Brott mot person, 4 kap. Brott mot frihet och frid",Brott mot brottsbalken,"Brott mot brottsbalken, 3-7 kap. Brott mot person","Brott mot brottsbalken, 3-7 kap. Brott mot person, 4 kap. Brott mot frihet och frid","Brott mot brottsbalken, 3-7 kap. Brott mot person, 4 kap. Brott mot frihet och frid, Olovlig avlyssning m.m. (8-9 a §)",,False
13184,"Brott mot brottsbalken, 3-7 kap. Brott mot person, 4 kap. Brott mot frihet och frid, Olovlig identitetsanvändning (6 b §)",4,11091.0,"Brott mot brottsbalken, 3-7 kap. Brott mot person, 4 kap. Brott mot frihet och frid",Brott mot brottsbalken,"Brott mot brottsbalken, 3-7 kap. Brott mot person","Brott mot brottsbalken, 3-7 kap. Brott mot person, 4 kap. Brott mot frihet och frid","Brott mot brottsbalken, 3-7 kap. Brott mot person, 4 kap. Brott mot frihet och frid, Olovlig identitetsanvändning (6 b §)",,False
13185,"Brott mot brottsbalken, 3-7 kap. Brott mot person, 4 kap. Brott mot frihet och frid, Olovlig identitetsanvändning (6 b §), Mot barn under 18 år",4,11091.0,"Brott mot brottsbalken, 3-7 kap. Brott mot person, 4 kap. Brott mot frihet och frid",Brott mot brottsbalken,"Brott mot brottsbalken, 3-7 kap. Brott mot person","Brott mot brottsbalken, 3-7 kap. Brott mot person, 4 kap. Brott mot frihet och frid","Brott mot brottsbalken, 3-7 kap. Brott mot person, 4 kap. Brott mot frihet och frid, Olovlig identitetsanvändning (6 b §), Mot barn under 18 år",,False
13186,"Brott mot brottsbalken, 3-7 kap. Brott mot person, 4 kap. Brott mot frihet och frid, Olovlig identitetsanvändning (6 b §), Mot barn under 18 år, Mot flicka under 18 år",4,11091.0,"Brott mot brottsbalken, 3-7 kap. Brott mot person, 4 kap. Brott mot frihet och frid",Brott mot brottsbalken,"Brott mot brottsbalken, 3-7 kap. Brott mot person","Brott mot brottsbalken, 3-7 kap. Brott mot person, 4 kap. Brott mot frihet och frid","Brott mot brottsbalken, 3-7 kap. Brott mot person, 4 kap. Brott mot frihet och frid, Olovlig identitetsanvändning (6 b §), Mot barn under 18 år, Mot flicka under 18 år",,False
13187,"Brott mot brottsbalken, 3-7 kap. Brott mot person, 4 kap. Brott mot frihet och frid, Olovlig identitetsanvändning (6 b §), Mot barn under 18 år, Mot pojke under 18 år",4,11091.0,"Brott mot brottsbalken, 3-7 kap. Brott mot person, 4 kap. Brott mot frihet och frid",Brott mot brottsbalken,"Brott mot brottsbalken, 3-7 kap. Brott mot person","Brott mot brottsbalken, 3-7 kap. Brott mot person, 4 kap. Brott mot frihet och frid","Brott mot brottsbalken, 3-7 kap. Brott mot person, 4 kap. Brott mot frihet och frid, Olovlig identitetsanvändning (6 b §), Mot barn under 18 år, Mot pojke under 18 år",,False
13188,"Brott mot brottsbalken, 3-7 kap. Brott mot person, 4 kap. Brott mot frihet och frid, Olovlig identitetsanvändning (6 b §), Mot kvinna 18 år eller äldre",4,11091.0,"Brott mot brottsbalken, 3-7 kap. Brott mot person, 4 kap. Brott mot frihet och frid",Brott mot brottsbalken,"Brott mot brottsbalken, 3-7 kap. Brott mot person","Brott mot brottsbalken, 3-7 kap. Brott mot person, 4 kap. Brott mot frihet och frid","Brott mot brottsbalken, 3-7 kap. Brott mot person, 4 kap. Brott mot frihet och frid, Olovlig identitetsanvändning (6 b §), Mot kvinna 18 år eller äldre",,False
13189,"Brott mot brottsbalken, 3-7 kap. Brott mot person, 4 kap. Brott mot frihet och frid, Olovlig identitetsanvändning (6 b §), Mot man 18 år eller äldre",4,11091.0,"Brott mot brottsbalken, 3-7 kap. Brott mot person, 4 kap. Brott mot frihet och frid",Brott mot brottsbalken,"Brott mot brottsbalken, 3-7 kap. Brott mot person","Brott mot brottsbalken, 3-7 kap. Brott mot person, 4 kap. Brott mot frihet och frid","Brott mot brottsbalken, 3-7 kap. Brott mot person, 4 kap. Brott mot frihet och frid, Olovlig identitetsanvändning (6 b §), Mot man 18 år eller äldre",,False
14907,"Brott mot brottsbalken, 3-7 kap. Brott mot person, 4 kap. Brott mot frihet och frid, Oskuldskontroll (4 f §)",4,11091.0,"Brott mot brottsbalken, 3-7 kap. Brott mot person, 4 kap. Brott mot frihet och frid",Brott mot brottsbalken,"Brott mot brottsbalken, 3-7 kap. Brott mot person","Brott mot brottsbalken, 3-7 kap. Brott mot person, 4 kap. Brott mot frihet och frid","Brott mot brottsbalken, 3-7 kap. Brott mot person, 4 kap. Brott mot frihet och frid, Oskuldskontroll (4 f §)",,False
14908,"Brott mot brottsbalken, 3-7 kap. Brott mot person, 4 kap. Brott mot frihet och frid, Oskuldskontroll (4 f §), Mot flicka under 18 år",4,11091.0,"Brott mot brottsbalken, 3-7 kap. Brott mot person, 4 kap. Brott mot frihet och frid",Brott mot brottsbalken,"Brott mot brottsbalken, 3-7 kap. Brott mot person","Brott mot brottsbalken, 3-7 kap. Brott mot person, 4 kap. Brott mot frihet och frid","Brott mot brottsbalken, 3-7 kap. Brott mot person, 4 kap. Brott mot frihet och frid, Oskuldskontroll (4 f §), Mot flicka under 18 år",,False
14910,"Brott mot brottsbalken, 3-7 kap. Brott mot person, 4 kap. Brott mot frihet och frid, Oskuldskontroll (4 f §), Mot kvinna 18 år eller äldre",4,11091.0,"Brott mot brottsbalken, 3-7 kap. Brott mot person, 4 kap. Brott mot frihet och frid",Brott mot brottsbalken,"Brott mot brottsbalken, 3-7 kap. Brott mot person","Brott mot brottsbalken, 3-7 kap. Brott mot person, 4 kap. Brott mot frihet och frid","Brott mot brottsbalken, 3-7 kap. Brott mot person, 4 kap. Brott mot frihet och frid, Oskuldskontroll (4 f §), Mot kvinna 18 år eller äldre",,False
14940,"Brott mot brottsbalken, 3-7 kap. Brott mot person, 4 kap. Brott mot frihet och frid, Psykiskt våld (7b §)",4,11091.0,"Brott mot brottsbalken, 3-7 kap. Brott mot person, 4 kap. Brott mot frihet och frid",Brott mot brottsbalken,"Brott mot brottsbalken, 3-7 kap. Brott mot person","Brott mot brottsbalken, 3-7 kap. Brott mot person, 4 kap. Brott mot frihet och frid","Brott mot brottsbalken, 3-7 kap. Brott mot person, 4 kap. Brott mot frihet och frid, Psykiskt våld (7b §)",,False
14950,"Brott mot brottsbalken, 3-7 kap. Brott mot person, 4 kap. Brott mot frihet och frid, Psykiskt våld (7b §), Mot barn under 18 år",4,11091.0,"Brott mot brottsbalken, 3-7 kap. Brott mot person, 4 kap. Brott mot frihet och frid",Brott mot brottsbalken,"Brott mot brottsbalken, 3-7 kap. Brott mot person","Brott mot brottsbalken, 3-7 kap. Brott mot person, 4 kap. Brott mot frihet och frid","Brott mot brottsbalken, 3-7 kap. Brott mot person, 4 kap. Brott mot frihet och frid, Psykiskt våld (7b §), Mot barn under 18 år",,False
14952,"Brott mot brottsbalken, 3-7 kap. Brott mot person, 4 kap. Brott mot frihet och frid, Psykiskt våld (7b §), Mot barn under 18 år, Mot flicka under 18 år",4,11091.0,"Brott mot brottsbalken, 3-7 kap. Brott mot person, 4 kap. Brott mot frihet och frid",Brott mot brottsbalken,"Brott mot brottsbalken, 3-7 kap. Brott mot person","Brott mot brottsbalken, 3-7 kap. Brott mot person, 4 kap. Brott mot frihet och frid","Brott mot brottsbalken, 3-7 kap. Brott mot person, 4 kap. Brott mot frihet och frid, Psykiskt våld (7b §), Mot barn under 18 år, Mot flicka under 18 år",,False
14951,"Brott mot brottsbalken, 3-7 kap. Brott mot person, 4 kap. Brott mot frihet och frid, Psykiskt våld (7b §), Mot barn under 18 år, Mot pojke under 18 år",4,11091.0,"Brott mot brottsbalken, 3-7 kap. Brott mot person, 4 kap. Brott mot frihet och frid",Brott mot brottsbalken,"Brott mot brottsbalken, 3-7 kap. Brott mot person","Brott mot brottsbalken, 3-7 kap. Brott mot person, 4 kap. Brott mot frihet och frid","Brott mot brottsbalken, 3-7 kap. Brott mot person, 4 kap. Brott mot frihet och frid, Psykiskt våld (7b §), Mot barn under 18 år, Mot pojke under 18 år",,False
14948,"Brott mot brottsbalken, 3-7 kap. Brott mot person, 4 kap. Brott mot frihet och frid, Psykiskt våld (7b §), Mot kvinna 18 år eller äldre",4,11091.0,"Brott mot brottsbalken, 3-7 kap. Brott mot person, 4 kap. Brott mot frihet och frid",Brott mot brottsbalken,"Brott mot brottsbalken, 3-7 kap. Brott mot person","Brott mot brottsbalken, 3-7 kap. Brott mot person, 4 kap. Brott mot frihet och frid","Brott mot brottsbalken, 3-7 kap. Brott mot person, 4 kap. Brott mot frihet och frid, Psykiskt våld (7b §), Mot kvinna 18 år eller äldre",,False
14955,"Brott mot brottsbalken, 3-7 kap. Brott mot person, 4 kap. Brott mot frihet och frid, Psykiskt våld (7b §), Mot kvinna 18 år eller äldre, Annan slags relation eller bekantskap",4,11091.0,"Brott mot brottsbalken, 3-7 kap. Brott mot person, 4 kap. Brott mot frihet och frid",Brott mot brottsbalken,"Brott mot brottsbalken, 3-7 kap. Brott mot person","Brott mot brottsbalken, 3-7 kap. Brott mot person, 4 kap. Brott mot frihet och frid","Brott mot brottsbalken, 3-7 kap. Brott mot person, 4 kap. Brott mot frihet och frid, Psykiskt våld (7b §), Mot kvinna 18 år eller äldre, Annan slags relation eller bekantskap",,False
14957,"Brott mot brottsbalken, 3-7 kap. Brott mot person, 4 kap. Brott mot frihet och frid, Psykiskt våld (7b §), Mot kvinna 18 år eller äldre, Närstående genom parrelation",4,11091.0,"Brott mot brottsbalken, 3-7 kap. Brott mot person, 4 kap. Brott mot frihet och frid",Brott mot brottsbalken,"Brott mot brottsbalken, 3-7 kap. Brott mot person","Brott mot brottsbalken, 3-7 kap. Brott mot person, 4 kap. Brott mot frihet och frid","Brott mot brottsbalken, 3-7 kap. Brott mot person, 4 kap. Brott mot frihet och frid, Psykiskt våld (7b §), Mot kvinna 18 år eller äldre, Närstående genom parrelation",,False
14956,"Brott mot brottsbalken, 3-7 kap. Brott mot person, 4 kap. Brott mot frihet och frid, Psykiskt våld (7b §), Mot kvinna 18 år eller äldre, Närstående genom släktskap/familj",4,11091.0,"Brott mot brottsbalken, 3-7 kap. Brott mot person, 4 kap. Brott mot frihet och frid",Brott mot brottsbalken,"Brott mot brottsbalken, 3-7 kap. Brott mot person","Brott mot brottsbalken, 3-7 kap. Brott mot person, 4 kap. Brott mot frihet och frid","Brott mot brottsbalken, 3-7 kap. Brott mot person, 4 kap. Brott mot frihet och frid, Psykiskt våld (7b §), Mot kvinna 18 år eller äldre, Närstående genom släktskap/familj",,False
14953,"Brott mot brottsbalken, 3-7 kap. Brott mot person, 4 kap. Brott mot frihet och frid, Psykiskt våld (7b §), Mot kvinna 18 år eller äldre, Obekanta",4,11091.0,"Brott mot brottsbalken, 3-7 kap. Brott mot person, 4 kap. Brott mot frihet och frid",Brott mot brottsbalken,"Brott mot brottsbalken, 3-7 kap. Brott mot person","Brott mot brottsbalken, 3-7 kap. Brott mot person, 4 kap. Brott mot frihet och frid","Brott mot brottsbalken, 3-7 kap. Brott mot person, 4 kap. Brott mot frihet och frid, Psykiskt våld (7b §), Mot kvinna 18 år eller äldre, Obekanta",,False
14947,"Brott mot brottsbalken, 3-7 kap. Brott mot person, 4 kap. Brott mot frihet och frid, Psykiskt våld (7b §), Mot man 18 år eller äldre",4,11091.0,"Brott mot brottsbalken, 3-7 kap. Brott mot person, 4 kap. Brott mot frihet och frid",Brott mot brottsbalken,"Brott mot brottsbalken, 3-7 kap. Brott mot person","Brott mot brottsbalken, 3-7 kap. Brott mot person, 4 kap. Brott mot frihet och frid","Brott mot brottsbalken, 3-7 kap. Brott mot person, 4 kap. Brott mot frihet och frid, Psykiskt våld (7b §), Mot man 18 år eller äldre",,False
14959,"Brott mot brottsbalken, 3-7 kap. Brott mot person, 4 kap. Brott mot frihet och frid, Psykiskt våld (7b §), Mot man 18 år eller äldre, Annan slags relation eller bekantskap",4,11091.0,"Brott mot brottsbalken, 3-7 kap. Brott mot person, 4 kap. Brott mot frihet och frid",Brott mot brottsbalken,"Brott mot brottsbalken, 3-7 kap. Brott mot person","Brott mot brottsbalken, 3-7 kap. Brott mot person, 4 kap. Brott mot frihet och frid","Brott mot brottsbalken, 3-7 kap. Brott mot person, 4 kap. Brott mot frihet och frid, Psykiskt våld (7b §), Mot man 18 år eller äldre, Annan slags relation eller bekantskap",,False
14961,"Brott mot brottsbalken, 3-7 kap. Brott mot person, 4 kap. Brott mot frihet och frid, Psykiskt våld (7b §), Mot man 18 år eller äldre, Närstående genom parrelation",4,11091.0,"Brott mot brottsbalken, 3-7 kap. Brott mot person, 4 kap. Brott mot frihet och frid",Brott mot brottsbalken,"Brott mot brottsbalken, 3-7 kap. Brott mot person","Brott mot brottsbalken, 3-7 kap. Brott mot person, 4 kap. Brott mot frihet och frid","Brott mot brottsbalken, 3-7 kap. Brott mot person, 4 kap. Brott mot frihet och frid, Psykiskt våld (7b §), Mot man 18 år eller äldre, Närstående genom parrelation",,False
14960,"Brott mot brottsbalken, 3-7 kap. Brott mot person, 4 kap. Brott mot frihet och frid, Psykiskt våld (7b §), Mot man 18 år eller äldre, Närstående genom släktskap/familj",4,11091.0,"Brott mot brottsbalken, 3-7 kap. Brott mot person, 4 kap. Brott mot frihet och frid",Brott mot brottsbalken,"Brott mot brottsbalken, 3-7 kap. Brott mot person","Brott mot brottsbalken, 3-7 kap. Brott mot person, 4 kap. Brott mot frihet och frid","Brott mot brottsbalken, 3-7 kap. Brott mot person, 4 kap. Brott mot frihet och frid, Psykiskt våld (7b §), Mot man 18 år eller äldre, Närstående genom släktskap/familj",,False
14958,"Brott mot brottsbalken, 3-7 kap. Brott mot person, 4 kap. Brott mot frihet och frid, Psykiskt våld (7b §), Mot man 18 år eller äldre, Obekanta",4,11091.0,"Brott mot brottsbalken, 3-7 kap. Brott mot person, 4 kap. Brott mot frihet och frid",Brott mot brottsbalken,"Brott mot brottsbalken, 3-7 kap. Brott mot person","Brott mot brottsbalken, 3-7 kap. Brott mot person, 4 kap. Brott mot frihet och frid","Brott mot brottsbalken, 3-7 kap. Brott mot person, 4 kap. Brott mot frihet och frid, Psykiskt våld (7b §), Mot man 18 år eller äldre, Obekanta",,False
14578,"Brott mot brottsbalken, 3-7 kap. Brott mot person, 4 kap. Brott mot frihet och frid, Uppmaning till självmord (7 a § 1 st.)",4,11091.0,"Brott mot brottsbalken, 3-7 kap. Brott mot person, 4 kap. Brott mot frihet och frid",Brott mot brottsbalken,"Brott mot brottsbalken, 3-7 kap. Brott mot person","Brott mot brottsbalken, 3-7 kap. Brott mot person, 4 kap. Brott mot frihet och frid","Brott mot brottsbalken, 3-7 kap. Brott mot person, 4 kap. Brott mot frihet och frid, Uppmaning till självmord (7 a § 1 st.)",,False
14579,"Brott mot brottsbalken, 3-7 kap. Brott mot person, 4 kap. Brott mot frihet och frid, Uppmaning till självmord (7 a § 1 st.), Mot barn under 18 år",4,11091.0,"Brott mot brottsbalken, 3-7 kap. Brott mot person, 4 kap. Brott mot frihet och frid",Brott mot brottsbalken,"Brott mot brottsbalken, 3-7 kap. Brott mot person","Brott mot brottsbalken, 3-7 kap. Brott mot person, 4 kap. Brott mot frihet och frid","Brott mot brottsbalken, 3-7 kap. Brott mot person, 4 kap. Brott mot frihet och frid, Uppmaning till självmord (7 a § 1 st.), Mot barn under 18 år",,False
14582,"Brott mot brottsbalken, 3-7 kap. Brott mot person, 4 kap. Brott mot frihet och frid, Uppmaning till självmord (7 a § 1 st.), Mot barn under 18 år, Mot flicka under 18 år",4,11091.0,"Brott mot brottsbalken, 3-7 kap. Brott mot person, 4 kap. Brott mot frihet och frid",Brott mot brottsbalken,"Brott mot brottsbalken, 3-7 kap. Brott mot person","Brott mot brottsbalken, 3-7 kap. Brott mot person, 4 kap. Brott mot frihet och frid","Brott mot brottsbalken, 3-7 kap. Brott mot person, 4 kap. Brott mot frihet och frid, Uppmaning till självmord (7 a § 1 st.), Mot barn under 18 år, Mot flicka under 18 år",,False
14581,"Brott mot brottsbalken, 3-7 kap. Brott mot person, 4 kap. Brott mot frihet och frid, Uppmaning till självmord (7 a § 1 st.), Mot barn under 18 år, Mot pojke under 18 år",4,11091.0,"Brott mot brottsbalken, 3-7 kap. Brott mot person, 4 kap. Brott mot frihet och frid",Brott mot brottsbalken,"Brott mot brottsbalken, 3-7 kap. Brott mot person","Brott mot brottsbalken, 3-7 kap. Brott mot person, 4 kap. Brott mot frihet och frid","Brott mot brottsbalken, 3-7 kap. Brott mot person, 4 kap. Brott mot frihet och frid, Uppmaning till självmord (7 a § 1 st.), Mot barn under 18 år, Mot pojke under 18 år",,False
14580,"Brott mot brottsbalken, 3-7 kap. Brott mot person, 4 kap. Brott mot frihet och frid, Uppmaning till självmord (7 a § 1 st.), Mot kvinna 18 år eller äldre",4,11091.0,"Brott mot brottsbalken, 3-7 kap. Brott mot person, 4 kap. Brott mot frihet och frid",Brott mot brottsbalken,"Brott mot brottsbalken, 3-7 kap. Brott mot person","Brott mot brottsbalken, 3-7 kap. Brott mot person, 4 kap. Brott mot frihet och frid","Brott mot brottsbalken, 3-7 kap. Brott mot person, 4 kap. Brott mot frihet och frid, Uppmaning till självmord (7 a § 1 st.), Mot kvinna 18 år eller äldre",,False
14583,"Brott mot brottsbalken, 3-7 kap. Brott mot person, 4 kap. Brott mot frihet och frid, Uppmaning till självmord (7 a § 1 st.), Mot man 18 år eller äldre",4,11091.0,"Brott mot brottsbalken, 3-7 kap. Brott mot person, 4 kap. Brott mot frihet och frid",Brott mot brottsbalken,"Brott mot brottsbalken, 3-7 kap. Brott mot person","Brott mot brottsbalken, 3-7 kap. Brott mot person, 4 kap. Brott mot frihet och frid","Brott mot brottsbalken, 3-7 kap. Brott mot person, 4 kap. Brott mot frihet och frid, Uppmaning till självmord (7 a § 1 st.), Mot man 18 år eller äldre",,False
13086,"Brott mot brottsbalken, 3-7 kap. Brott mot person, 4 kap. Brott mot frihet och frid, Äktenskapstvång, vilseledande till tvångsäktenskapsresa (4 c, 4 d §)",4,11091.0,"Brott mot brottsbalken, 3-7 kap. Brott mot person, 4 kap. Brott mot frihet och frid",Brott mot brottsbalken,"Brott mot brottsbalken, 3-7 kap. Brott mot person","Brott mot brottsbalken, 3-7 kap. Brott mot person, 4 kap. Brott mot frihet och frid","Brott mot brottsbalken, 3-7 kap. Brott mot person, 4 kap. Brott mot frihet och frid, Äktenskapstvång, vilseledande till tvångsäktenskapsresa (4 c, 4 d §)",,False
14489,"Brott mot brottsbalken, 3-7 kap. Brott mot person, 4 kap. Brott mot frihet och frid, Äktenskapstvång, vilseledande till tvångsäktenskapsresa (4 c, 4 d §), Barnäktenskapsbrott (4 c § 3 st.)",4,11091.0,"Brott mot brottsbalken, 3-7 kap. Brott mot person, 4 kap. Brott mot frihet och frid",Brott mot brottsbalken,"Brott mot brottsbalken, 3-7 kap. Brott mot person","Brott mot brottsbalken, 3-7 kap. Brott mot person, 4 kap. Brott mot frihet och frid","Brott mot brottsbalken, 3-7 kap. Brott mot person, 4 kap. Brott mot frihet och frid, Äktenskapstvång, vilseledande till tvångsäktenskapsresa (4 c, 4 d §), Barnäktenskapsbrott (4 c § 3 st.)",,False
14913,"Brott mot brottsbalken, 3-7 kap. Brott mot person, 4 kap. Brott mot frihet och frid, Äktenskapstvång, vilseledande till tvångsäktenskapsresa (4 c, 4 d §), Barnäktenskapsbrott (4 c § 3 st.), Mot flicka under 18 år",4,11091.0,"Brott mot brottsbalken, 3-7 kap. Brott mot person, 4 kap. Brott mot frihet och frid",Brott mot brottsbalken,"Brott mot brottsbalken, 3-7 kap. Brott mot person","Brott mot brottsbalken, 3-7 kap. Brott mot person, 4 kap. Brott mot frihet och frid","Brott mot brottsbalken, 3-7 kap. Brott mot person, 4 kap. Brott mot frihet och frid, Äktenskapstvång, vilseledande till tvångsäktenskapsresa (4 c, 4 d §), Barnäktenskapsbrott (4 c § 3 st.), Mot flicka under 18 år",,False
14918,"Brott mot brottsbalken, 3-7 kap. Brott mot person, 4 kap. Brott mot frihet och frid, Äktenskapstvång, vilseledande till tvångsäktenskapsresa (4 c, 4 d §), Barnäktenskapsbrott (4 c § 3 st.), Mot pojke under 18 år",4,11091.0,"Brott mot brottsbalken, 3-7 kap. Brott mot person, 4 kap. Brott mot frihet och frid",Brott mot brottsbalken,"Brott mot brottsbalken, 3-7 kap. Brott mot person","Brott mot brottsbalken, 3-7 kap. Brott mot person, 4 kap. Brott mot frihet och frid","Brott mot brottsbalken, 3-7 kap. Brott mot person, 4 kap. Brott mot frihet och frid, Äktenskapstvång, vilseledande till tvångsäktenskapsresa (4 c, 4 d §), Barnäktenskapsbrott (4 c § 3 st.), Mot pojke under 18 år",,False
14491,"Brott mot brottsbalken, 3-7 kap. Brott mot person, 4 kap. Brott mot frihet och frid, Äktenskapstvång, vilseledande till tvångsäktenskapsresa (4 c, 4 d §), Vilseledande till äktenskapsresa (4 d §)",4,11091.0,"Brott mot brottsbalken, 3-7 kap. Brott mot person, 4 kap. Brott mot frihet och frid",Brott mot brottsbalken,"Brott mot brottsbalken, 3-7 kap. Brott mot person","Brott mot brottsbalken, 3-7 kap. Brott mot person, 4 kap. Brott mot frihet och frid","Brott mot brottsbalken, 3-7 kap. Brott mot person, 4 kap. Brott mot frihet och frid, Äktenskapstvång, vilseledande till tvångsäktenskapsresa (4 c, 4 d §), Vilseledande till äktenskapsresa (4 d §)",,False
14914,"Brott mot brottsbalken, 3-7 kap. Brott mot person, 4 kap. Brott mot frihet och frid, Äktenskapstvång, vilseledande till tvångsäktenskapsresa (4 c, 4 d §), Vilseledande till äktenskapsresa (4 d §), Mot barn under 18 år",4,11091.0,"Brott mot brottsbalken, 3-7 kap. Brott mot person, 4 kap. Brott mot frihet och frid",Brott mot brottsbalken,"Brott mot brottsbalken, 3-7 kap. Brott mot person","Brott mot brottsbalken, 3-7 kap. Brott mot person, 4 kap. Brott mot frihet och frid","Brott mot brottsbalken, 3-7 kap. Brott mot person, 4 kap. Brott mot frihet och frid, Äktenskapstvång, vilseledande till tvångsäktenskapsresa (4 c, 4 d §), Vilseledande till äktenskapsresa (4 d §), Mot barn under 18 år",,False
14920,"Brott mot brottsbalken, 3-7 kap. Brott mot person, 4 kap. Brott mot frihet och frid, Äktenskapstvång, vilseledande till tvångsäktenskapsresa (4 c, 4 d §), Vilseledande till äktenskapsresa (4 d §), Mot barn under 18 år, Mot flicka under 18 år",4,11091.0,"Brott mot brottsbalken, 3-7 kap. Brott mot person, 4 kap. Brott mot frihet och frid",Brott mot brottsbalken,"Brott mot brottsbalken, 3-7 kap. Brott mot person","Brott mot brottsbalken, 3-7 kap. Brott mot person, 4 kap. Brott mot frihet och frid","Brott mot brottsbalken, 3-7 kap. Brott mot person, 4 kap. Brott mot frihet och frid, Äktenskapstvång, vilseledande till tvångsäktenskapsresa (4 c, 4 d §), Vilseledande till äktenskapsresa (4 d §), Mot barn under 18 år, Mot flicka under 18 år",,False
14921,"Brott mot brottsbalken, 3-7 kap. Brott mot person, 4 kap. Brott mot frihet och frid, Äktenskapstvång, vilseledande till tvångsäktenskapsresa (4 c, 4 d §), Vilseledande till äktenskapsresa (4 d §), Mot barn under 18 år, Mot pojke under 18 år",4,11091.0,"Brott mot brottsbalken, 3-7 kap. Brott mot person, 4 kap. Brott mot frihet och frid",Brott mot brottsbalken,"Brott mot brottsbalken, 3-7 kap. Brott mot person","Brott mot brottsbalken, 3-7 kap. Brott mot person, 4 kap. Brott mot frihet och frid","Brott mot brottsbalken, 3-7 kap. Brott mot person, 4 kap. Brott mot frihet och frid, Äktenskapstvång, vilseledande till tvångsäktenskapsresa (4 c, 4 d §), Vilseledande till äktenskapsresa (4 d §), Mot barn under 18 år, Mot pojke under 18 år",,False
14916,"Brott mot brottsbalken, 3-7 kap. Brott mot person, 4 kap. Brott mot frihet och frid, Äktenskapstvång, vilseledande till tvångsäktenskapsresa (4 c, 4 d §), Vilseledande till äktenskapsresa (4 d §), Mot kvinna 18 år eller äldre",4,11091.0,"Brott mot brottsbalken, 3-7 kap. Brott mot person, 4 kap. Brott mot frihet och frid",Brott mot brottsbalken,"Brott mot brottsbalken, 3-7 kap. Brott mot person","Brott mot brottsbalken, 3-7 kap. Brott mot person, 4 kap. Brott mot frihet och frid","Brott mot brottsbalken, 3-7 kap. Brott mot person, 4 kap. Brott mot frihet och frid, Äktenskapstvång, vilseledande till tvångsäktenskapsresa (4 c, 4 d §), Vilseledande till äktenskapsresa (4 d §), Mot kvinna 18 år eller äldre",,False
14917,"Brott mot brottsbalken, 3-7 kap. Brott mot person, 4 kap. Brott mot frihet och frid, Äktenskapstvång, vilseledande till tvångsäktenskapsresa (4 c, 4 d §), Vilseledande till äktenskapsresa (4 d §), Mot man 18 år eller äldre",4,11091.0,"Brott mot brottsbalken, 3-7 kap. Brott mot person, 4 kap. Brott mot frihet och frid",Brott mot brottsbalken,"Brott mot brottsbalken, 3-7 kap. Brott mot person","Brott mot brottsbalken, 3-7 kap. Brott mot person, 4 kap. Brott mot frihet och frid","Brott mot brottsbalken, 3-7 kap. Brott mot person, 4 kap. Brott mot frihet och frid, Äktenskapstvång, vilseledande till tvångsäktenskapsresa (4 c, 4 d §), Vilseledande till äktenskapsresa (4 d §), Mot man 18 år eller äldre",,False
14488,"Brott mot brottsbalken, 3-7 kap. Brott mot person, 4 kap. Brott mot frihet och frid, Äktenskapstvång, vilseledande till tvångsäktenskapsresa (4 c, 4 d §), Äktenskapstvång (4 c § 1-2 st.)",4,11091.0,"Brott mot brottsbalken, 3-7 kap. Brott mot person, 4 kap. Brott mot frihet och frid",Brott mot brottsbalken,"Brott mot brottsbalken, 3-7 kap. Brott mot person","Brott mot brottsbalken, 3-7 kap. Brott mot person, 4 kap. Brott mot frihet och frid","Brott mot brottsbalken, 3-7 kap. Brott mot person, 4 kap. Brott mot frihet och frid, Äktenskapstvång, vilseledande till tvångsäktenskapsresa (4 c, 4 d §), Äktenskapstvång (4 c § 1-2 st.)",,False
14912,"Brott mot brottsbalken, 3-7 kap. Brott mot person, 4 kap. Brott mot frihet och frid, Äktenskapstvång, vilseledande till tvångsäktenskapsresa (4 c, 4 d §), Äktenskapstvång (4 c § 1-2 st.), Mot kvinna 18 år eller äldre",4,11091.0,"Brott mot brottsbalken, 3-7 kap. Brott mot person, 4 kap. Brott mot frihet och frid",Brott mot brottsbalken,"Brott mot brottsbalken, 3-7 kap. Brott mot person","Brott mot brottsbalken, 3-7 kap. Brott mot person, 4 kap. Brott mot frihet och frid","Brott mot brottsbalken, 3-7 kap. Brott mot person, 4 kap. Brott mot frihet och frid, Äktenskapstvång, vilseledande till tvångsäktenskapsresa (4 c, 4 d §), Äktenskapstvång (4 c § 1-2 st.), Mot kvinna 18 år eller äldre",,False
14919,"Brott mot brottsbalken, 3-7 kap. Brott mot person, 4 kap. Brott mot frihet och frid, Äktenskapstvång, vilseledande till tvångsäktenskapsresa (4 c, 4 d §), Äktenskapstvång (4 c § 1-2 st.), Mot man 18 år eller äldre",4,11091.0,"Brott mot brottsbalken, 3-7 kap. Brott mot person, 4 kap. Brott mot frihet och frid",Brott mot brottsbalken,"Brott mot brottsbalken, 3-7 kap. Brott mot person","Brott mot brottsbalken, 3-7 kap. Brott mot person, 4 kap. Brott mot frihet och frid","Brott mot brottsbalken, 3-7 kap. Brott mot person, 4 kap. Brott mot frihet och frid, Äktenskapstvång, vilseledande till tvångsäktenskapsresa (4 c, 4 d §), Äktenskapstvång (4 c § 1-2 st.), Mot man 18 år eller äldre",,False
13087,"Brott mot brottsbalken, 3-7 kap. Brott mot person, 5 kap. Ärekränkningsbrott, Mot barn under 18 år",4,11092.0,"Brott mot brottsbalken, 3-7 kap. Brott mot person, 5 kap. Ärekränkningsbrott",Brott mot brottsbalken,"Brott mot brottsbalken, 3-7 kap. Brott mot person","Brott mot brottsbalken, 3-7 kap. Brott mot person, 5 kap. Ärekränkningsbrott","Brott mot brottsbalken, 3-7 kap. Brott mot person, 5 kap. Ärekränkningsbrott, Mot barn under 18 år",,False
13090,"Brott mot brottsbalken, 3-7 kap. Brott mot person, 5 kap. Ärekränkningsbrott, Mot barn under 18 år, Mot flicka under 18 år",4,11092.0,"Brott mot brottsbalken, 3-7 kap. Brott mot person, 5 kap. Ärekränkningsbrott",Brott mot brottsbalken,"Brott mot brottsbalken, 3-7 kap. Brott mot person","Brott mot brottsbalken, 3-7 kap. Brott mot person, 5 kap. Ärekränkningsbrott","Brott mot brottsbalken, 3-7 kap. Brott mot person, 5 kap. Ärekränkningsbrott, Mot barn under 18 år, Mot flicka under 18 år",,False
13136,"Brott mot brottsbalken, 3-7 kap. Brott mot person, 5 kap. Ärekränkningsbrott, Mot barn under 18 år, Mot flicka under 18 år, Ej internetrelaterad",4,11092.0,"Brott mot brottsbalken, 3-7 kap. Brott mot person, 5 kap. Ärekränkningsbrott",Brott mot brottsbalken,"Brott mot brottsbalken, 3-7 kap. Brott mot person","Brott mot brottsbalken, 3-7 kap. Brott mot person, 5 kap. Ärekränkningsbrott","Brott mot brottsbalken, 3-7 kap. Brott mot person, 5 kap. Ärekränkningsbrott, Mot barn under 18 år, Mot flicka under 18 år, Ej internetrelaterad",,False
13135,"Brott mot brottsbalken, 3-7 kap. Brott mot person, 5 kap. Ärekränkningsbrott, Mot barn under 18 år, Mot flicka under 18 år, Internetrelaterad",4,11092.0,"Brott mot brottsbalken, 3-7 kap. Brott mot person, 5 kap. Ärekränkningsbrott",Brott mot brottsbalken,"Brott mot brottsbalken, 3-7 kap. Brott mot person","Brott mot brottsbalken, 3-7 kap. Brott mot person, 5 kap. Ärekränkningsbrott","Brott mot brottsbalken, 3-7 kap. Brott mot person, 5 kap. Ärekränkningsbrott, Mot barn under 18 år, Mot flicka under 18 år, Internetrelaterad",,False
13091,"Brott mot brottsbalken, 3-7 kap. Brott mot person, 5 kap. Ärekränkningsbrott, Mot barn under 18 år, Mot pojke under 18 år",4,11092.0,"Brott mot brottsbalken, 3-7 kap. Brott mot person, 5 kap. Ärekränkningsbrott",Brott mot brottsbalken,"Brott mot brottsbalken, 3-7 kap. Brott mot person","Brott mot brottsbalken, 3-7 kap. Brott mot person, 5 kap. Ärekränkningsbrott","Brott mot brottsbalken, 3-7 kap. Brott mot person, 5 kap. Ärekränkningsbrott, Mot barn under 18 år, Mot pojke under 18 år",,False
13138,"Brott mot brottsbalken, 3-7 kap. Brott mot person, 5 kap. Ärekränkningsbrott, Mot barn under 18 år, Mot pojke under 18 år, Ej internetrelaterad",4,11092.0,"Brott mot brottsbalken, 3-7 kap. Brott mot person, 5 kap. Ärekränkningsbrott",Brott mot brottsbalken,"Brott mot brottsbalken, 3-7 kap. Brott mot person","Brott mot brottsbalken, 3-7 kap. Brott mot person, 5 kap. Ärekränkningsbrott","Brott mot brottsbalken, 3-7 kap. Brott mot person, 5 kap. Ärekränkningsbrott, Mot barn under 18 år, Mot pojke under 18 år, Ej internetrelaterad",,False
13137,"Brott mot brottsbalken, 3-7 kap. Brott mot person, 5 kap. Ärekränkningsbrott, Mot barn under 18 år, Mot pojke under 18 år, Internetrelaterad",4,11092.0,"Brott mot brottsbalken, 3-7 kap. Brott mot person, 5 kap. Ärekränkningsbrott",Brott mot brottsbalken,"Brott mot brottsbalken, 3-7 kap. Brott mot person","Brott mot brottsbalken, 3-7 kap. Brott mot person, 5 kap. Ärekränkningsbrott","Brott mot brottsbalken, 3-7 kap. Brott mot person, 5 kap. Ärekränkningsbrott, Mot barn under 18 år, Mot pojke under 18 år, Internetrelaterad",,False
13088,"Brott mot brottsbalken, 3-7 kap. Brott mot person, 5 kap. Ärekränkningsbrott, Mot kvinna 18 år eller äldre",4,11092.0,"Brott mot brottsbalken, 3-7 kap. Brott mot person, 5 kap. Ärekränkningsbrott",Brott mot brottsbalken,"Brott mot brottsbalken, 3-7 kap. Brott mot person","Brott mot brottsbalken, 3-7 kap. Brott mot person, 5 kap. Ärekränkningsbrott","Brott mot brottsbalken, 3-7 kap. Brott mot person, 5 kap. Ärekränkningsbrott, Mot kvinna 18 år eller äldre",,False
13140,"Brott mot brottsbalken, 3-7 kap. Brott mot person, 5 kap. Ärekränkningsbrott, Mot kvinna 18 år eller äldre, Ej internetrelaterad",4,11092.0,"Brott mot brottsbalken, 3-7 kap. Brott mot person, 5 kap. Ärekränkningsbrott",Brott mot brottsbalken,"Brott mot brottsbalken, 3-7 kap. Brott mot person","Brott mot brottsbalken, 3-7 kap. Brott mot person, 5 kap. Ärekränkningsbrott","Brott mot brottsbalken, 3-7 kap. Brott mot person, 5 kap. Ärekränkningsbrott, Mot kvinna 18 år eller äldre, Ej internetrelaterad",,False
13139,"Brott mot brottsbalken, 3-7 kap. Brott mot person, 5 kap. Ärekränkningsbrott, Mot kvinna 18 år eller äldre, Internetrelaterad",4,11092.0,"Brott mot brottsbalken, 3-7 kap. Brott mot person, 5 kap. Ärekränkningsbrott",Brott mot brottsbalken,"Brott mot brottsbalken, 3-7 kap. Brott mot person","Brott mot brottsbalken, 3-7 kap. Brott mot person, 5 kap. Ärekränkningsbrott","Brott mot brottsbalken, 3-7 kap. Brott mot person, 5 kap. Ärekränkningsbrott, Mot kvinna 18 år eller äldre, Internetrelaterad",,False
13089,"Brott mot brottsbalken, 3-7 kap. Brott mot person, 5 kap. Ärekränkningsbrott, Mot man 18 år eller äldre",4,11092.0,"Brott mot brottsbalken, 3-7 kap. Brott mot person, 5 kap. Ärekränkningsbrott",Brott mot brottsbalken,"Brott mot brottsbalken, 3-7 kap. Brott mot person","Brott mot brottsbalken, 3-7 kap. Brott mot person, 5 kap. Ärekränkningsbrott","Brott mot brottsbalken, 3-7 kap. Brott mot person, 5 kap. Ärekränkningsbrott, Mot man 18 år eller äldre",,False
13142,"Brott mot brottsbalken, 3-7 kap. Brott mot person, 5 kap. Ärekränkningsbrott, Mot man 18 år eller äldre, Ej internetrelaterad",4,11092.0,"Brott mot brottsbalken, 3-7 kap. Brott mot person, 5 kap. Ärekränkningsbrott",Brott mot brottsbalken,"Brott mot brottsbalken, 3-7 kap. Brott mot person","Brott mot brottsbalken, 3-7 kap. Brott mot person, 5 kap. Ärekränkningsbrott","Brott mot brottsbalken, 3-7 kap. Brott mot person, 5 kap. Ärekränkningsbrott, Mot man 18 år eller äldre, Ej internetrelaterad",,False
13141,"Brott mot brottsbalken, 3-7 kap. Brott mot person, 5 kap. Ärekränkningsbrott, Mot man 18 år eller äldre, Internetrelaterad",4,11092.0,"Brott mot brottsbalken, 3-7 kap. Brott mot person, 5 kap. Ärekränkningsbrott",Brott mot brottsbalken,"Brott mot brottsbalken, 3-7 kap. Brott mot person","Brott mot brottsbalken, 3-7 kap. Brott mot person, 5 kap. Ärekränkningsbrott","Brott mot brottsbalken, 3-7 kap. Brott mot person, 5 kap. Ärekränkningsbrott, Mot man 18 år eller äldre, Internetrelaterad",,False
11780,"Brott mot brottsbalken, 3-7 kap. Brott mot person, 6 kap. Sexualbrott, Kontakt med barn i sexuellt syfte (grooming) (10 a §)",4,11093.0,"Brott mot brottsbalken, 3-7 kap. Brott mot person, 6 kap. Sexualbrott",Brott mot brottsbalken,"Brott mot brottsbalken, 3-7 kap. Brott mot person","Brott mot brottsbalken, 3-7 kap. Brott mot person, 6 kap. Sexualbrott","Brott mot brottsbalken, 3-7 kap. Brott mot person, 6 kap. Sexualbrott, Kontakt med barn i sexuellt syfte (grooming) (10 a §)",,False
11779,"Brott mot brottsbalken, 3-7 kap. Brott mot person, 6 kap. Sexualbrott, Koppleri, inkl grovt (12 §)",4,11093.0,"Brott mot brottsbalken, 3-7 kap. Brott mot person, 6 kap. Sexualbrott",Brott mot brottsbalken,"Brott mot brottsbalken, 3-7 kap. Brott mot person","Brott mot brottsbalken, 3-7 kap. Brott mot person, 6 kap. Sexualbrott","Brott mot brottsbalken, 3-7 kap. Brott mot person, 6 kap. Sexualbrott, Koppleri, inkl grovt (12 §)",,False
11778,"Brott mot brottsbalken, 3-7 kap. Brott mot person, 6 kap. Sexualbrott, Köp av sexuell tjänst (11 §) (Fr.o.m. 2006)",4,11093.0,"Brott mot brottsbalken, 3-7 kap. Brott mot person, 6 kap. Sexualbrott",Brott mot brottsbalken,"Brott mot brottsbalken, 3-7 kap. Brott mot person","Brott mot brottsbalken, 3-7 kap. Brott mot person, 6 kap. Sexualbrott","Brott mot brottsbalken, 3-7 kap. Brott mot person, 6 kap. Sexualbrott, Köp av sexuell tjänst (11 §) (Fr.o.m. 2006)",,False
5232,"Brott mot brottsbalken, 3-7 kap. Brott mot person, 6 kap. Sexualbrott, Oaktsam våldtäkt (1 a §)",4,11093.0,"Brott mot brottsbalken, 3-7 kap. Brott mot person, 6 kap. Sexualbrott",Brott mot brottsbalken,"Brott mot brottsbalken, 3-7 kap. Brott mot person","Brott mot brottsbalken, 3-7 kap. Brott mot person, 6 kap. Sexualbrott","Brott mot brottsbalken, 3-7 kap. Brott mot person, 6 kap. Sexualbrott, Oaktsam våldtäkt (1 a §)",,False
5247,"Brott mot brottsbalken, 3-7 kap. Brott mot person, 6 kap. Sexualbrott, Oaktsamt sexuellt övergrepp (3 §) (Fr. o. m. 2019)",4,11093.0,"Brott mot brottsbalken, 3-7 kap. Brott mot person, 6 kap. Sexualbrott",Brott mot brottsbalken,"Brott mot brottsbalken, 3-7 kap. Brott mot person","Brott mot brottsbalken, 3-7 kap. Brott mot person, 6 kap. Sexualbrott","Brott mot brottsbalken, 3-7 kap. Brott mot person, 6 kap. Sexualbrott, Oaktsamt sexuellt övergrepp (3 §) (Fr. o. m. 2019)",,False
5248,"Brott mot brottsbalken, 3-7 kap. Brott mot person, 6 kap. Sexualbrott, Samlag med avkomling eller syskon (7 §) (Fr. o. m. 2019)",4,11093.0,"Brott mot brottsbalken, 3-7 kap. Brott mot person, 6 kap. Sexualbrott",Brott mot brottsbalken,"Brott mot brottsbalken, 3-7 kap. Brott mot person","Brott mot brottsbalken, 3-7 kap. Brott mot person, 6 kap. Sexualbrott","Brott mot brottsbalken, 3-7 kap. Brott mot person, 6 kap. Sexualbrott, Samlag med avkomling eller syskon (7 §) (Fr. o. m. 2019)",,False
11772,"Brott mot brottsbalken, 3-7 kap. Brott mot person, 6 kap. Sexualbrott, Sexuellt ofredande (10 §)",4,11093.0,"Brott mot brottsbalken, 3-7 kap. Brott mot person, 6 kap. Sexualbrott",Brott mot brottsbalken,"Brott mot brottsbalken, 3-7 kap. Brott mot person","Brott mot brottsbalken, 3-7 kap. Brott mot person, 6 kap. Sexualbrott","Brott mot brottsbalken, 3-7 kap. Brott mot person, 6 kap. Sexualbrott, Sexuellt ofredande (10 §)",,False
11339,"Brott mot brottsbalken, 3-7 kap. Brott mot person, 6 kap. Sexualbrott, Sexuellt tvång, utnyttjande m.m. (5-6 §) (2, 3, 7 § t.o.m. 2019)",4,11093.0,"Brott mot brottsbalken, 3-7 kap. Brott mot person, 6 kap. Sexualbrott",Brott mot brottsbalken,"Brott mot brottsbalken, 3-7 kap. Brott mot person","Brott mot brottsbalken, 3-7 kap. Brott mot person, 6 kap. Sexualbrott","Brott mot brottsbalken, 3-7 kap. Brott mot person, 6 kap. Sexualbrott, Sexuellt tvång, utnyttjande m.m. (5-6 §) (2, 3, 7 § t.o.m. 2019)",,False
5246,"Brott mot brottsbalken, 3-7 kap. Brott mot person, 6 kap. Sexualbrott, Sexuellt övergrepp (2 §) (Fr. o. m. 2019)",4,11093.0,"Brott mot brottsbalken, 3-7 kap. Brott mot person, 6 kap. Sexualbrott",Brott mot brottsbalken,"Brott mot brottsbalken, 3-7 kap. Brott mot person","Brott mot brottsbalken, 3-7 kap. Brott mot person, 6 kap. Sexualbrott","Brott mot brottsbalken, 3-7 kap. Brott mot person, 6 kap. Sexualbrott, Sexuellt övergrepp (2 §) (Fr. o. m. 2019)",,False
11770,"Brott mot brottsbalken, 3-7 kap. Brott mot person, 6 kap. Sexualbrott, Utnyttjande av barn för sexuell posering, inkl grov (8 §)",4,11093.0,"Brott mot brottsbalken, 3-7 kap. Brott mot person, 6 kap. Sexualbrott",Brott mot brottsbalken,"Brott mot brottsbalken, 3-7 kap. Brott mot person","Brott mot brottsbalken, 3-7 kap. Brott mot person, 6 kap. Sexualbrott","Brott mot brottsbalken, 3-7 kap. Brott mot person, 6 kap. Sexualbrott, Utnyttjande av barn för sexuell posering, inkl grov (8 §)",,False
11771,"Brott mot brottsbalken, 3-7 kap. Brott mot person, 6 kap. Sexualbrott, Utnyttjande av barn genom köp av sexuell handling (9 §)",4,11093.0,"Brott mot brottsbalken, 3-7 kap. Brott mot person, 6 kap. Sexualbrott",Brott mot brottsbalken,"Brott mot brottsbalken, 3-7 kap. Brott mot person","Brott mot brottsbalken, 3-7 kap. Brott mot person, 6 kap. Sexualbrott","Brott mot brottsbalken, 3-7 kap. Brott mot person, 6 kap. Sexualbrott, Utnyttjande av barn genom köp av sexuell handling (9 §)",,False
11338,"Brott mot brottsbalken, 3-7 kap. Brott mot person, 6 kap. Sexualbrott, Våldtäkt inkl. grov (1, 4 §)",4,11093.0,"Brott mot brottsbalken, 3-7 kap. Brott mot person, 6 kap. Sexualbrott",Brott mot brottsbalken,"Brott mot brottsbalken, 3-7 kap. Brott mot person","Brott mot brottsbalken, 3-7 kap. Brott mot person, 6 kap. Sexualbrott","Brott mot brottsbalken, 3-7 kap. Brott mot person, 6 kap. Sexualbrott, Våldtäkt inkl. grov (1, 4 §)",,False
11445,"Brott mot brottsbalken, 3-7 kap. Brott mot person, 7 kap. Brott mot familj, Egenmäktighet med barn (4 §)",4,11094.0,"Brott mot brottsbalken, 3-7 kap. Brott mot person, 7 kap. Brott mot familj",Brott mot brottsbalken,"Brott mot brottsbalken, 3-7 kap. Brott mot person","Brott mot brottsbalken, 3-7 kap. Brott mot person, 7 kap. Brott mot familj","Brott mot brottsbalken, 3-7 kap. Brott mot person, 7 kap. Brott mot familj, Egenmäktighet med barn (4 §)",,False
11446,"Brott mot brottsbalken, 3-7 kap. Brott mot person, 7 kap. Brott mot familj, Övriga brott mot kap. 7 (1-3 §)",4,11094.0,"Brott mot brottsbalken, 3-7 kap. Brott mot person, 7 kap. Brott mot familj",Brott mot brottsbalken,"Brott mot brottsbalken, 3-7 kap. Brott mot person","Brott mot brottsbalken, 3-7 kap. Brott mot person, 7 kap. Brott mot familj","Brott mot brottsbalken, 3-7 kap. Brott mot person, 7 kap. Brott mot familj, Övriga brott mot kap. 7 (1-3 §)",,False
11587,"Brott mot brottsbalken, 8-12 kap. Brott mot förmögenhet, 10 kap. Förskingring och annan trolöshet, Behörighetsmissbruk (6 §)",4,11097.0,"Brott mot brottsbalken, 8-12 kap. Brott mot förmögenhet, 10 kap. Förskingring och annan trolöshet",Brott mot brottsbalken,"Brott mot brottsbalken, 8-12 kap. Brott mot förmögenhet","Brott mot brottsbalken, 8-12 kap. Brott mot förmögenhet, 10 kap. Förskingring och annan trolöshet","Brott mot brottsbalken, 8-12 kap. Brott mot förmögenhet, 10 kap. Förskingring och annan trolöshet, Behörighetsmissbruk (6 §)",,False
11586,"Brott mot brottsbalken, 8-12 kap. Brott mot förmögenhet, 10 kap. Förskingring och annan trolöshet, Fyndförseelse (8 §)",4,11097.0,"Brott mot brottsbalken, 8-12 kap. Brott mot förmögenhet, 10 kap. Förskingring och annan trolöshet",Brott mot brottsbalken,"Brott mot brottsbalken, 8-12 kap. Brott mot förmögenhet","Brott mot brottsbalken, 8-12 kap. Brott mot förmögenhet, 10 kap. Förskingring och annan trolöshet","Brott mot brottsbalken, 8-12 kap. Brott mot förmögenhet, 10 kap. Förskingring och annan trolöshet, Fyndförseelse (8 §)",,False
11582,"Brott mot brottsbalken, 8-12 kap. Brott mot förmögenhet, 10 kap. Förskingring och annan trolöshet, Förskingring inkl. grov, undandräkt (1-3 §)",4,11097.0,"Brott mot brottsbalken, 8-12 kap. Brott mot förmögenhet, 10 kap. Förskingring och annan trolöshet",Brott mot brottsbalken,"Brott mot brottsbalken, 8-12 kap. Brott mot förmögenhet","Brott mot brottsbalken, 8-12 kap. Brott mot förmögenhet, 10 kap. Förskingring och annan trolöshet","Brott mot brottsbalken, 8-12 kap. Brott mot förmögenhet, 10 kap. Förskingring och annan trolöshet, Förskingring inkl. grov, undandräkt (1-3 §)",,False
13032,"Brott mot brottsbalken, 8-12 kap. Brott mot förmögenhet, 10 kap. Förskingring och annan trolöshet, Givande av muta inkl. grov (5 b, c §) (fr.o.m. 2012-07)",4,11097.0,"Brott mot brottsbalken, 8-12 kap. Brott mot förmögenhet, 10 kap. Förskingring och annan trolöshet",Brott mot brottsbalken,"Brott mot brottsbalken, 8-12 kap. Brott mot förmögenhet","Brott mot brottsbalken, 8-12 kap. Brott mot förmögenhet, 10 kap. Förskingring och annan trolöshet","Brott mot brottsbalken, 8-12 kap. Brott mot förmögenhet, 10 kap. Förskingring och annan trolöshet, Givande av muta inkl. grov (5 b, c §) (fr.o.m. 2012-07)",,False
13033,"Brott mot brottsbalken, 8-12 kap. Brott mot förmögenhet, 10 kap. Förskingring och annan trolöshet, Handel med inflytande, vårdslös finansiering av mutbrott (5 d, e §)",4,11097.0,"Brott mot brottsbalken, 8-12 kap. Brott mot förmögenhet, 10 kap. Förskingring och annan trolöshet",Brott mot brottsbalken,"Brott mot brottsbalken, 8-12 kap. Brott mot förmögenhet","Brott mot brottsbalken, 8-12 kap. Brott mot förmögenhet, 10 kap. Förskingring och annan trolöshet","Brott mot brottsbalken, 8-12 kap. Brott mot förmögenhet, 10 kap. Förskingring och annan trolöshet, Handel med inflytande, vårdslös finansiering av mutbrott (5 d, e §)",,False
11585,"Brott mot brottsbalken, 8-12 kap. Brott mot förmögenhet, 10 kap. Förskingring och annan trolöshet, Olovligt brukande (7 §)",4,11097.0,"Brott mot brottsbalken, 8-12 kap. Brott mot förmögenhet, 10 kap. Förskingring och annan trolöshet",Brott mot brottsbalken,"Brott mot brottsbalken, 8-12 kap. Brott mot förmögenhet","Brott mot brottsbalken, 8-12 kap. Brott mot förmögenhet, 10 kap. Förskingring och annan trolöshet","Brott mot brottsbalken, 8-12 kap. Brott mot förmögenhet, 10 kap. Förskingring och annan trolöshet, Olovligt brukande (7 §)",,False
11583,"Brott mot brottsbalken, 8-12 kap. Brott mot förmögenhet, 10 kap. Förskingring och annan trolöshet, Olovligt förfogande (4 §)",4,11097.0,"Brott mot brottsbalken, 8-12 kap. Brott mot förmögenhet, 10 kap. Förskingring och annan trolöshet",Brott mot brottsbalken,"Brott mot brottsbalken, 8-12 kap. Brott mot förmögenhet","Brott mot brottsbalken, 8-12 kap. Brott mot förmögenhet, 10 kap. Förskingring och annan trolöshet","Brott mot brottsbalken, 8-12 kap. Brott mot förmögenhet, 10 kap. Förskingring och annan trolöshet, Olovligt förfogande (4 §)",,False
13031,"Brott mot brottsbalken, 8-12 kap. Brott mot förmögenhet, 10 kap. Förskingring och annan trolöshet, Tagande av muta inkl. grov (5 a, c §)(fr.o.m. 2012-07)",4,11097.0,"Brott mot brottsbalken, 8-12 kap. Brott mot förmögenhet, 10 kap. Förskingring och annan trolöshet",Brott mot brottsbalken,"Brott mot brottsbalken, 8-12 kap. Brott mot förmögenhet","Brott mot brottsbalken, 8-12 kap. Brott mot förmögenhet, 10 kap. Förskingring och annan trolöshet","Brott mot brottsbalken, 8-12 kap. Brott mot förmögenhet, 10 kap. Förskingring och annan trolöshet, Tagande av muta inkl. grov (5 a, c §)(fr.o.m. 2012-07)",,False
11584,"Brott mot brottsbalken, 8-12 kap. Brott mot förmögenhet, 10 kap. Förskingring och annan trolöshet, Trolöshet mot huvudman (5 §)",4,11097.0,"Brott mot brottsbalken, 8-12 kap. Brott mot förmögenhet, 10 kap. Förskingring och annan trolöshet",Brott mot brottsbalken,"Brott mot brottsbalken, 8-12 kap. Brott mot förmögenhet","Brott mot brottsbalken, 8-12 kap. Brott mot förmögenhet, 10 kap. Förskingring och annan trolöshet","Brott mot brottsbalken, 8-12 kap. Brott mot förmögenhet, 10 kap. Förskingring och annan trolöshet, Trolöshet mot huvudman (5 §)",,False
11592,"Brott mot brottsbalken, 8-12 kap. Brott mot förmögenhet, 11 kap. Brott mot borgenärer m.m., Bokföringsbrott (5 §)",4,11098.0,"Brott mot brottsbalken, 8-12 kap. Brott mot förmögenhet, 11 kap. Brott mot borgenärer m.m.",Brott mot brottsbalken,"Brott mot brottsbalken, 8-12 kap. Brott mot förmögenhet","Brott mot brottsbalken, 8-12 kap. Brott mot förmögenhet, 11 kap. Brott mot borgenärer m.m.","Brott mot brottsbalken, 8-12 kap. Brott mot förmögenhet, 11 kap. Brott mot borgenärer m.m., Bokföringsbrott (5 §)",,False
11589,"Brott mot brottsbalken, 8-12 kap. Brott mot förmögenhet, 11 kap. Brott mot borgenärer m.m., Försvårande av konkurs/exekutiv förrättning (2 §)",4,11098.0,"Brott mot brottsbalken, 8-12 kap. Brott mot förmögenhet, 11 kap. Brott mot borgenärer m.m.",Brott mot brottsbalken,"Brott mot brottsbalken, 8-12 kap. Brott mot förmögenhet","Brott mot brottsbalken, 8-12 kap. Brott mot förmögenhet, 11 kap. Brott mot borgenärer m.m.","Brott mot brottsbalken, 8-12 kap. Brott mot förmögenhet, 11 kap. Brott mot borgenärer m.m., Försvårande av konkurs/exekutiv förrättning (2 §)",,False
11588,"Brott mot brottsbalken, 8-12 kap. Brott mot förmögenhet, 11 kap. Brott mot borgenärer m.m., Oredlighet mot borgenärer (1, 2 §)",4,11098.0,"Brott mot brottsbalken, 8-12 kap. Brott mot förmögenhet, 11 kap. Brott mot borgenärer m.m.",Brott mot brottsbalken,"Brott mot brottsbalken, 8-12 kap. Brott mot förmögenhet","Brott mot brottsbalken, 8-12 kap. Brott mot förmögenhet, 11 kap. Brott mot borgenärer m.m.","Brott mot brottsbalken, 8-12 kap. Brott mot förmögenhet, 11 kap. Brott mot borgenärer m.m., Oredlighet mot borgenärer (1, 2 §)",,False
11591,"Brott mot brottsbalken, 8-12 kap. Brott mot förmögenhet, 11 kap. Brott mot borgenärer m.m., Otillbörligt gynnande av borgenär (4 §)",4,11098.0,"Brott mot brottsbalken, 8-12 kap. Brott mot förmögenhet, 11 kap. Brott mot borgenärer m.m.",Brott mot brottsbalken,"Brott mot brottsbalken, 8-12 kap. Brott mot förmögenhet","Brott mot brottsbalken, 8-12 kap. Brott mot förmögenhet, 11 kap. Brott mot borgenärer m.m.","Brott mot brottsbalken, 8-12 kap. Brott mot förmögenhet, 11 kap. Brott mot borgenärer m.m., Otillbörligt gynnande av borgenär (4 §)",,False
11590,"Brott mot brottsbalken, 8-12 kap. Brott mot förmögenhet, 11 kap. Brott mot borgenärer m.m., Vårdslöshet mot borgenärer (3 §)",4,11098.0,"Brott mot brottsbalken, 8-12 kap. Brott mot förmögenhet, 11 kap. Brott mot borgenärer m.m.",Brott mot brottsbalken,"Brott mot brottsbalken, 8-12 kap. Brott mot förmögenhet","Brott mot brottsbalken, 8-12 kap. Brott mot förmögenhet, 11 kap. Brott mot borgenärer m.m.","Brott mot brottsbalken, 8-12 kap. Brott mot förmögenhet, 11 kap. Brott mot borgenärer m.m., Vårdslöshet mot borgenärer (3 §)",,False
11594,"Brott mot brottsbalken, 8-12 kap. Brott mot förmögenhet, 12 kap. Skadegörelsebrott, Skadegörelse inkl. grov, åverkan (1-3 §)",4,11099.0,"Brott mot brottsbalken, 8-12 kap. Brott mot förmögenhet, 12 kap. Skadegörelsebrott",Brott mot brottsbalken,"Brott mot brottsbalken, 8-12 kap. Brott mot förmögenhet","Brott mot brottsbalken, 8-12 kap. Brott mot förmögenhet, 12 kap. Skadegörelsebrott","Brott mot brottsbalken, 8-12 kap. Brott mot förmögenhet, 12 kap. Skadegörelsebrott, Skadegörelse inkl. grov, åverkan (1-3 §)",,False
11600,"Brott mot brottsbalken, 8-12 kap. Brott mot förmögenhet, 12 kap. Skadegörelsebrott, Skadegörelse inkl. grov, åverkan (1-3 §), Annan skadegörelse (ej klotter)",4,11099.0,"Brott mot brottsbalken, 8-12 kap. Brott mot förmögenhet, 12 kap. Skadegörelsebrott",Brott mot brottsbalken,"Brott mot brottsbalken, 8-12 kap. Brott mot förmögenhet","Brott mot brottsbalken, 8-12 kap. Brott mot förmögenhet, 12 kap. Skadegörelsebrott","Brott mot brottsbalken, 8-12 kap. Brott mot förmögenhet, 12 kap. Skadegörelsebrott, Skadegörelse inkl. grov, åverkan (1-3 §), Annan skadegörelse (ej klotter)",,False
11596,"Brott mot brottsbalken, 8-12 kap. Brott mot förmögenhet, 12 kap. Skadegörelsebrott, Skadegörelse inkl. grov, åverkan (1-3 §), Genom brand",4,11099.0,"Brott mot brottsbalken, 8-12 kap. Brott mot förmögenhet, 12 kap. Skadegörelsebrott",Brott mot brottsbalken,"Brott mot brottsbalken, 8-12 kap. Brott mot förmögenhet","Brott mot brottsbalken, 8-12 kap. Brott mot förmögenhet, 12 kap. Skadegörelsebrott","Brott mot brottsbalken, 8-12 kap. Brott mot förmögenhet, 12 kap. Skadegörelsebrott, Skadegörelse inkl. grov, åverkan (1-3 §), Genom brand",,False
13147,"Brott mot brottsbalken, 8-12 kap. Brott mot förmögenhet, 12 kap. Skadegörelsebrott, Skadegörelse inkl. grov, åverkan (1-3 §), Genom brand, Bilbrand eller brand på andra motorfordon",4,11099.0,"Brott mot brottsbalken, 8-12 kap. Brott mot förmögenhet, 12 kap. Skadegörelsebrott",Brott mot brottsbalken,"Brott mot brottsbalken, 8-12 kap. Brott mot förmögenhet","Brott mot brottsbalken, 8-12 kap. Brott mot förmögenhet, 12 kap. Skadegörelsebrott","Brott mot brottsbalken, 8-12 kap. Brott mot förmögenhet, 12 kap. Skadegörelsebrott, Skadegörelse inkl. grov, åverkan (1-3 §), Genom brand, Bilbrand eller brand på andra motorfordon",,False
13148,"Brott mot brottsbalken, 8-12 kap. Brott mot förmögenhet, 12 kap. Skadegörelsebrott, Skadegörelse inkl. grov, åverkan (1-3 §), Genom brand, Brand på annat än motorfordon",4,11099.0,"Brott mot brottsbalken, 8-12 kap. Brott mot förmögenhet, 12 kap. Skadegörelsebrott",Brott mot brottsbalken,"Brott mot brottsbalken, 8-12 kap. Brott mot förmögenhet","Brott mot brottsbalken, 8-12 kap. Brott mot förmögenhet, 12 kap. Skadegörelsebrott","Brott mot brottsbalken, 8-12 kap. Brott mot förmögenhet, 12 kap. Skadegörelsebrott, Skadegörelse inkl. grov, åverkan (1-3 §), Genom brand, Brand på annat än motorfordon",,False
11597,"Brott mot brottsbalken, 8-12 kap. Brott mot förmögenhet, 12 kap. Skadegörelsebrott, Skadegörelse inkl. grov, åverkan (1-3 §), Klotter",4,11099.0,"Brott mot brottsbalken, 8-12 kap. Brott mot förmögenhet, 12 kap. Skadegörelsebrott",Brott mot brottsbalken,"Brott mot brottsbalken, 8-12 kap. Brott mot förmögenhet","Brott mot brottsbalken, 8-12 kap. Brott mot förmögenhet, 12 kap. Skadegörelsebrott","Brott mot brottsbalken, 8-12 kap. Brott mot förmögenhet, 12 kap. Skadegörelsebrott, Skadegörelse inkl. grov, åverkan (1-3 §), Klotter",,False
13062,"Brott mot brottsbalken, 8-12 kap. Brott mot förmögenhet, 12 kap. Skadegörelsebrott, Skadegörelse inkl. grov, åverkan (1-3 §), Klotter, Klotter mot kollektivtrafik",4,11099.0,"Brott mot brottsbalken, 8-12 kap. Brott mot förmögenhet, 12 kap. Skadegörelsebrott",Brott mot brottsbalken,"Brott mot brottsbalken, 8-12 kap. Brott mot förmögenhet","Brott mot brottsbalken, 8-12 kap. Brott mot förmögenhet, 12 kap. Skadegörelsebrott","Brott mot brottsbalken, 8-12 kap. Brott mot förmögenhet, 12 kap. Skadegörelsebrott, Skadegörelse inkl. grov, åverkan (1-3 §), Klotter, Klotter mot kollektivtrafik",,False
13063,"Brott mot brottsbalken, 8-12 kap. Brott mot förmögenhet, 12 kap. Skadegörelsebrott, Skadegörelse inkl. grov, åverkan (1-3 §), Klotter, Övrigt klotter",4,11099.0,"Brott mot brottsbalken, 8-12 kap. Brott mot förmögenhet, 12 kap. Skadegörelsebrott",Brott mot brottsbalken,"Brott mot brottsbalken, 8-12 kap. Brott mot förmögenhet","Brott mot brottsbalken, 8-12 kap. Brott mot förmögenhet, 12 kap. Skadegörelsebrott","Brott mot brottsbalken, 8-12 kap. Brott mot förmögenhet, 12 kap. Skadegörelsebrott, Skadegörelse inkl. grov, åverkan (1-3 §), Klotter, Övrigt klotter",,False
11599,"Brott mot brottsbalken, 8-12 kap. Brott mot förmögenhet, 12 kap. Skadegörelsebrott, Skadegörelse inkl. grov, åverkan (1-3 §), Mot stat, kommun, landsting (ej klotter)",4,11099.0,"Brott mot brottsbalken, 8-12 kap. Brott mot förmögenhet, 12 kap. Skadegörelsebrott",Brott mot brottsbalken,"Brott mot brottsbalken, 8-12 kap. Brott mot förmögenhet","Brott mot brottsbalken, 8-12 kap. Brott mot förmögenhet, 12 kap. Skadegörelsebrott","Brott mot brottsbalken, 8-12 kap. Brott mot förmögenhet, 12 kap. Skadegörelsebrott, Skadegörelse inkl. grov, åverkan (1-3 §), Mot stat, kommun, landsting (ej klotter)",,False
11595,"Brott mot brottsbalken, 8-12 kap. Brott mot förmögenhet, 12 kap. Skadegörelsebrott, Skadegörelse inkl. grov, åverkan (1-3 §), På motorfordon (ej genom brand)",4,11099.0,"Brott mot brottsbalken, 8-12 kap. Brott mot förmögenhet, 12 kap. Skadegörelsebrott",Brott mot brottsbalken,"Brott mot brottsbalken, 8-12 kap. Brott mot förmögenhet","Brott mot brottsbalken, 8-12 kap. Brott mot förmögenhet, 12 kap. Skadegörelsebrott","Brott mot brottsbalken, 8-12 kap. Brott mot förmögenhet, 12 kap. Skadegörelsebrott, Skadegörelse inkl. grov, åverkan (1-3 §), På motorfordon (ej genom brand)",,False
11601,"Brott mot brottsbalken, 8-12 kap. Brott mot förmögenhet, 12 kap. Skadegörelsebrott, Tagande av olovlig väg (4 §)",4,11099.0,"Brott mot brottsbalken, 8-12 kap. Brott mot förmögenhet, 12 kap. Skadegörelsebrott",Brott mot brottsbalken,"Brott mot brottsbalken, 8-12 kap. Brott mot förmögenhet","Brott mot brottsbalken, 8-12 kap. Brott mot förmögenhet, 12 kap. Skadegörelsebrott","Brott mot brottsbalken, 8-12 kap. Brott mot förmögenhet, 12 kap. Skadegörelsebrott, Tagande av olovlig väg (4 §)",,False
11522,"Brott mot brottsbalken, 8-12 kap. Brott mot förmögenhet, 8 kap. Stöld, rån m.m., Rån, inkl. grovt (5, 6 §)",4,11095.0,"Brott mot brottsbalken, 8-12 kap. Brott mot förmögenhet, 8 kap. Stöld, rån m.m.",Brott mot brottsbalken,"Brott mot brottsbalken, 8-12 kap. Brott mot förmögenhet","Brott mot brottsbalken, 8-12 kap. Brott mot förmögenhet, 8 kap. Stöld, rån m.m.","Brott mot brottsbalken, 8-12 kap. Brott mot förmögenhet, 8 kap. Stöld, rån m.m., Rån, inkl. grovt (5, 6 §)",,False
11490,"Brott mot brottsbalken, 8-12 kap. Brott mot förmögenhet, 8 kap. Stöld, rån m.m., Stöld (även inbrott) av skjutvapen, ammunition och sprängämnen (1, 2, 4 §)",4,11095.0,"Brott mot brottsbalken, 8-12 kap. Brott mot förmögenhet, 8 kap. Stöld, rån m.m.",Brott mot brottsbalken,"Brott mot brottsbalken, 8-12 kap. Brott mot förmögenhet","Brott mot brottsbalken, 8-12 kap. Brott mot förmögenhet, 8 kap. Stöld, rån m.m.","Brott mot brottsbalken, 8-12 kap. Brott mot förmögenhet, 8 kap. Stöld, rån m.m., Stöld (även inbrott) av skjutvapen, ammunition och sprängämnen (1, 2, 4 §)",,False
11788,"Brott mot brottsbalken, 8-12 kap. Brott mot förmögenhet, 8 kap. Stöld, rån m.m., Stöld av icke motordrivet fortskaffningsmedel (1, 2, 4 §)",4,11095.0,"Brott mot brottsbalken, 8-12 kap. Brott mot förmögenhet, 8 kap. Stöld, rån m.m.",Brott mot brottsbalken,"Brott mot brottsbalken, 8-12 kap. Brott mot förmögenhet","Brott mot brottsbalken, 8-12 kap. Brott mot förmögenhet, 8 kap. Stöld, rån m.m.","Brott mot brottsbalken, 8-12 kap. Brott mot förmögenhet, 8 kap. Stöld, rån m.m., Stöld av icke motordrivet fortskaffningsmedel (1, 2, 4 §)",,False
11462,"Brott mot brottsbalken, 8-12 kap. Brott mot förmögenhet, 8 kap. Stöld, rån m.m., Stöld genom inbrott, inbrottsstöld i bostad, ej av skjutvapen (1, 2, 4, 4 a§)",4,11095.0,"Brott mot brottsbalken, 8-12 kap. Brott mot förmögenhet, 8 kap. Stöld, rån m.m.",Brott mot brottsbalken,"Brott mot brottsbalken, 8-12 kap. Brott mot förmögenhet","Brott mot brottsbalken, 8-12 kap. Brott mot förmögenhet, 8 kap. Stöld, rån m.m.","Brott mot brottsbalken, 8-12 kap. Brott mot förmögenhet, 8 kap. Stöld, rån m.m., Stöld genom inbrott, inbrottsstöld i bostad, ej av skjutvapen (1, 2, 4, 4 a§)",,False
11447,"Brott mot brottsbalken, 8-12 kap. Brott mot förmögenhet, 8 kap. Stöld, rån m.m., Tillgrepp av motordrivet fortskaffningsmedel (7 §)",4,11095.0,"Brott mot brottsbalken, 8-12 kap. Brott mot förmögenhet, 8 kap. Stöld, rån m.m.",Brott mot brottsbalken,"Brott mot brottsbalken, 8-12 kap. Brott mot förmögenhet","Brott mot brottsbalken, 8-12 kap. Brott mot förmögenhet, 8 kap. Stöld, rån m.m.","Brott mot brottsbalken, 8-12 kap. Brott mot förmögenhet, 8 kap. Stöld, rån m.m., Tillgrepp av motordrivet fortskaffningsmedel (7 §)",,False
11495,"Brott mot brottsbalken, 8-12 kap. Brott mot förmögenhet, 8 kap. Stöld, rån m.m., Övrig stöld (1, 2, 4 §)",4,11095.0,"Brott mot brottsbalken, 8-12 kap. Brott mot förmögenhet, 8 kap. Stöld, rån m.m.",Brott mot brottsbalken,"Brott mot brottsbalken, 8-12 kap. Brott mot förmögenhet","Brott mot brottsbalken, 8-12 kap. Brott mot förmögenhet, 8 kap. Stöld, rån m.m.","Brott mot brottsbalken, 8-12 kap. Brott mot förmögenhet, 8 kap. Stöld, rån m.m., Övrig stöld (1, 2, 4 §)",,False
11562,"Brott mot brottsbalken, 8-12 kap. Brott mot förmögenhet, 8 kap. Stöld, rån m.m., Övriga brott mot 8 kap. (8-10 §)",4,11095.0,"Brott mot brottsbalken, 8-12 kap. Brott mot förmögenhet, 8 kap. Stöld, rån m.m.",Brott mot brottsbalken,"Brott mot brottsbalken, 8-12 kap. Brott mot förmögenhet","Brott mot brottsbalken, 8-12 kap. Brott mot förmögenhet, 8 kap. Stöld, rån m.m.","Brott mot brottsbalken, 8-12 kap. Brott mot förmögenhet, 8 kap. Stöld, rån m.m., Övriga brott mot 8 kap. (8-10 §)",,False
11563,"Brott mot brottsbalken, 8-12 kap. Brott mot förmögenhet, 9 kap. Bedrägeri och annan oredlighet, Bedrägeri inkl. grovt, bedrägligt beteende (1-3 §)",4,11096.0,"Brott mot brottsbalken, 8-12 kap. Brott mot förmögenhet, 9 kap. Bedrägeri och annan oredlighet",Brott mot brottsbalken,"Brott mot brottsbalken, 8-12 kap. Brott mot förmögenhet","Brott mot brottsbalken, 8-12 kap. Brott mot förmögenhet, 9 kap. Bedrägeri och annan oredlighet","Brott mot brottsbalken, 8-12 kap. Brott mot förmögenhet, 9 kap. Bedrägeri och annan oredlighet, Bedrägeri inkl. grovt, bedrägligt beteende (1-3 §)",,False
14029,"Brott mot brottsbalken, 8-12 kap. Brott mot förmögenhet, 9 kap. Bedrägeri och annan oredlighet, Bedrägeri inkl. grovt, bedrägligt beteende (1-3 §), Annonsbedrägeri (fr. o. m. 2019)",4,11096.0,"Brott mot brottsbalken, 8-12 kap. Brott mot förmögenhet, 9 kap. Bedrägeri och annan oredlighet",Brott mot brottsbalken,"Brott mot brottsbalken, 8-12 kap. Brott mot förmögenhet","Brott mot brottsbalken, 8-12 kap. Brott mot förmögenhet, 9 kap. Bedrägeri och annan oredlighet","Brott mot brottsbalken, 8-12 kap. Brott mot förmögenhet, 9 kap. Bedrägeri och annan oredlighet, Bedrägeri inkl. grovt, bedrägligt beteende (1-3 §), Annonsbedrägeri (fr. o. m. 2019)",,False
14066,"Brott mot brottsbalken, 8-12 kap. Brott mot förmögenhet, 9 kap. Bedrägeri och annan oredlighet, Bedrägeri inkl. grovt, bedrägligt beteende (1-3 §), Annonsbedrägeri (fr. o. m. 2019), Ej internationell anknytning",4,11096.0,"Brott mot brottsbalken, 8-12 kap. Brott mot förmögenhet, 9 kap. Bedrägeri och annan oredlighet",Brott mot brottsbalken,"Brott mot brottsbalken, 8-12 kap. Brott mot förmögenhet","Brott mot brottsbalken, 8-12 kap. Brott mot förmögenhet, 9 kap. Bedrägeri och annan oredlighet","Brott mot brottsbalken, 8-12 kap. Brott mot förmögenhet, 9 kap. Bedrägeri och annan oredlighet, Bedrägeri inkl. grovt, bedrägligt beteende (1-3 §), Annonsbedrägeri (fr. o. m. 2019), Ej internationell anknytning",,False
14114,"Brott mot brottsbalken, 8-12 kap. Brott mot förmögenhet, 9 kap. Bedrägeri och annan oredlighet, Bedrägeri inkl. grovt, bedrägligt beteende (1-3 §), Annonsbedrägeri (fr. o. m. 2019), Ej internationell anknytning, Ej mot äldre/funktionsnedsatt",4,11096.0,"Brott mot brottsbalken, 8-12 kap. Brott mot förmögenhet, 9 kap. Bedrägeri och annan oredlighet",Brott mot brottsbalken,"Brott mot brottsbalken, 8-12 kap. Brott mot förmögenhet","Brott mot brottsbalken, 8-12 kap. Brott mot förmögenhet, 9 kap. Bedrägeri och annan oredlighet","Brott mot brottsbalken, 8-12 kap. Brott mot förmögenhet, 9 kap. Bedrägeri och annan oredlighet, Bedrägeri inkl. grovt, bedrägligt beteende (1-3 §), Annonsbedrägeri (fr. o. m. 2019), Ej internationell anknytning, Ej mot äldre/funktionsnedsatt",,False
14090,"Brott mot brottsbalken, 8-12 kap. Brott mot förmögenhet, 9 kap. Bedrägeri och annan oredlighet, Bedrägeri inkl. grovt, bedrägligt beteende (1-3 §), Annonsbedrägeri (fr. o. m. 2019), Ej internationell anknytning, Mot äldre/funktionsnedsatt",4,11096.0,"Brott mot brottsbalken, 8-12 kap. Brott mot förmögenhet, 9 kap. Bedrägeri och annan oredlighet",Brott mot brottsbalken,"Brott mot brottsbalken, 8-12 kap. Brott mot förmögenhet","Brott mot brottsbalken, 8-12 kap. Brott mot förmögenhet, 9 kap. Bedrägeri och annan oredlighet","Brott mot brottsbalken, 8-12 kap. Brott mot förmögenhet, 9 kap. Bedrägeri och annan oredlighet, Bedrägeri inkl. grovt, bedrägligt beteende (1-3 §), Annonsbedrägeri (fr. o. m. 2019), Ej internationell anknytning, Mot äldre/funktionsnedsatt",,False
14052,"Brott mot brottsbalken, 8-12 kap. Brott mot förmögenhet, 9 kap. Bedrägeri och annan oredlighet, Bedrägeri inkl. grovt, bedrägligt beteende (1-3 §), Annonsbedrägeri (fr. o. m. 2019), Internationell anknytning",4,11096.0,"Brott mot brottsbalken, 8-12 kap. Brott mot förmögenhet, 9 kap. Bedrägeri och annan oredlighet",Brott mot brottsbalken,"Brott mot brottsbalken, 8-12 kap. Brott mot förmögenhet","Brott mot brottsbalken, 8-12 kap. Brott mot förmögenhet, 9 kap. Bedrägeri och annan oredlighet","Brott mot brottsbalken, 8-12 kap. Brott mot förmögenhet, 9 kap. Bedrägeri och annan oredlighet, Bedrägeri inkl. grovt, bedrägligt beteende (1-3 §), Annonsbedrägeri (fr. o. m. 2019), Internationell anknytning",,False
14113,"Brott mot brottsbalken, 8-12 kap. Brott mot förmögenhet, 9 kap. Bedrägeri och annan oredlighet, Bedrägeri inkl. grovt, bedrägligt beteende (1-3 §), Annonsbedrägeri (fr. o. m. 2019), Internationell anknytning, Ej mot äldre/funktionsnedsatt",4,11096.0,"Brott mot brottsbalken, 8-12 kap. Brott mot förmögenhet, 9 kap. Bedrägeri och annan oredlighet",Brott mot brottsbalken,"Brott mot brottsbalken, 8-12 kap. Brott mot förmögenhet","Brott mot brottsbalken, 8-12 kap. Brott mot förmögenhet, 9 kap. Bedrägeri och annan oredlighet","Brott mot brottsbalken, 8-12 kap. Brott mot förmögenhet, 9 kap. Bedrägeri och annan oredlighet, Bedrägeri inkl. grovt, bedrägligt beteende (1-3 §), Annonsbedrägeri (fr. o. m. 2019), Internationell anknytning, Ej mot äldre/funktionsnedsatt",,False
14089,"Brott mot brottsbalken, 8-12 kap. Brott mot förmögenhet, 9 kap. Bedrägeri och annan oredlighet, Bedrägeri inkl. grovt, bedrägligt beteende (1-3 §), Annonsbedrägeri (fr. o. m. 2019), Internationell anknytning, Mot äldre/funktionsnedsatt",4,11096.0,"Brott mot brottsbalken, 8-12 kap. Brott mot förmögenhet, 9 kap. Bedrägeri och annan oredlighet",Brott mot brottsbalken,"Brott mot brottsbalken, 8-12 kap. Brott mot förmögenhet","Brott mot brottsbalken, 8-12 kap. Brott mot förmögenhet, 9 kap. Bedrägeri och annan oredlighet","Brott mot brottsbalken, 8-12 kap. Brott mot förmögenhet, 9 kap. Bedrägeri och annan oredlighet, Bedrägeri inkl. grovt, bedrägligt beteende (1-3 §), Annonsbedrägeri (fr. o. m. 2019), Internationell anknytning, Mot äldre/funktionsnedsatt",,False
11564,"Brott mot brottsbalken, 8-12 kap. Brott mot förmögenhet, 9 kap. Bedrägeri och annan oredlighet, Bedrägeri inkl. grovt, bedrägligt beteende (1-3 §), Automatmissbruk (t.o.m. 2018)",4,11096.0,"Brott mot brottsbalken, 8-12 kap. Brott mot förmögenhet, 9 kap. Bedrägeri och annan oredlighet",Brott mot brottsbalken,"Brott mot brottsbalken, 8-12 kap. Brott mot förmögenhet","Brott mot brottsbalken, 8-12 kap. Brott mot förmögenhet, 9 kap. Bedrägeri och annan oredlighet","Brott mot brottsbalken, 8-12 kap. Brott mot förmögenhet, 9 kap. Bedrägeri och annan oredlighet, Bedrägeri inkl. grovt, bedrägligt beteende (1-3 §), Automatmissbruk (t.o.m. 2018)",,False
11573,"Brott mot brottsbalken, 8-12 kap. Brott mot förmögenhet, 9 kap. Bedrägeri och annan oredlighet, Bedrägeri inkl. grovt, bedrägligt beteende (1-3 §), Avs. husrum, förtäring, transport m.m. (t.o.m. 2018)",4,11096.0,"Brott mot brottsbalken, 8-12 kap. Brott mot förmögenhet, 9 kap. Bedrägeri och annan oredlighet",Brott mot brottsbalken,"Brott mot brottsbalken, 8-12 kap. Brott mot förmögenhet","Brott mot brottsbalken, 8-12 kap. Brott mot förmögenhet, 9 kap. Bedrägeri och annan oredlighet","Brott mot brottsbalken, 8-12 kap. Brott mot förmögenhet, 9 kap. Bedrägeri och annan oredlighet, Bedrägeri inkl. grovt, bedrägligt beteende (1-3 §), Avs. husrum, förtäring, transport m.m. (t.o.m. 2018)",,False
14021,"Brott mot brottsbalken, 8-12 kap. Brott mot förmögenhet, 9 kap. Bedrägeri och annan oredlighet, Bedrägeri inkl. grovt, bedrägligt beteende (1-3 §), Bedrägeri genom social manipulation (fr. o. m. 2019)",4,11096.0,"Brott mot brottsbalken, 8-12 kap. Brott mot förmögenhet, 9 kap. Bedrägeri och annan oredlighet",Brott mot brottsbalken,"Brott mot brottsbalken, 8-12 kap. Brott mot förmögenhet","Brott mot brottsbalken, 8-12 kap. Brott mot förmögenhet, 9 kap. Bedrägeri och annan oredlighet","Brott mot brottsbalken, 8-12 kap. Brott mot förmögenhet, 9 kap. Bedrägeri och annan oredlighet, Bedrägeri inkl. grovt, bedrägligt beteende (1-3 §), Bedrägeri genom social manipulation (fr. o. m. 2019)",,False
14025,"Brott mot brottsbalken, 8-12 kap. Brott mot förmögenhet, 9 kap. Bedrägeri och annan oredlighet, Bedrägeri inkl. grovt, bedrägligt beteende (1-3 §), Bedrägeri genom social manipulation (fr. o. m. 2019), Annan typ",4,11096.0,"Brott mot brottsbalken, 8-12 kap. Brott mot förmögenhet, 9 kap. Bedrägeri och annan oredlighet",Brott mot brottsbalken,"Brott mot brottsbalken, 8-12 kap. Brott mot förmögenhet","Brott mot brottsbalken, 8-12 kap. Brott mot förmögenhet, 9 kap. Bedrägeri och annan oredlighet","Brott mot brottsbalken, 8-12 kap. Brott mot förmögenhet, 9 kap. Bedrägeri och annan oredlighet, Bedrägeri inkl. grovt, bedrägligt beteende (1-3 §), Bedrägeri genom social manipulation (fr. o. m. 2019), Annan typ",,False
14058,"Brott mot brottsbalken, 8-12 kap. Brott mot förmögenhet, 9 kap. Bedrägeri och annan oredlighet, Bedrägeri inkl. grovt, bedrägligt beteende (1-3 §), Bedrägeri genom social manipulation (fr. o. m. 2019), Annan typ, Ej internationell anknytning",4,11096.0,"Brott mot brottsbalken, 8-12 kap. Brott mot förmögenhet, 9 kap. Bedrägeri och annan oredlighet",Brott mot brottsbalken,"Brott mot brottsbalken, 8-12 kap. Brott mot förmögenhet","Brott mot brottsbalken, 8-12 kap. Brott mot förmögenhet, 9 kap. Bedrägeri och annan oredlighet","Brott mot brottsbalken, 8-12 kap. Brott mot förmögenhet, 9 kap. Bedrägeri och annan oredlighet, Bedrägeri inkl. grovt, bedrägligt beteende (1-3 §), Bedrägeri genom social manipulation (fr. o. m. 2019), Annan typ, Ej internationell anknytning",,False
14100,"Brott mot brottsbalken, 8-12 kap. Brott mot förmögenhet, 9 kap. Bedrägeri och annan oredlighet, Bedrägeri inkl. grovt, bedrägligt beteende (1-3 §), Bedrägeri genom social manipulation (fr. o. m. 2019), Annan typ, Ej internationell anknytning, Ej mot äldre/funktionsnedsatt",4,11096.0,"Brott mot brottsbalken, 8-12 kap. Brott mot förmögenhet, 9 kap. Bedrägeri och annan oredlighet",Brott mot brottsbalken,"Brott mot brottsbalken, 8-12 kap. Brott mot förmögenhet","Brott mot brottsbalken, 8-12 kap. Brott mot förmögenhet, 9 kap. Bedrägeri och annan oredlighet","Brott mot brottsbalken, 8-12 kap. Brott mot förmögenhet, 9 kap. Bedrägeri och annan oredlighet, Bedrägeri inkl. grovt, bedrägligt beteende (1-3 §), Bedrägeri genom social manipulation (fr. o. m. 2019), Annan typ, Ej internationell anknytning, Ej mot äldre/funktionsnedsatt",,False
14076,"Brott mot brottsbalken, 8-12 kap. Brott mot förmögenhet, 9 kap. Bedrägeri och annan oredlighet, Bedrägeri inkl. grovt, bedrägligt beteende (1-3 §), Bedrägeri genom social manipulation (fr. o. m. 2019), Annan typ, Ej internationell anknytning, Mot äldre/funktionsnedsatt",4,11096.0,"Brott mot brottsbalken, 8-12 kap. Brott mot förmögenhet, 9 kap. Bedrägeri och annan oredlighet",Brott mot brottsbalken,"Brott mot brottsbalken, 8-12 kap. Brott mot förmögenhet","Brott mot brottsbalken, 8-12 kap. Brott mot förmögenhet, 9 kap. Bedrägeri och annan oredlighet","Brott mot brottsbalken, 8-12 kap. Brott mot förmögenhet, 9 kap. Bedrägeri och annan oredlighet, Bedrägeri inkl. grovt, bedrägligt beteende (1-3 §), Bedrägeri genom social manipulation (fr. o. m. 2019), Annan typ, Ej internationell anknytning, Mot äldre/funktionsnedsatt",,False
14037,"Brott mot brottsbalken, 8-12 kap. Brott mot förmögenhet, 9 kap. Bedrägeri och annan oredlighet, Bedrägeri inkl. grovt, bedrägligt beteende (1-3 §), Bedrägeri genom social manipulation (fr. o. m. 2019), Annan typ, Internationell anknytning",4,11096.0,"Brott mot brottsbalken, 8-12 kap. Brott mot förmögenhet, 9 kap. Bedrägeri och annan oredlighet",Brott mot brottsbalken,"Brott mot brottsbalken, 8-12 kap. Brott mot förmögenhet","Brott mot brottsbalken, 8-12 kap. Brott mot förmögenhet, 9 kap. Bedrägeri och annan oredlighet","Brott mot brottsbalken, 8-12 kap. Brott mot förmögenhet, 9 kap. Bedrägeri och annan oredlighet, Bedrägeri inkl. grovt, bedrägligt beteende (1-3 §), Bedrägeri genom social manipulation (fr. o. m. 2019), Annan typ, Internationell anknytning",,False
14099,"Brott mot brottsbalken, 8-12 kap. Brott mot förmögenhet, 9 kap. Bedrägeri och annan oredlighet, Bedrägeri inkl. grovt, bedrägligt beteende (1-3 §), Bedrägeri genom social manipulation (fr. o. m. 2019), Annan typ, Internationell anknytning, Ej mot äldre/funktionsnedsatt",4,11096.0,"Brott mot brottsbalken, 8-12 kap. Brott mot förmögenhet, 9 kap. Bedrägeri och annan oredlighet",Brott mot brottsbalken,"Brott mot brottsbalken, 8-12 kap. Brott mot förmögenhet","Brott mot brottsbalken, 8-12 kap. Brott mot förmögenhet, 9 kap. Bedrägeri och annan oredlighet","Brott mot brottsbalken, 8-12 kap. Brott mot förmögenhet, 9 kap. Bedrägeri och annan oredlighet, Bedrägeri inkl. grovt, bedrägligt beteende (1-3 §), Bedrägeri genom social manipulation (fr. o. m. 2019), Annan typ, Internationell anknytning, Ej mot äldre/funktionsnedsatt",,False
14075,"Brott mot brottsbalken, 8-12 kap. Brott mot förmögenhet, 9 kap. Bedrägeri och annan oredlighet, Bedrägeri inkl. grovt, bedrägligt beteende (1-3 §), Bedrägeri genom social manipulation (fr. o. m. 2019), Annan typ, Internationell anknytning, Mot äldre/funktionsnedsatt",4,11096.0,"Brott mot brottsbalken, 8-12 kap. Brott mot förmögenhet, 9 kap. Bedrägeri och annan oredlighet",Brott mot brottsbalken,"Brott mot brottsbalken, 8-12 kap. Brott mot förmögenhet","Brott mot brottsbalken, 8-12 kap. Brott mot förmögenhet, 9 kap. Bedrägeri och annan oredlighet","Brott mot brottsbalken, 8-12 kap. Brott mot förmögenhet, 9 kap. Bedrägeri och annan oredlighet, Bedrägeri inkl. grovt, bedrägligt beteende (1-3 §), Bedrägeri genom social manipulation (fr. o. m. 2019), Annan typ, Internationell anknytning, Mot äldre/funktionsnedsatt",,False
14024,"Brott mot brottsbalken, 8-12 kap. Brott mot förmögenhet, 9 kap. Bedrägeri och annan oredlighet, Bedrägeri inkl. grovt, bedrägligt beteende (1-3 §), Bedrägeri genom social manipulation (fr. o. m. 2019), Befogenhetsbedrägeri",4,11096.0,"Brott mot brottsbalken, 8-12 kap. Brott mot förmögenhet, 9 kap. Bedrägeri och annan oredlighet",Brott mot brottsbalken,"Brott mot brottsbalken, 8-12 kap. Brott mot förmögenhet","Brott mot brottsbalken, 8-12 kap. Brott mot förmögenhet, 9 kap. Bedrägeri och annan oredlighet","Brott mot brottsbalken, 8-12 kap. Brott mot förmögenhet, 9 kap. Bedrägeri och annan oredlighet, Bedrägeri inkl. grovt, bedrägligt beteende (1-3 §), Bedrägeri genom social manipulation (fr. o. m. 2019), Befogenhetsbedrägeri",,False
14057,"Brott mot brottsbalken, 8-12 kap. Brott mot förmögenhet, 9 kap. Bedrägeri och annan oredlighet, Bedrägeri inkl. grovt, bedrägligt beteende (1-3 §), Bedrägeri genom social manipulation (fr. o. m. 2019), Befogenhetsbedrägeri, Ej internationell anknytning",4,11096.0,"Brott mot brottsbalken, 8-12 kap. Brott mot förmögenhet, 9 kap. Bedrägeri och annan oredlighet",Brott mot brottsbalken,"Brott mot brottsbalken, 8-12 kap. Brott mot förmögenhet","Brott mot brottsbalken, 8-12 kap. Brott mot förmögenhet, 9 kap. Bedrägeri och annan oredlighet","Brott mot brottsbalken, 8-12 kap. Brott mot förmögenhet, 9 kap. Bedrägeri och annan oredlighet, Bedrägeri inkl. grovt, bedrägligt beteende (1-3 §), Bedrägeri genom social manipulation (fr. o. m. 2019), Befogenhetsbedrägeri, Ej internationell anknytning",,False
14098,"Brott mot brottsbalken, 8-12 kap. Brott mot förmögenhet, 9 kap. Bedrägeri och annan oredlighet, Bedrägeri inkl. grovt, bedrägligt beteende (1-3 §), Bedrägeri genom social manipulation (fr. o. m. 2019), Befogenhetsbedrägeri, Ej internationell anknytning, Ej mot äldre/funktionsnedsatt",4,11096.0,"Brott mot brottsbalken, 8-12 kap. Brott mot förmögenhet, 9 kap. Bedrägeri och annan oredlighet",Brott mot brottsbalken,"Brott mot brottsbalken, 8-12 kap. Brott mot förmögenhet","Brott mot brottsbalken, 8-12 kap. Brott mot förmögenhet, 9 kap. Bedrägeri och annan oredlighet","Brott mot brottsbalken, 8-12 kap. Brott mot förmögenhet, 9 kap. Bedrägeri och annan oredlighet, Bedrägeri inkl. grovt, bedrägligt beteende (1-3 §), Bedrägeri genom social manipulation (fr. o. m. 2019), Befogenhetsbedrägeri, Ej internationell anknytning, Ej mot äldre/funktionsnedsatt",,False
14074,"Brott mot brottsbalken, 8-12 kap. Brott mot förmögenhet, 9 kap. Bedrägeri och annan oredlighet, Bedrägeri inkl. grovt, bedrägligt beteende (1-3 §), Bedrägeri genom social manipulation (fr. o. m. 2019), Befogenhetsbedrägeri, Ej internationell anknytning, Mot äldre/funktionsnedsatt",4,11096.0,"Brott mot brottsbalken, 8-12 kap. Brott mot förmögenhet, 9 kap. Bedrägeri och annan oredlighet",Brott mot brottsbalken,"Brott mot brottsbalken, 8-12 kap. Brott mot förmögenhet","Brott mot brottsbalken, 8-12 kap. Brott mot förmögenhet, 9 kap. Bedrägeri och annan oredlighet","Brott mot brottsbalken, 8-12 kap. Brott mot förmögenhet, 9 kap. Bedrägeri och annan oredlighet, Bedrägeri inkl. grovt, bedrägligt beteende (1-3 §), Bedrägeri genom social manipulation (fr. o. m. 2019), Befogenhetsbedrägeri, Ej internationell anknytning, Mot äldre/funktionsnedsatt",,False
14036,"Brott mot brottsbalken, 8-12 kap. Brott mot förmögenhet, 9 kap. Bedrägeri och annan oredlighet, Bedrägeri inkl. grovt, bedrägligt beteende (1-3 §), Bedrägeri genom social manipulation (fr. o. m. 2019), Befogenhetsbedrägeri, Internationell anknytning",4,11096.0,"Brott mot brottsbalken, 8-12 kap. Brott mot förmögenhet, 9 kap. Bedrägeri och annan oredlighet",Brott mot brottsbalken,"Brott mot brottsbalken, 8-12 kap. Brott mot förmögenhet","Brott mot brottsbalken, 8-12 kap. Brott mot förmögenhet, 9 kap. Bedrägeri och annan oredlighet","Brott mot brottsbalken, 8-12 kap. Brott mot förmögenhet, 9 kap. Bedrägeri och annan oredlighet, Bedrägeri inkl. grovt, bedrägligt beteende (1-3 §), Bedrägeri genom social manipulation (fr. o. m. 2019), Befogenhetsbedrägeri, Internationell anknytning",,False
14097,"Brott mot brottsbalken, 8-12 kap. Brott mot förmögenhet, 9 kap. Bedrägeri och annan oredlighet, Bedrägeri inkl. grovt, bedrägligt beteende (1-3 §), Bedrägeri genom social manipulation (fr. o. m. 2019), Befogenhetsbedrägeri, Internationell anknytning, Ej mot äldre/funktionsnedsatt",4,11096.0,"Brott mot brottsbalken, 8-12 kap. Brott mot förmögenhet, 9 kap. Bedrägeri och annan oredlighet",Brott mot brottsbalken,"Brott mot brottsbalken, 8-12 kap. Brott mot förmögenhet","Brott mot brottsbalken, 8-12 kap. Brott mot förmögenhet, 9 kap. Bedrägeri och annan oredlighet","Brott mot brottsbalken, 8-12 kap. Brott mot förmögenhet, 9 kap. Bedrägeri och annan oredlighet, Bedrägeri inkl. grovt, bedrägligt beteende (1-3 §), Bedrägeri genom social manipulation (fr. o. m. 2019), Befogenhetsbedrägeri, Internationell anknytning, Ej mot äldre/funktionsnedsatt",,False
14073,"Brott mot brottsbalken, 8-12 kap. Brott mot förmögenhet, 9 kap. Bedrägeri och annan oredlighet, Bedrägeri inkl. grovt, bedrägligt beteende (1-3 §), Bedrägeri genom social manipulation (fr. o. m. 2019), Befogenhetsbedrägeri, Internationell anknytning, Mot äldre/funktionsnedsatt",4,11096.0,"Brott mot brottsbalken, 8-12 kap. Brott mot förmögenhet, 9 kap. Bedrägeri och annan oredlighet",Brott mot brottsbalken,"Brott mot brottsbalken, 8-12 kap. Brott mot förmögenhet","Brott mot brottsbalken, 8-12 kap. Brott mot förmögenhet, 9 kap. Bedrägeri och annan oredlighet","Brott mot brottsbalken, 8-12 kap. Brott mot förmögenhet, 9 kap. Bedrägeri och annan oredlighet, Bedrägeri inkl. grovt, bedrägligt beteende (1-3 §), Bedrägeri genom social manipulation (fr. o. m. 2019), Befogenhetsbedrägeri, Internationell anknytning, Mot äldre/funktionsnedsatt",,False
14023,"Brott mot brottsbalken, 8-12 kap. Brott mot förmögenhet, 9 kap. Bedrägeri och annan oredlighet, Bedrägeri inkl. grovt, bedrägligt beteende (1-3 §), Bedrägeri genom social manipulation (fr. o. m. 2019), Investeringsbedrägeri",4,11096.0,"Brott mot brottsbalken, 8-12 kap. Brott mot förmögenhet, 9 kap. Bedrägeri och annan oredlighet",Brott mot brottsbalken,"Brott mot brottsbalken, 8-12 kap. Brott mot förmögenhet","Brott mot brottsbalken, 8-12 kap. Brott mot förmögenhet, 9 kap. Bedrägeri och annan oredlighet","Brott mot brottsbalken, 8-12 kap. Brott mot förmögenhet, 9 kap. Bedrägeri och annan oredlighet, Bedrägeri inkl. grovt, bedrägligt beteende (1-3 §), Bedrägeri genom social manipulation (fr. o. m. 2019), Investeringsbedrägeri",,False
14056,"Brott mot brottsbalken, 8-12 kap. Brott mot förmögenhet, 9 kap. Bedrägeri och annan oredlighet, Bedrägeri inkl. grovt, bedrägligt beteende (1-3 §), Bedrägeri genom social manipulation (fr. o. m. 2019), Investeringsbedrägeri, Ej internationell anknytning",4,11096.0,"Brott mot brottsbalken, 8-12 kap. Brott mot förmögenhet, 9 kap. Bedrägeri och annan oredlighet",Brott mot brottsbalken,"Brott mot brottsbalken, 8-12 kap. Brott mot förmögenhet","Brott mot brottsbalken, 8-12 kap. Brott mot förmögenhet, 9 kap. Bedrägeri och annan oredlighet","Brott mot brottsbalken, 8-12 kap. Brott mot förmögenhet, 9 kap. Bedrägeri och annan oredlighet, Bedrägeri inkl. grovt, bedrägligt beteende (1-3 §), Bedrägeri genom social manipulation (fr. o. m. 2019), Investeringsbedrägeri, Ej internationell anknytning",,False
14096,"Brott mot brottsbalken, 8-12 kap. Brott mot förmögenhet, 9 kap. Bedrägeri och annan oredlighet, Bedrägeri inkl. grovt, bedrägligt beteende (1-3 §), Bedrägeri genom social manipulation (fr. o. m. 2019), Investeringsbedrägeri, Ej internationell anknytning, Ej mot äldre/funktionsnedsatt",4,11096.0,"Brott mot brottsbalken, 8-12 kap. Brott mot förmögenhet, 9 kap. Bedrägeri och annan oredlighet",Brott mot brottsbalken,"Brott mot brottsbalken, 8-12 kap. Brott mot förmögenhet","Brott mot brottsbalken, 8-12 kap. Brott mot förmögenhet, 9 kap. Bedrägeri och annan oredlighet","Brott mot brottsbalken, 8-12 kap. Brott mot förmögenhet, 9 kap. Bedrägeri och annan oredlighet, Bedrägeri inkl. grovt, bedrägligt beteende (1-3 §), Bedrägeri genom social manipulation (fr. o. m. 2019), Investeringsbedrägeri, Ej internationell anknytning, Ej mot äldre/funktionsnedsatt",,False
14072,"Brott mot brottsbalken, 8-12 kap. Brott mot förmögenhet, 9 kap. Bedrägeri och annan oredlighet, Bedrägeri inkl. grovt, bedrägligt beteende (1-3 §), Bedrägeri genom social manipulation (fr. o. m. 2019), Investeringsbedrägeri, Ej internationell anknytning, Mot äldre/funktionsnedsatt",4,11096.0,"Brott mot brottsbalken, 8-12 kap. Brott mot förmögenhet, 9 kap. Bedrägeri och annan oredlighet",Brott mot brottsbalken,"Brott mot brottsbalken, 8-12 kap. Brott mot förmögenhet","Brott mot brottsbalken, 8-12 kap. Brott mot förmögenhet, 9 kap. Bedrägeri och annan oredlighet","Brott mot brottsbalken, 8-12 kap. Brott mot förmögenhet, 9 kap. Bedrägeri och annan oredlighet, Bedrägeri inkl. grovt, bedrägligt beteende (1-3 §), Bedrägeri genom social manipulation (fr. o. m. 2019), Investeringsbedrägeri, Ej internationell anknytning, Mot äldre/funktionsnedsatt",,False
14035,"Brott mot brottsbalken, 8-12 kap. Brott mot förmögenhet, 9 kap. Bedrägeri och annan oredlighet, Bedrägeri inkl. grovt, bedrägligt beteende (1-3 §), Bedrägeri genom social manipulation (fr. o. m. 2019), Investeringsbedrägeri, Internationell anknytning",4,11096.0,"Brott mot brottsbalken, 8-12 kap. Brott mot förmögenhet, 9 kap. Bedrägeri och annan oredlighet",Brott mot brottsbalken,"Brott mot brottsbalken, 8-12 kap. Brott mot förmögenhet","Brott mot brottsbalken, 8-12 kap. Brott mot förmögenhet, 9 kap. Bedrägeri och annan oredlighet","Brott mot brottsbalken, 8-12 kap. Brott mot förmögenhet, 9 kap. Bedrägeri och annan oredlighet, Bedrägeri inkl. grovt, bedrägligt beteende (1-3 §), Bedrägeri genom social manipulation (fr. o. m. 2019), Investeringsbedrägeri, Internationell anknytning",,False
14095,"Brott mot brottsbalken, 8-12 kap. Brott mot förmögenhet, 9 kap. Bedrägeri och annan oredlighet, Bedrägeri inkl. grovt, bedrägligt beteende (1-3 §), Bedrägeri genom social manipulation (fr. o. m. 2019), Investeringsbedrägeri, Internationell anknytning, Ej mot äldre/funktionsnedsatt",4,11096.0,"Brott mot brottsbalken, 8-12 kap. Brott mot förmögenhet, 9 kap. Bedrägeri och annan oredlighet",Brott mot brottsbalken,"Brott mot brottsbalken, 8-12 kap. Brott mot förmögenhet","Brott mot brottsbalken, 8-12 kap. Brott mot förmögenhet, 9 kap. Bedrägeri och annan oredlighet","Brott mot brottsbalken, 8-12 kap. Brott mot förmögenhet, 9 kap. Bedrägeri och annan oredlighet, Bedrägeri inkl. grovt, bedrägligt beteende (1-3 §), Bedrägeri genom social manipulation (fr. o. m. 2019), Investeringsbedrägeri, Internationell anknytning, Ej mot äldre/funktionsnedsatt",,False
14071,"Brott mot brottsbalken, 8-12 kap. Brott mot förmögenhet, 9 kap. Bedrägeri och annan oredlighet, Bedrägeri inkl. grovt, bedrägligt beteende (1-3 §), Bedrägeri genom social manipulation (fr. o. m. 2019), Investeringsbedrägeri, Internationell anknytning, Mot äldre/funktionsnedsatt",4,11096.0,"Brott mot brottsbalken, 8-12 kap. Brott mot förmögenhet, 9 kap. Bedrägeri och annan oredlighet",Brott mot brottsbalken,"Brott mot brottsbalken, 8-12 kap. Brott mot förmögenhet","Brott mot brottsbalken, 8-12 kap. Brott mot förmögenhet, 9 kap. Bedrägeri och annan oredlighet","Brott mot brottsbalken, 8-12 kap. Brott mot förmögenhet, 9 kap. Bedrägeri och annan oredlighet, Bedrägeri inkl. grovt, bedrägligt beteende (1-3 §), Bedrägeri genom social manipulation (fr. o. m. 2019), Investeringsbedrägeri, Internationell anknytning, Mot äldre/funktionsnedsatt",,False
14022,"Brott mot brottsbalken, 8-12 kap. Brott mot förmögenhet, 9 kap. Bedrägeri och annan oredlighet, Bedrägeri inkl. grovt, bedrägligt beteende (1-3 §), Bedrägeri genom social manipulation (fr. o. m. 2019), Romansbedrägeri",4,11096.0,"Brott mot brottsbalken, 8-12 kap. Brott mot förmögenhet, 9 kap. Bedrägeri och annan oredlighet",Brott mot brottsbalken,"Brott mot brottsbalken, 8-12 kap. Brott mot förmögenhet","Brott mot brottsbalken, 8-12 kap. Brott mot förmögenhet, 9 kap. Bedrägeri och annan oredlighet","Brott mot brottsbalken, 8-12 kap. Brott mot förmögenhet, 9 kap. Bedrägeri och annan oredlighet, Bedrägeri inkl. grovt, bedrägligt beteende (1-3 §), Bedrägeri genom social manipulation (fr. o. m. 2019), Romansbedrägeri",,False
14055,"Brott mot brottsbalken, 8-12 kap. Brott mot förmögenhet, 9 kap. Bedrägeri och annan oredlighet, Bedrägeri inkl. grovt, bedrägligt beteende (1-3 §), Bedrägeri genom social manipulation (fr. o. m. 2019), Romansbedrägeri, Ej internationell anknytning",4,11096.0,"Brott mot brottsbalken, 8-12 kap. Brott mot förmögenhet, 9 kap. Bedrägeri och annan oredlighet",Brott mot brottsbalken,"Brott mot brottsbalken, 8-12 kap. Brott mot förmögenhet","Brott mot brottsbalken, 8-12 kap. Brott mot förmögenhet, 9 kap. Bedrägeri och annan oredlighet","Brott mot brottsbalken, 8-12 kap. Brott mot förmögenhet, 9 kap. Bedrägeri och annan oredlighet, Bedrägeri inkl. grovt, bedrägligt beteende (1-3 §), Bedrägeri genom social manipulation (fr. o. m. 2019), Romansbedrägeri, Ej internationell anknytning",,False
14094,"Brott mot brottsbalken, 8-12 kap. Brott mot förmögenhet, 9 kap. Bedrägeri och annan oredlighet, Bedrägeri inkl. grovt, bedrägligt beteende (1-3 §), Bedrägeri genom social manipulation (fr. o. m. 2019), Romansbedrägeri, Ej internationell anknytning, Ej mot äldre/funktionsnedsatt",4,11096.0,"Brott mot brottsbalken, 8-12 kap. Brott mot förmögenhet, 9 kap. Bedrägeri och annan oredlighet",Brott mot brottsbalken,"Brott mot brottsbalken, 8-12 kap. Brott mot förmögenhet","Brott mot brottsbalken, 8-12 kap. Brott mot förmögenhet, 9 kap. Bedrägeri och annan oredlighet","Brott mot brottsbalken, 8-12 kap. Brott mot förmögenhet, 9 kap. Bedrägeri och annan oredlighet, Bedrägeri inkl. grovt, bedrägligt beteende (1-3 §), Bedrägeri genom social manipulation (fr. o. m. 2019), Romansbedrägeri, Ej internationell anknytning, Ej mot äldre/funktionsnedsatt",,False
14070,"Brott mot brottsbalken, 8-12 kap. Brott mot förmögenhet, 9 kap. Bedrägeri och annan oredlighet, Bedrägeri inkl. grovt, bedrägligt beteende (1-3 §), Bedrägeri genom social manipulation (fr. o. m. 2019), Romansbedrägeri, Ej internationell anknytning, Mot äldre/funktionsnedsatt",4,11096.0,"Brott mot brottsbalken, 8-12 kap. Brott mot förmögenhet, 9 kap. Bedrägeri och annan oredlighet",Brott mot brottsbalken,"Brott mot brottsbalken, 8-12 kap. Brott mot förmögenhet","Brott mot brottsbalken, 8-12 kap. Brott mot förmögenhet, 9 kap. Bedrägeri och annan oredlighet","Brott mot brottsbalken, 8-12 kap. Brott mot förmögenhet, 9 kap. Bedrägeri och annan oredlighet, Bedrägeri inkl. grovt, bedrägligt beteende (1-3 §), Bedrägeri genom social manipulation (fr. o. m. 2019), Romansbedrägeri, Ej internationell anknytning, Mot äldre/funktionsnedsatt",,False
14034,"Brott mot brottsbalken, 8-12 kap. Brott mot förmögenhet, 9 kap. Bedrägeri och annan oredlighet, Bedrägeri inkl. grovt, bedrägligt beteende (1-3 §), Bedrägeri genom social manipulation (fr. o. m. 2019), Romansbedrägeri, Internationell anknytning",4,11096.0,"Brott mot brottsbalken, 8-12 kap. Brott mot förmögenhet, 9 kap. Bedrägeri och annan oredlighet",Brott mot brottsbalken,"Brott mot brottsbalken, 8-12 kap. Brott mot förmögenhet","Brott mot brottsbalken, 8-12 kap. Brott mot förmögenhet, 9 kap. Bedrägeri och annan oredlighet","Brott mot brottsbalken, 8-12 kap. Brott mot förmögenhet, 9 kap. Bedrägeri och annan oredlighet, Bedrägeri inkl. grovt, bedrägligt beteende (1-3 §), Bedrägeri genom social manipulation (fr. o. m. 2019), Romansbedrägeri, Internationell anknytning",,False
14093,"Brott mot brottsbalken, 8-12 kap. Brott mot förmögenhet, 9 kap. Bedrägeri och annan oredlighet, Bedrägeri inkl. grovt, bedrägligt beteende (1-3 §), Bedrägeri genom social manipulation (fr. o. m. 2019), Romansbedrägeri, Internationell anknytning, Ej mot äldre/funktionsnedsatt",4,11096.0,"Brott mot brottsbalken, 8-12 kap. Brott mot förmögenhet, 9 kap. Bedrägeri och annan oredlighet",Brott mot brottsbalken,"Brott mot brottsbalken, 8-12 kap. Brott mot förmögenhet","Brott mot brottsbalken, 8-12 kap. Brott mot förmögenhet, 9 kap. Bedrägeri och annan oredlighet","Brott mot brottsbalken, 8-12 kap. Brott mot förmögenhet, 9 kap. Bedrägeri och annan oredlighet, Bedrägeri inkl. grovt, bedrägligt beteende (1-3 §), Bedrägeri genom social manipulation (fr. o. m. 2019), Romansbedrägeri, Internationell anknytning, Ej mot äldre/funktionsnedsatt",,False
14069,"Brott mot brottsbalken, 8-12 kap. Brott mot förmögenhet, 9 kap. Bedrägeri och annan oredlighet, Bedrägeri inkl. grovt, bedrägligt beteende (1-3 §), Bedrägeri genom social manipulation (fr. o. m. 2019), Romansbedrägeri, Internationell anknytning, Mot äldre/funktionsnedsatt",4,11096.0,"Brott mot brottsbalken, 8-12 kap. Brott mot förmögenhet, 9 kap. Bedrägeri och annan oredlighet",Brott mot brottsbalken,"Brott mot brottsbalken, 8-12 kap. Brott mot förmögenhet","Brott mot brottsbalken, 8-12 kap. Brott mot förmögenhet, 9 kap. Bedrägeri och annan oredlighet","Brott mot brottsbalken, 8-12 kap. Brott mot förmögenhet, 9 kap. Bedrägeri och annan oredlighet, Bedrägeri inkl. grovt, bedrägligt beteende (1-3 §), Bedrägeri genom social manipulation (fr. o. m. 2019), Romansbedrägeri, Internationell anknytning, Mot äldre/funktionsnedsatt",,False
11574,"Brott mot brottsbalken, 8-12 kap. Brott mot förmögenhet, 9 kap. Bedrägeri och annan oredlighet, Bedrägeri inkl. grovt, bedrägligt beteende (1-3 §), Bedrägeri med hjälp av bluffaktura (t.o.m. 2018)",4,11096.0,"Brott mot brottsbalken, 8-12 kap. Brott mot förmögenhet, 9 kap. Bedrägeri och annan oredlighet",Brott mot brottsbalken,"Brott mot brottsbalken, 8-12 kap. Brott mot förmögenhet","Brott mot brottsbalken, 8-12 kap. Brott mot förmögenhet, 9 kap. Bedrägeri och annan oredlighet","Brott mot brottsbalken, 8-12 kap. Brott mot förmögenhet, 9 kap. Bedrägeri och annan oredlighet, Bedrägeri inkl. grovt, bedrägligt beteende (1-3 §), Bedrägeri med hjälp av bluffaktura (t.o.m. 2018)",,False
14717,"Brott mot brottsbalken, 8-12 kap. Brott mot förmögenhet, 9 kap. Bedrägeri och annan oredlighet, Bedrägeri inkl. grovt, bedrägligt beteende (1-3 §), Bedrägeri mot EU:s finansiella intressen",4,11096.0,"Brott mot brottsbalken, 8-12 kap. Brott mot förmögenhet, 9 kap. Bedrägeri och annan oredlighet",Brott mot brottsbalken,"Brott mot brottsbalken, 8-12 kap. Brott mot förmögenhet","Brott mot brottsbalken, 8-12 kap. Brott mot förmögenhet, 9 kap. Bedrägeri och annan oredlighet","Brott mot brottsbalken, 8-12 kap. Brott mot förmögenhet, 9 kap. Bedrägeri och annan oredlighet, Bedrägeri inkl. grovt, bedrägligt beteende (1-3 §), Bedrägeri mot EU:s finansiella intressen",,False
11565,"Brott mot brottsbalken, 8-12 kap. Brott mot förmögenhet, 9 kap. Bedrägeri och annan oredlighet, Bedrägeri inkl. grovt, bedrägligt beteende (1-3 §), Datorbedrägeri (t.o.m. 2018)",4,11096.0,"Brott mot brottsbalken, 8-12 kap. Brott mot förmögenhet, 9 kap. Bedrägeri och annan oredlighet",Brott mot brottsbalken,"Brott mot brottsbalken, 8-12 kap. Brott mot förmögenhet","Brott mot brottsbalken, 8-12 kap. Brott mot förmögenhet, 9 kap. Bedrägeri och annan oredlighet","Brott mot brottsbalken, 8-12 kap. Brott mot förmögenhet, 9 kap. Bedrägeri och annan oredlighet, Bedrägeri inkl. grovt, bedrägligt beteende (1-3 §), Datorbedrägeri (t.o.m. 2018)",,False
14027,"Brott mot brottsbalken, 8-12 kap. Brott mot förmögenhet, 9 kap. Bedrägeri och annan oredlighet, Bedrägeri inkl. grovt, bedrägligt beteende (1-3 §), Fakturabedrägeri (fr. o. m. 2019)",4,11096.0,"Brott mot brottsbalken, 8-12 kap. Brott mot förmögenhet, 9 kap. Bedrägeri och annan oredlighet",Brott mot brottsbalken,"Brott mot brottsbalken, 8-12 kap. Brott mot förmögenhet","Brott mot brottsbalken, 8-12 kap. Brott mot förmögenhet, 9 kap. Bedrägeri och annan oredlighet","Brott mot brottsbalken, 8-12 kap. Brott mot förmögenhet, 9 kap. Bedrägeri och annan oredlighet, Bedrägeri inkl. grovt, bedrägligt beteende (1-3 §), Fakturabedrägeri (fr. o. m. 2019)",,False
14039,"Brott mot brottsbalken, 8-12 kap. Brott mot förmögenhet, 9 kap. Bedrägeri och annan oredlighet, Bedrägeri inkl. grovt, bedrägligt beteende (1-3 §), Fakturabedrägeri (fr. o. m. 2019), Med kontakt",4,11096.0,"Brott mot brottsbalken, 8-12 kap. Brott mot förmögenhet, 9 kap. Bedrägeri och annan oredlighet",Brott mot brottsbalken,"Brott mot brottsbalken, 8-12 kap. Brott mot förmögenhet","Brott mot brottsbalken, 8-12 kap. Brott mot förmögenhet, 9 kap. Bedrägeri och annan oredlighet","Brott mot brottsbalken, 8-12 kap. Brott mot förmögenhet, 9 kap. Bedrägeri och annan oredlighet, Bedrägeri inkl. grovt, bedrägligt beteende (1-3 §), Fakturabedrägeri (fr. o. m. 2019), Med kontakt",,False
14062,"Brott mot brottsbalken, 8-12 kap. Brott mot förmögenhet, 9 kap. Bedrägeri och annan oredlighet, Bedrägeri inkl. grovt, bedrägligt beteende (1-3 §), Fakturabedrägeri (fr. o. m. 2019), Med kontakt, Ej internationell anknytning",4,11096.0,"Brott mot brottsbalken, 8-12 kap. Brott mot förmögenhet, 9 kap. Bedrägeri och annan oredlighet",Brott mot brottsbalken,"Brott mot brottsbalken, 8-12 kap. Brott mot förmögenhet","Brott mot brottsbalken, 8-12 kap. Brott mot förmögenhet, 9 kap. Bedrägeri och annan oredlighet","Brott mot brottsbalken, 8-12 kap. Brott mot förmögenhet, 9 kap. Bedrägeri och annan oredlighet, Bedrägeri inkl. grovt, bedrägligt beteende (1-3 §), Fakturabedrägeri (fr. o. m. 2019), Med kontakt, Ej internationell anknytning",,False
14108,"Brott mot brottsbalken, 8-12 kap. Brott mot förmögenhet, 9 kap. Bedrägeri och annan oredlighet, Bedrägeri inkl. grovt, bedrägligt beteende (1-3 §), Fakturabedrägeri (fr. o. m. 2019), Med kontakt, Ej internationell anknytning, Ej mot äldre/funktionsnedsatt",4,11096.0,"Brott mot brottsbalken, 8-12 kap. Brott mot förmögenhet, 9 kap. Bedrägeri och annan oredlighet",Brott mot brottsbalken,"Brott mot brottsbalken, 8-12 kap. Brott mot förmögenhet","Brott mot brottsbalken, 8-12 kap. Brott mot förmögenhet, 9 kap. Bedrägeri och annan oredlighet","Brott mot brottsbalken, 8-12 kap. Brott mot förmögenhet, 9 kap. Bedrägeri och annan oredlighet, Bedrägeri inkl. grovt, bedrägligt beteende (1-3 §), Fakturabedrägeri (fr. o. m. 2019), Med kontakt, Ej internationell anknytning, Ej mot äldre/funktionsnedsatt",,False
14084,"Brott mot brottsbalken, 8-12 kap. Brott mot förmögenhet, 9 kap. Bedrägeri och annan oredlighet, Bedrägeri inkl. grovt, bedrägligt beteende (1-3 §), Fakturabedrägeri (fr. o. m. 2019), Med kontakt, Ej internationell anknytning, Mot äldre/funktionsnedsatt",4,11096.0,"Brott mot brottsbalken, 8-12 kap. Brott mot förmögenhet, 9 kap. Bedrägeri och annan oredlighet",Brott mot brottsbalken,"Brott mot brottsbalken, 8-12 kap. Brott mot förmögenhet","Brott mot brottsbalken, 8-12 kap. Brott mot förmögenhet, 9 kap. Bedrägeri och annan oredlighet","Brott mot brottsbalken, 8-12 kap. Brott mot förmögenhet, 9 kap. Bedrägeri och annan oredlighet, Bedrägeri inkl. grovt, bedrägligt beteende (1-3 §), Fakturabedrägeri (fr. o. m. 2019), Med kontakt, Ej internationell anknytning, Mot äldre/funktionsnedsatt",,False
14046,"Brott mot brottsbalken, 8-12 kap. Brott mot förmögenhet, 9 kap. Bedrägeri och annan oredlighet, Bedrägeri inkl. grovt, bedrägligt beteende (1-3 §), Fakturabedrägeri (fr. o. m. 2019), Med kontakt, Internationell anknytning",4,11096.0,"Brott mot brottsbalken, 8-12 kap. Brott mot förmögenhet, 9 kap. Bedrägeri och annan oredlighet",Brott mot brottsbalken,"Brott mot brottsbalken, 8-12 kap. Brott mot förmögenhet","Brott mot brottsbalken, 8-12 kap. Brott mot förmögenhet, 9 kap. Bedrägeri och annan oredlighet","Brott mot brottsbalken, 8-12 kap. Brott mot förmögenhet, 9 kap. Bedrägeri och annan oredlighet, Bedrägeri inkl. grovt, bedrägligt beteende (1-3 §), Fakturabedrägeri (fr. o. m. 2019), Med kontakt, Internationell anknytning",,False
14107,"Brott mot brottsbalken, 8-12 kap. Brott mot förmögenhet, 9 kap. Bedrägeri och annan oredlighet, Bedrägeri inkl. grovt, bedrägligt beteende (1-3 §), Fakturabedrägeri (fr. o. m. 2019), Med kontakt, Internationell anknytning, Ej mot äldre/funktionsnedsatt",4,11096.0,"Brott mot brottsbalken, 8-12 kap. Brott mot förmögenhet, 9 kap. Bedrägeri och annan oredlighet",Brott mot brottsbalken,"Brott mot brottsbalken, 8-12 kap. Brott mot förmögenhet","Brott mot brottsbalken, 8-12 kap. Brott mot förmögenhet, 9 kap. Bedrägeri och annan oredlighet","Brott mot brottsbalken, 8-12 kap. Brott mot förmögenhet, 9 kap. Bedrägeri och annan oredlighet, Bedrägeri inkl. grovt, bedrägligt beteende (1-3 §), Fakturabedrägeri (fr. o. m. 2019), Med kontakt, Internationell anknytning, Ej mot äldre/funktionsnedsatt",,False
14083,"Brott mot brottsbalken, 8-12 kap. Brott mot förmögenhet, 9 kap. Bedrägeri och annan oredlighet, Bedrägeri inkl. grovt, bedrägligt beteende (1-3 §), Fakturabedrägeri (fr. o. m. 2019), Med kontakt, Internationell anknytning, Mot äldre/funktionsnedsatt",4,11096.0,"Brott mot brottsbalken, 8-12 kap. Brott mot förmögenhet, 9 kap. Bedrägeri och annan oredlighet",Brott mot brottsbalken,"Brott mot brottsbalken, 8-12 kap. Brott mot förmögenhet","Brott mot brottsbalken, 8-12 kap. Brott mot förmögenhet, 9 kap. Bedrägeri och annan oredlighet","Brott mot brottsbalken, 8-12 kap. Brott mot förmögenhet, 9 kap. Bedrägeri och annan oredlighet, Bedrägeri inkl. grovt, bedrägligt beteende (1-3 §), Fakturabedrägeri (fr. o. m. 2019), Med kontakt, Internationell anknytning, Mot äldre/funktionsnedsatt",,False
14045,"Brott mot brottsbalken, 8-12 kap. Brott mot förmögenhet, 9 kap. Bedrägeri och annan oredlighet, Bedrägeri inkl. grovt, bedrägligt beteende (1-3 §), Fakturabedrägeri (fr. o. m. 2019), Utan kontakt",4,11096.0,"Brott mot brottsbalken, 8-12 kap. Brott mot förmögenhet, 9 kap. Bedrägeri och annan oredlighet",Brott mot brottsbalken,"Brott mot brottsbalken, 8-12 kap. Brott mot förmögenhet","Brott mot brottsbalken, 8-12 kap. Brott mot förmögenhet, 9 kap. Bedrägeri och annan oredlighet","Brott mot brottsbalken, 8-12 kap. Brott mot förmögenhet, 9 kap. Bedrägeri och annan oredlighet, Bedrägeri inkl. grovt, bedrägligt beteende (1-3 §), Fakturabedrägeri (fr. o. m. 2019), Utan kontakt",,False
14063,"Brott mot brottsbalken, 8-12 kap. Brott mot förmögenhet, 9 kap. Bedrägeri och annan oredlighet, Bedrägeri inkl. grovt, bedrägligt beteende (1-3 §), Fakturabedrägeri (fr. o. m. 2019), Utan kontakt, Ej internationell anknytning",4,11096.0,"Brott mot brottsbalken, 8-12 kap. Brott mot förmögenhet, 9 kap. Bedrägeri och annan oredlighet",Brott mot brottsbalken,"Brott mot brottsbalken, 8-12 kap. Brott mot förmögenhet","Brott mot brottsbalken, 8-12 kap. Brott mot förmögenhet, 9 kap. Bedrägeri och annan oredlighet","Brott mot brottsbalken, 8-12 kap. Brott mot förmögenhet, 9 kap. Bedrägeri och annan oredlighet, Bedrägeri inkl. grovt, bedrägligt beteende (1-3 §), Fakturabedrägeri (fr. o. m. 2019), Utan kontakt, Ej internationell anknytning",,False
14110,"Brott mot brottsbalken, 8-12 kap. Brott mot förmögenhet, 9 kap. Bedrägeri och annan oredlighet, Bedrägeri inkl. grovt, bedrägligt beteende (1-3 §), Fakturabedrägeri (fr. o. m. 2019), Utan kontakt, Ej internationell anknytning, Ej mot äldre/funktionsnedsatt",4,11096.0,"Brott mot brottsbalken, 8-12 kap. Brott mot förmögenhet, 9 kap. Bedrägeri och annan oredlighet",Brott mot brottsbalken,"Brott mot brottsbalken, 8-12 kap. Brott mot förmögenhet","Brott mot brottsbalken, 8-12 kap. Brott mot förmögenhet, 9 kap. Bedrägeri och annan oredlighet","Brott mot brottsbalken, 8-12 kap. Brott mot förmögenhet, 9 kap. Bedrägeri och annan oredlighet, Bedrägeri inkl. grovt, bedrägligt beteende (1-3 §), Fakturabedrägeri (fr. o. m. 2019), Utan kontakt, Ej internationell anknytning, Ej mot äldre/funktionsnedsatt",,False
14086,"Brott mot brottsbalken, 8-12 kap. Brott mot förmögenhet, 9 kap. Bedrägeri och annan oredlighet, Bedrägeri inkl. grovt, bedrägligt beteende (1-3 §), Fakturabedrägeri (fr. o. m. 2019), Utan kontakt, Ej internationell anknytning, Mot äldre/funktionsnedsatt",4,11096.0,"Brott mot brottsbalken, 8-12 kap. Brott mot förmögenhet, 9 kap. Bedrägeri och annan oredlighet",Brott mot brottsbalken,"Brott mot brottsbalken, 8-12 kap. Brott mot förmögenhet","Brott mot brottsbalken, 8-12 kap. Brott mot förmögenhet, 9 kap. Bedrägeri och annan oredlighet","Brott mot brottsbalken, 8-12 kap. Brott mot förmögenhet, 9 kap. Bedrägeri och annan oredlighet, Bedrägeri inkl. grovt, bedrägligt beteende (1-3 §), Fakturabedrägeri (fr. o. m. 2019), Utan kontakt, Ej internationell anknytning, Mot äldre/funktionsnedsatt",,False
14047,"Brott mot brottsbalken, 8-12 kap. Brott mot förmögenhet, 9 kap. Bedrägeri och annan oredlighet, Bedrägeri inkl. grovt, bedrägligt beteende (1-3 §), Fakturabedrägeri (fr. o. m. 2019), Utan kontakt, Internationell anknytning",4,11096.0,"Brott mot brottsbalken, 8-12 kap. Brott mot förmögenhet, 9 kap. Bedrägeri och annan oredlighet",Brott mot brottsbalken,"Brott mot brottsbalken, 8-12 kap. Brott mot förmögenhet","Brott mot brottsbalken, 8-12 kap. Brott mot förmögenhet, 9 kap. Bedrägeri och annan oredlighet","Brott mot brottsbalken, 8-12 kap. Brott mot förmögenhet, 9 kap. Bedrägeri och annan oredlighet, Bedrägeri inkl. grovt, bedrägligt beteende (1-3 §), Fakturabedrägeri (fr. o. m. 2019), Utan kontakt, Internationell anknytning",,False
14109,"Brott mot brottsbalken, 8-12 kap. Brott mot förmögenhet, 9 kap. Bedrägeri och annan oredlighet, Bedrägeri inkl. grovt, bedrägligt beteende (1-3 §), Fakturabedrägeri (fr. o. m. 2019), Utan kontakt, Internationell anknytning, Ej mot äldre/funktionsnedsatt",4,11096.0,"Brott mot brottsbalken, 8-12 kap. Brott mot förmögenhet, 9 kap. Bedrägeri och annan oredlighet",Brott mot brottsbalken,"Brott mot brottsbalken, 8-12 kap. Brott mot förmögenhet","Brott mot brottsbalken, 8-12 kap. Brott mot förmögenhet, 9 kap. Bedrägeri och annan oredlighet","Brott mot brottsbalken, 8-12 kap. Brott mot förmögenhet, 9 kap. Bedrägeri och annan oredlighet, Bedrägeri inkl. grovt, bedrägligt beteende (1-3 §), Fakturabedrägeri (fr. o. m. 2019), Utan kontakt, Internationell anknytning, Ej mot äldre/funktionsnedsatt",,False
14085,"Brott mot brottsbalken, 8-12 kap. Brott mot förmögenhet, 9 kap. Bedrägeri och annan oredlighet, Bedrägeri inkl. grovt, bedrägligt beteende (1-3 §), Fakturabedrägeri (fr. o. m. 2019), Utan kontakt, Internationell anknytning, Mot äldre/funktionsnedsatt",4,11096.0,"Brott mot brottsbalken, 8-12 kap. Brott mot förmögenhet, 9 kap. Bedrägeri och annan oredlighet",Brott mot brottsbalken,"Brott mot brottsbalken, 8-12 kap. Brott mot förmögenhet","Brott mot brottsbalken, 8-12 kap. Brott mot förmögenhet, 9 kap. Bedrägeri och annan oredlighet","Brott mot brottsbalken, 8-12 kap. Brott mot förmögenhet, 9 kap. Bedrägeri och annan oredlighet, Bedrägeri inkl. grovt, bedrägligt beteende (1-3 §), Fakturabedrägeri (fr. o. m. 2019), Utan kontakt, Internationell anknytning, Mot äldre/funktionsnedsatt",,False
14030,"Brott mot brottsbalken, 8-12 kap. Brott mot förmögenhet, 9 kap. Bedrägeri och annan oredlighet, Bedrägeri inkl. grovt, bedrägligt beteende (1-3 §), Försäkringsbedrägeri (fr. o. m. 2019)",4,11096.0,"Brott mot brottsbalken, 8-12 kap. Brott mot förmögenhet, 9 kap. Bedrägeri och annan oredlighet",Brott mot brottsbalken,"Brott mot brottsbalken, 8-12 kap. Brott mot förmögenhet","Brott mot brottsbalken, 8-12 kap. Brott mot förmögenhet, 9 kap. Bedrägeri och annan oredlighet","Brott mot brottsbalken, 8-12 kap. Brott mot förmögenhet, 9 kap. Bedrägeri och annan oredlighet, Bedrägeri inkl. grovt, bedrägligt beteende (1-3 §), Försäkringsbedrägeri (fr. o. m. 2019)",,False
14032,"Brott mot brottsbalken, 8-12 kap. Brott mot förmögenhet, 9 kap. Bedrägeri och annan oredlighet, Bedrägeri inkl. grovt, bedrägligt beteende (1-3 §), Grovt fordringsbedrägeri (fr. o. m. 2019)",4,11096.0,"Brott mot brottsbalken, 8-12 kap. Brott mot förmögenhet, 9 kap. Bedrägeri och annan oredlighet",Brott mot brottsbalken,"Brott mot brottsbalken, 8-12 kap. Brott mot förmögenhet","Brott mot brottsbalken, 8-12 kap. Brott mot förmögenhet, 9 kap. Bedrägeri och annan oredlighet","Brott mot brottsbalken, 8-12 kap. Brott mot förmögenhet, 9 kap. Bedrägeri och annan oredlighet, Bedrägeri inkl. grovt, bedrägligt beteende (1-3 §), Grovt fordringsbedrägeri (fr. o. m. 2019)",,False
14067,"Brott mot brottsbalken, 8-12 kap. Brott mot förmögenhet, 9 kap. Bedrägeri och annan oredlighet, Bedrägeri inkl. grovt, bedrägligt beteende (1-3 §), Grovt fordringsbedrägeri (fr. o. m. 2019), Ej internationell anknytning",4,11096.0,"Brott mot brottsbalken, 8-12 kap. Brott mot förmögenhet, 9 kap. Bedrägeri och annan oredlighet",Brott mot brottsbalken,"Brott mot brottsbalken, 8-12 kap. Brott mot förmögenhet","Brott mot brottsbalken, 8-12 kap. Brott mot förmögenhet, 9 kap. Bedrägeri och annan oredlighet","Brott mot brottsbalken, 8-12 kap. Brott mot förmögenhet, 9 kap. Bedrägeri och annan oredlighet, Bedrägeri inkl. grovt, bedrägligt beteende (1-3 §), Grovt fordringsbedrägeri (fr. o. m. 2019), Ej internationell anknytning",,False
14053,"Brott mot brottsbalken, 8-12 kap. Brott mot förmögenhet, 9 kap. Bedrägeri och annan oredlighet, Bedrägeri inkl. grovt, bedrägligt beteende (1-3 §), Grovt fordringsbedrägeri (fr. o. m. 2019), Internationell anknytning",4,11096.0,"Brott mot brottsbalken, 8-12 kap. Brott mot förmögenhet, 9 kap. Bedrägeri och annan oredlighet",Brott mot brottsbalken,"Brott mot brottsbalken, 8-12 kap. Brott mot förmögenhet","Brott mot brottsbalken, 8-12 kap. Brott mot förmögenhet, 9 kap. Bedrägeri och annan oredlighet","Brott mot brottsbalken, 8-12 kap. Brott mot förmögenhet, 9 kap. Bedrägeri och annan oredlighet, Bedrägeri inkl. grovt, bedrägligt beteende (1-3 §), Grovt fordringsbedrägeri (fr. o. m. 2019), Internationell anknytning",,False
14026,"Brott mot brottsbalken, 8-12 kap. Brott mot förmögenhet, 9 kap. Bedrägeri och annan oredlighet, Bedrägeri inkl. grovt, bedrägligt beteende (1-3 §), Identitetsbedrägeri (fr. o. m. 2019)",4,11096.0,"Brott mot brottsbalken, 8-12 kap. Brott mot förmögenhet, 9 kap. Bedrägeri och annan oredlighet",Brott mot brottsbalken,"Brott mot brottsbalken, 8-12 kap. Brott mot förmögenhet","Brott mot brottsbalken, 8-12 kap. Brott mot förmögenhet, 9 kap. Bedrägeri och annan oredlighet","Brott mot brottsbalken, 8-12 kap. Brott mot förmögenhet, 9 kap. Bedrägeri och annan oredlighet, Bedrägeri inkl. grovt, bedrägligt beteende (1-3 §), Identitetsbedrägeri (fr. o. m. 2019)",,False
14042,"Brott mot brottsbalken, 8-12 kap. Brott mot förmögenhet, 9 kap. Bedrägeri och annan oredlighet, Bedrägeri inkl. grovt, bedrägligt beteende (1-3 §), Identitetsbedrägeri (fr. o. m. 2019), Annan typ",4,11096.0,"Brott mot brottsbalken, 8-12 kap. Brott mot förmögenhet, 9 kap. Bedrägeri och annan oredlighet",Brott mot brottsbalken,"Brott mot brottsbalken, 8-12 kap. Brott mot förmögenhet","Brott mot brottsbalken, 8-12 kap. Brott mot förmögenhet, 9 kap. Bedrägeri och annan oredlighet","Brott mot brottsbalken, 8-12 kap. Brott mot förmögenhet, 9 kap. Bedrägeri och annan oredlighet, Bedrägeri inkl. grovt, bedrägligt beteende (1-3 §), Identitetsbedrägeri (fr. o. m. 2019), Annan typ",,False
14061,"Brott mot brottsbalken, 8-12 kap. Brott mot förmögenhet, 9 kap. Bedrägeri och annan oredlighet, Bedrägeri inkl. grovt, bedrägligt beteende (1-3 §), Identitetsbedrägeri (fr. o. m. 2019), Annan typ, Ej internationell anknytning",4,11096.0,"Brott mot brottsbalken, 8-12 kap. Brott mot förmögenhet, 9 kap. Bedrägeri och annan oredlighet",Brott mot brottsbalken,"Brott mot brottsbalken, 8-12 kap. Brott mot förmögenhet","Brott mot brottsbalken, 8-12 kap. Brott mot förmögenhet, 9 kap. Bedrägeri och annan oredlighet","Brott mot brottsbalken, 8-12 kap. Brott mot förmögenhet, 9 kap. Bedrägeri och annan oredlighet, Bedrägeri inkl. grovt, bedrägligt beteende (1-3 §), Identitetsbedrägeri (fr. o. m. 2019), Annan typ, Ej internationell anknytning",,False
14106,"Brott mot brottsbalken, 8-12 kap. Brott mot förmögenhet, 9 kap. Bedrägeri och annan oredlighet, Bedrägeri inkl. grovt, bedrägligt beteende (1-3 §), Identitetsbedrägeri (fr. o. m. 2019), Annan typ, Ej internationell anknytning, Ej mot äldre/funktionsnedsatt",4,11096.0,"Brott mot brottsbalken, 8-12 kap. Brott mot förmögenhet, 9 kap. Bedrägeri och annan oredlighet",Brott mot brottsbalken,"Brott mot brottsbalken, 8-12 kap. Brott mot förmögenhet","Brott mot brottsbalken, 8-12 kap. Brott mot förmögenhet, 9 kap. Bedrägeri och annan oredlighet","Brott mot brottsbalken, 8-12 kap. Brott mot förmögenhet, 9 kap. Bedrägeri och annan oredlighet, Bedrägeri inkl. grovt, bedrägligt beteende (1-3 §), Identitetsbedrägeri (fr. o. m. 2019), Annan typ, Ej internationell anknytning, Ej mot äldre/funktionsnedsatt",,False
14082,"Brott mot brottsbalken, 8-12 kap. Brott mot förmögenhet, 9 kap. Bedrägeri och annan oredlighet, Bedrägeri inkl. grovt, bedrägligt beteende (1-3 §), Identitetsbedrägeri (fr. o. m. 2019), Annan typ, Ej internationell anknytning, Mot äldre/funktionsnedsatt",4,11096.0,"Brott mot brottsbalken, 8-12 kap. Brott mot förmögenhet, 9 kap. Bedrägeri och annan oredlighet",Brott mot brottsbalken,"Brott mot brottsbalken, 8-12 kap. Brott mot förmögenhet","Brott mot brottsbalken, 8-12 kap. Brott mot förmögenhet, 9 kap. Bedrägeri och annan oredlighet","Brott mot brottsbalken, 8-12 kap. Brott mot förmögenhet, 9 kap. Bedrägeri och annan oredlighet, Bedrägeri inkl. grovt, bedrägligt beteende (1-3 §), Identitetsbedrägeri (fr. o. m. 2019), Annan typ, Ej internationell anknytning, Mot äldre/funktionsnedsatt",,False
14044,"Brott mot brottsbalken, 8-12 kap. Brott mot förmögenhet, 9 kap. Bedrägeri och annan oredlighet, Bedrägeri inkl. grovt, bedrägligt beteende (1-3 §), Identitetsbedrägeri (fr. o. m. 2019), Annan typ, Internationell anknytning",4,11096.0,"Brott mot brottsbalken, 8-12 kap. Brott mot förmögenhet, 9 kap. Bedrägeri och annan oredlighet",Brott mot brottsbalken,"Brott mot brottsbalken, 8-12 kap. Brott mot förmögenhet","Brott mot brottsbalken, 8-12 kap. Brott mot förmögenhet, 9 kap. Bedrägeri och annan oredlighet","Brott mot brottsbalken, 8-12 kap. Brott mot förmögenhet, 9 kap. Bedrägeri och annan oredlighet, Bedrägeri inkl. grovt, bedrägligt beteende (1-3 §), Identitetsbedrägeri (fr. o. m. 2019), Annan typ, Internationell anknytning",,False
14105,"Brott mot brottsbalken, 8-12 kap. Brott mot förmögenhet, 9 kap. Bedrägeri och annan oredlighet, Bedrägeri inkl. grovt, bedrägligt beteende (1-3 §), Identitetsbedrägeri (fr. o. m. 2019), Annan typ, Internationell anknytning, Ej mot äldre/funktionsnedsatt",4,11096.0,"Brott mot brottsbalken, 8-12 kap. Brott mot förmögenhet, 9 kap. Bedrägeri och annan oredlighet",Brott mot brottsbalken,"Brott mot brottsbalken, 8-12 kap. Brott mot förmögenhet","Brott mot brottsbalken, 8-12 kap. Brott mot förmögenhet, 9 kap. Bedrägeri och annan oredlighet","Brott mot brottsbalken, 8-12 kap. Brott mot förmögenhet, 9 kap. Bedrägeri och annan oredlighet, Bedrägeri inkl. grovt, bedrägligt beteende (1-3 §), Identitetsbedrägeri (fr. o. m. 2019), Annan typ, Internationell anknytning, Ej mot äldre/funktionsnedsatt",,False
14081,"Brott mot brottsbalken, 8-12 kap. Brott mot förmögenhet, 9 kap. Bedrägeri och annan oredlighet, Bedrägeri inkl. grovt, bedrägligt beteende (1-3 §), Identitetsbedrägeri (fr. o. m. 2019), Annan typ, Internationell anknytning, Mot äldre/funktionsnedsatt",4,11096.0,"Brott mot brottsbalken, 8-12 kap. Brott mot förmögenhet, 9 kap. Bedrägeri och annan oredlighet",Brott mot brottsbalken,"Brott mot brottsbalken, 8-12 kap. Brott mot förmögenhet","Brott mot brottsbalken, 8-12 kap. Brott mot förmögenhet, 9 kap. Bedrägeri och annan oredlighet","Brott mot brottsbalken, 8-12 kap. Brott mot förmögenhet, 9 kap. Bedrägeri och annan oredlighet, Bedrägeri inkl. grovt, bedrägligt beteende (1-3 §), Identitetsbedrägeri (fr. o. m. 2019), Annan typ, Internationell anknytning, Mot äldre/funktionsnedsatt",,False
14038,"Brott mot brottsbalken, 8-12 kap. Brott mot förmögenhet, 9 kap. Bedrägeri och annan oredlighet, Bedrägeri inkl. grovt, bedrägligt beteende (1-3 §), Identitetsbedrägeri (fr. o. m. 2019), Köp",4,11096.0,"Brott mot brottsbalken, 8-12 kap. Brott mot förmögenhet, 9 kap. Bedrägeri och annan oredlighet",Brott mot brottsbalken,"Brott mot brottsbalken, 8-12 kap. Brott mot förmögenhet","Brott mot brottsbalken, 8-12 kap. Brott mot förmögenhet, 9 kap. Bedrägeri och annan oredlighet","Brott mot brottsbalken, 8-12 kap. Brott mot förmögenhet, 9 kap. Bedrägeri och annan oredlighet, Bedrägeri inkl. grovt, bedrägligt beteende (1-3 §), Identitetsbedrägeri (fr. o. m. 2019), Köp",,False
14059,"Brott mot brottsbalken, 8-12 kap. Brott mot förmögenhet, 9 kap. Bedrägeri och annan oredlighet, Bedrägeri inkl. grovt, bedrägligt beteende (1-3 §), Identitetsbedrägeri (fr. o. m. 2019), Köp, Ej internationell anknytning",4,11096.0,"Brott mot brottsbalken, 8-12 kap. Brott mot förmögenhet, 9 kap. Bedrägeri och annan oredlighet",Brott mot brottsbalken,"Brott mot brottsbalken, 8-12 kap. Brott mot förmögenhet","Brott mot brottsbalken, 8-12 kap. Brott mot förmögenhet, 9 kap. Bedrägeri och annan oredlighet","Brott mot brottsbalken, 8-12 kap. Brott mot förmögenhet, 9 kap. Bedrägeri och annan oredlighet, Bedrägeri inkl. grovt, bedrägligt beteende (1-3 §), Identitetsbedrägeri (fr. o. m. 2019), Köp, Ej internationell anknytning",,False
14102,"Brott mot brottsbalken, 8-12 kap. Brott mot förmögenhet, 9 kap. Bedrägeri och annan oredlighet, Bedrägeri inkl. grovt, bedrägligt beteende (1-3 §), Identitetsbedrägeri (fr. o. m. 2019), Köp, Ej internationell anknytning, Ej mot äldre/funktionsnedsatt",4,11096.0,"Brott mot brottsbalken, 8-12 kap. Brott mot förmögenhet, 9 kap. Bedrägeri och annan oredlighet",Brott mot brottsbalken,"Brott mot brottsbalken, 8-12 kap. Brott mot förmögenhet","Brott mot brottsbalken, 8-12 kap. Brott mot förmögenhet, 9 kap. Bedrägeri och annan oredlighet","Brott mot brottsbalken, 8-12 kap. Brott mot förmögenhet, 9 kap. Bedrägeri och annan oredlighet, Bedrägeri inkl. grovt, bedrägligt beteende (1-3 §), Identitetsbedrägeri (fr. o. m. 2019), Köp, Ej internationell anknytning, Ej mot äldre/funktionsnedsatt",,False
14078,"Brott mot brottsbalken, 8-12 kap. Brott mot förmögenhet, 9 kap. Bedrägeri och annan oredlighet, Bedrägeri inkl. grovt, bedrägligt beteende (1-3 §), Identitetsbedrägeri (fr. o. m. 2019), Köp, Ej internationell anknytning, Mot äldre/funktionsnedsatt",4,11096.0,"Brott mot brottsbalken, 8-12 kap. Brott mot förmögenhet, 9 kap. Bedrägeri och annan oredlighet",Brott mot brottsbalken,"Brott mot brottsbalken, 8-12 kap. Brott mot förmögenhet","Brott mot brottsbalken, 8-12 kap. Brott mot förmögenhet, 9 kap. Bedrägeri och annan oredlighet","Brott mot brottsbalken, 8-12 kap. Brott mot förmögenhet, 9 kap. Bedrägeri och annan oredlighet, Bedrägeri inkl. grovt, bedrägligt beteende (1-3 §), Identitetsbedrägeri (fr. o. m. 2019), Köp, Ej internationell anknytning, Mot äldre/funktionsnedsatt",,False
14041,"Brott mot brottsbalken, 8-12 kap. Brott mot förmögenhet, 9 kap. Bedrägeri och annan oredlighet, Bedrägeri inkl. grovt, bedrägligt beteende (1-3 §), Identitetsbedrägeri (fr. o. m. 2019), Köp, Internationell anknytning",4,11096.0,"Brott mot brottsbalken, 8-12 kap. Brott mot förmögenhet, 9 kap. Bedrägeri och annan oredlighet",Brott mot brottsbalken,"Brott mot brottsbalken, 8-12 kap. Brott mot förmögenhet","Brott mot brottsbalken, 8-12 kap. Brott mot förmögenhet, 9 kap. Bedrägeri och annan oredlighet","Brott mot brottsbalken, 8-12 kap. Brott mot förmögenhet, 9 kap. Bedrägeri och annan oredlighet, Bedrägeri inkl. grovt, bedrägligt beteende (1-3 §), Identitetsbedrägeri (fr. o. m. 2019), Köp, Internationell anknytning",,False
14101,"Brott mot brottsbalken, 8-12 kap. Brott mot förmögenhet, 9 kap. Bedrägeri och annan oredlighet, Bedrägeri inkl. grovt, bedrägligt beteende (1-3 §), Identitetsbedrägeri (fr. o. m. 2019), Köp, Internationell anknytning, Ej mot äldre/funktionsnedsatt",4,11096.0,"Brott mot brottsbalken, 8-12 kap. Brott mot förmögenhet, 9 kap. Bedrägeri och annan oredlighet",Brott mot brottsbalken,"Brott mot brottsbalken, 8-12 kap. Brott mot förmögenhet","Brott mot brottsbalken, 8-12 kap. Brott mot förmögenhet, 9 kap. Bedrägeri och annan oredlighet","Brott mot brottsbalken, 8-12 kap. Brott mot förmögenhet, 9 kap. Bedrägeri och annan oredlighet, Bedrägeri inkl. grovt, bedrägligt beteende (1-3 §), Identitetsbedrägeri (fr. o. m. 2019), Köp, Internationell anknytning, Ej mot äldre/funktionsnedsatt",,False
14077,"Brott mot brottsbalken, 8-12 kap. Brott mot förmögenhet, 9 kap. Bedrägeri och annan oredlighet, Bedrägeri inkl. grovt, bedrägligt beteende (1-3 §), Identitetsbedrägeri (fr. o. m. 2019), Köp, Internationell anknytning, Mot äldre/funktionsnedsatt",4,11096.0,"Brott mot brottsbalken, 8-12 kap. Brott mot förmögenhet, 9 kap. Bedrägeri och annan oredlighet",Brott mot brottsbalken,"Brott mot brottsbalken, 8-12 kap. Brott mot förmögenhet","Brott mot brottsbalken, 8-12 kap. Brott mot förmögenhet, 9 kap. Bedrägeri och annan oredlighet","Brott mot brottsbalken, 8-12 kap. Brott mot förmögenhet, 9 kap. Bedrägeri och annan oredlighet, Bedrägeri inkl. grovt, bedrägligt beteende (1-3 §), Identitetsbedrägeri (fr. o. m. 2019), Köp, Internationell anknytning, Mot äldre/funktionsnedsatt",,False
14040,"Brott mot brottsbalken, 8-12 kap. Brott mot förmögenhet, 9 kap. Bedrägeri och annan oredlighet, Bedrägeri inkl. grovt, bedrägligt beteende (1-3 §), Identitetsbedrägeri (fr. o. m. 2019), Lån",4,11096.0,"Brott mot brottsbalken, 8-12 kap. Brott mot förmögenhet, 9 kap. Bedrägeri och annan oredlighet",Brott mot brottsbalken,"Brott mot brottsbalken, 8-12 kap. Brott mot förmögenhet","Brott mot brottsbalken, 8-12 kap. Brott mot förmögenhet, 9 kap. Bedrägeri och annan oredlighet","Brott mot brottsbalken, 8-12 kap. Brott mot förmögenhet, 9 kap. Bedrägeri och annan oredlighet, Bedrägeri inkl. grovt, bedrägligt beteende (1-3 §), Identitetsbedrägeri (fr. o. m. 2019), Lån",,False
14060,"Brott mot brottsbalken, 8-12 kap. Brott mot förmögenhet, 9 kap. Bedrägeri och annan oredlighet, Bedrägeri inkl. grovt, bedrägligt beteende (1-3 §), Identitetsbedrägeri (fr. o. m. 2019), Lån, Ej internationell anknytning",4,11096.0,"Brott mot brottsbalken, 8-12 kap. Brott mot förmögenhet, 9 kap. Bedrägeri och annan oredlighet",Brott mot brottsbalken,"Brott mot brottsbalken, 8-12 kap. Brott mot förmögenhet","Brott mot brottsbalken, 8-12 kap. Brott mot förmögenhet, 9 kap. Bedrägeri och annan oredlighet","Brott mot brottsbalken, 8-12 kap. Brott mot förmögenhet, 9 kap. Bedrägeri och annan oredlighet, Bedrägeri inkl. grovt, bedrägligt beteende (1-3 §), Identitetsbedrägeri (fr. o. m. 2019), Lån, Ej internationell anknytning",,False
14104,"Brott mot brottsbalken, 8-12 kap. Brott mot förmögenhet, 9 kap. Bedrägeri och annan oredlighet, Bedrägeri inkl. grovt, bedrägligt beteende (1-3 §), Identitetsbedrägeri (fr. o. m. 2019), Lån, Ej internationell anknytning, Ej mot äldre/funktionsnedsatt",4,11096.0,"Brott mot brottsbalken, 8-12 kap. Brott mot förmögenhet, 9 kap. Bedrägeri och annan oredlighet",Brott mot brottsbalken,"Brott mot brottsbalken, 8-12 kap. Brott mot förmögenhet","Brott mot brottsbalken, 8-12 kap. Brott mot förmögenhet, 9 kap. Bedrägeri och annan oredlighet","Brott mot brottsbalken, 8-12 kap. Brott mot förmögenhet, 9 kap. Bedrägeri och annan oredlighet, Bedrägeri inkl. grovt, bedrägligt beteende (1-3 §), Identitetsbedrägeri (fr. o. m. 2019), Lån, Ej internationell anknytning, Ej mot äldre/funktionsnedsatt",,False
14080,"Brott mot brottsbalken, 8-12 kap. Brott mot förmögenhet, 9 kap. Bedrägeri och annan oredlighet, Bedrägeri inkl. grovt, bedrägligt beteende (1-3 §), Identitetsbedrägeri (fr. o. m. 2019), Lån, Ej internationell anknytning, Mot äldre/funktionsnedsatt",4,11096.0,"Brott mot brottsbalken, 8-12 kap. Brott mot förmögenhet, 9 kap. Bedrägeri och annan oredlighet",Brott mot brottsbalken,"Brott mot brottsbalken, 8-12 kap. Brott mot förmögenhet","Brott mot brottsbalken, 8-12 kap. Brott mot förmögenhet, 9 kap. Bedrägeri och annan oredlighet","Brott mot brottsbalken, 8-12 kap. Brott mot förmögenhet, 9 kap. Bedrägeri och annan oredlighet, Bedrägeri inkl. grovt, bedrägligt beteende (1-3 §), Identitetsbedrägeri (fr. o. m. 2019), Lån, Ej internationell anknytning, Mot äldre/funktionsnedsatt",,False
14043,"Brott mot brottsbalken, 8-12 kap. Brott mot förmögenhet, 9 kap. Bedrägeri och annan oredlighet, Bedrägeri inkl. grovt, bedrägligt beteende (1-3 §), Identitetsbedrägeri (fr. o. m. 2019), Lån, Internationell anknytning",4,11096.0,"Brott mot brottsbalken, 8-12 kap. Brott mot förmögenhet, 9 kap. Bedrägeri och annan oredlighet",Brott mot brottsbalken,"Brott mot brottsbalken, 8-12 kap. Brott mot förmögenhet","Brott mot brottsbalken, 8-12 kap. Brott mot förmögenhet, 9 kap. Bedrägeri och annan oredlighet","Brott mot brottsbalken, 8-12 kap. Brott mot förmögenhet, 9 kap. Bedrägeri och annan oredlighet, Bedrägeri inkl. grovt, bedrägligt beteende (1-3 §), Identitetsbedrägeri (fr. o. m. 2019), Lån, Internationell anknytning",,False
14103,"Brott mot brottsbalken, 8-12 kap. Brott mot förmögenhet, 9 kap. Bedrägeri och annan oredlighet, Bedrägeri inkl. grovt, bedrägligt beteende (1-3 §), Identitetsbedrägeri (fr. o. m. 2019), Lån, Internationell anknytning, Ej mot äldre/funktionsnedsatt",4,11096.0,"Brott mot brottsbalken, 8-12 kap. Brott mot förmögenhet, 9 kap. Bedrägeri och annan oredlighet",Brott mot brottsbalken,"Brott mot brottsbalken, 8-12 kap. Brott mot förmögenhet","Brott mot brottsbalken, 8-12 kap. Brott mot förmögenhet, 9 kap. Bedrägeri och annan oredlighet","Brott mot brottsbalken, 8-12 kap. Brott mot förmögenhet, 9 kap. Bedrägeri och annan oredlighet, Bedrägeri inkl. grovt, bedrägligt beteende (1-3 §), Identitetsbedrägeri (fr. o. m. 2019), Lån, Internationell anknytning, Ej mot äldre/funktionsnedsatt",,False
14079,"Brott mot brottsbalken, 8-12 kap. Brott mot förmögenhet, 9 kap. Bedrägeri och annan oredlighet, Bedrägeri inkl. grovt, bedrägligt beteende (1-3 §), Identitetsbedrägeri (fr. o. m. 2019), Lån, Internationell anknytning, Mot äldre/funktionsnedsatt",4,11096.0,"Brott mot brottsbalken, 8-12 kap. Brott mot förmögenhet, 9 kap. Bedrägeri och annan oredlighet",Brott mot brottsbalken,"Brott mot brottsbalken, 8-12 kap. Brott mot förmögenhet","Brott mot brottsbalken, 8-12 kap. Brott mot förmögenhet, 9 kap. Bedrägeri och annan oredlighet","Brott mot brottsbalken, 8-12 kap. Brott mot förmögenhet, 9 kap. Bedrägeri och annan oredlighet, Bedrägeri inkl. grovt, bedrägligt beteende (1-3 §), Identitetsbedrägeri (fr. o. m. 2019), Lån, Internationell anknytning, Mot äldre/funktionsnedsatt",,False
11568,"Brott mot brottsbalken, 8-12 kap. Brott mot förmögenhet, 9 kap. Bedrägeri och annan oredlighet, Bedrägeri inkl. grovt, bedrägligt beteende (1-3 §), Investeringsbedrägeri (t.o.m. 2018)",4,11096.0,"Brott mot brottsbalken, 8-12 kap. Brott mot förmögenhet, 9 kap. Bedrägeri och annan oredlighet",Brott mot brottsbalken,"Brott mot brottsbalken, 8-12 kap. Brott mot förmögenhet","Brott mot brottsbalken, 8-12 kap. Brott mot förmögenhet, 9 kap. Bedrägeri och annan oredlighet","Brott mot brottsbalken, 8-12 kap. Brott mot förmögenhet, 9 kap. Bedrägeri och annan oredlighet, Bedrägeri inkl. grovt, bedrägligt beteende (1-3 §), Investeringsbedrägeri (t.o.m. 2018)",,False
14028,"Brott mot brottsbalken, 8-12 kap. Brott mot förmögenhet, 9 kap. Bedrägeri och annan oredlighet, Bedrägeri inkl. grovt, bedrägligt beteende (1-3 §), Kortbedrägeri (fr. o. m. 2019)",4,11096.0,"Brott mot brottsbalken, 8-12 kap. Brott mot förmögenhet, 9 kap. Bedrägeri och annan oredlighet",Brott mot brottsbalken,"Brott mot brottsbalken, 8-12 kap. Brott mot förmögenhet","Brott mot brottsbalken, 8-12 kap. Brott mot förmögenhet, 9 kap. Bedrägeri och annan oredlighet","Brott mot brottsbalken, 8-12 kap. Brott mot förmögenhet, 9 kap. Bedrägeri och annan oredlighet, Bedrägeri inkl. grovt, bedrägligt beteende (1-3 §), Kortbedrägeri (fr. o. m. 2019)",,False
14048,"Brott mot brottsbalken, 8-12 kap. Brott mot förmögenhet, 9 kap. Bedrägeri och annan oredlighet, Bedrägeri inkl. grovt, bedrägligt beteende (1-3 §), Kortbedrägeri (fr. o. m. 2019), Med fysiskt kort",4,11096.0,"Brott mot brottsbalken, 8-12 kap. Brott mot förmögenhet, 9 kap. Bedrägeri och annan oredlighet",Brott mot brottsbalken,"Brott mot brottsbalken, 8-12 kap. Brott mot förmögenhet","Brott mot brottsbalken, 8-12 kap. Brott mot förmögenhet, 9 kap. Bedrägeri och annan oredlighet","Brott mot brottsbalken, 8-12 kap. Brott mot förmögenhet, 9 kap. Bedrägeri och annan oredlighet, Bedrägeri inkl. grovt, bedrägligt beteende (1-3 §), Kortbedrägeri (fr. o. m. 2019), Med fysiskt kort",,False
14064,"Brott mot brottsbalken, 8-12 kap. Brott mot förmögenhet, 9 kap. Bedrägeri och annan oredlighet, Bedrägeri inkl. grovt, bedrägligt beteende (1-3 §), Kortbedrägeri (fr. o. m. 2019), Med fysiskt kort, Ej internationell anknytning",4,11096.0,"Brott mot brottsbalken, 8-12 kap. Brott mot förmögenhet, 9 kap. Bedrägeri och annan oredlighet",Brott mot brottsbalken,"Brott mot brottsbalken, 8-12 kap. Brott mot förmögenhet","Brott mot brottsbalken, 8-12 kap. Brott mot förmögenhet, 9 kap. Bedrägeri och annan oredlighet","Brott mot brottsbalken, 8-12 kap. Brott mot förmögenhet, 9 kap. Bedrägeri och annan oredlighet, Bedrägeri inkl. grovt, bedrägligt beteende (1-3 §), Kortbedrägeri (fr. o. m. 2019), Med fysiskt kort, Ej internationell anknytning",,False
14112,"Brott mot brottsbalken, 8-12 kap. Brott mot förmögenhet, 9 kap. Bedrägeri och annan oredlighet, Bedrägeri inkl. grovt, bedrägligt beteende (1-3 §), Kortbedrägeri (fr. o. m. 2019), Med fysiskt kort, Ej internationell anknytning, Ej mot äldre/funktionsnedsatt",4,11096.0,"Brott mot brottsbalken, 8-12 kap. Brott mot förmögenhet, 9 kap. Bedrägeri och annan oredlighet",Brott mot brottsbalken,"Brott mot brottsbalken, 8-12 kap. Brott mot förmögenhet","Brott mot brottsbalken, 8-12 kap. Brott mot förmögenhet, 9 kap. Bedrägeri och annan oredlighet","Brott mot brottsbalken, 8-12 kap. Brott mot förmögenhet, 9 kap. Bedrägeri och annan oredlighet, Bedrägeri inkl. grovt, bedrägligt beteende (1-3 §), Kortbedrägeri (fr. o. m. 2019), Med fysiskt kort, Ej internationell anknytning, Ej mot äldre/funktionsnedsatt",,False
14088,"Brott mot brottsbalken, 8-12 kap. Brott mot förmögenhet, 9 kap. Bedrägeri och annan oredlighet, Bedrägeri inkl. grovt, bedrägligt beteende (1-3 §), Kortbedrägeri (fr. o. m. 2019), Med fysiskt kort, Ej internationell anknytning, Mot äldre/funktionsnedsatt",4,11096.0,"Brott mot brottsbalken, 8-12 kap. Brott mot förmögenhet, 9 kap. Bedrägeri och annan oredlighet",Brott mot brottsbalken,"Brott mot brottsbalken, 8-12 kap. Brott mot förmögenhet","Brott mot brottsbalken, 8-12 kap. Brott mot förmögenhet, 9 kap. Bedrägeri och annan oredlighet","Brott mot brottsbalken, 8-12 kap. Brott mot förmögenhet, 9 kap. Bedrägeri och annan oredlighet, Bedrägeri inkl. grovt, bedrägligt beteende (1-3 §), Kortbedrägeri (fr. o. m. 2019), Med fysiskt kort, Ej internationell anknytning, Mot äldre/funktionsnedsatt",,False
14049,"Brott mot brottsbalken, 8-12 kap. Brott mot förmögenhet, 9 kap. Bedrägeri och annan oredlighet, Bedrägeri inkl. grovt, bedrägligt beteende (1-3 §), Kortbedrägeri (fr. o. m. 2019), Med fysiskt kort, Internationell anknytning",4,11096.0,"Brott mot brottsbalken, 8-12 kap. Brott mot förmögenhet, 9 kap. Bedrägeri och annan oredlighet",Brott mot brottsbalken,"Brott mot brottsbalken, 8-12 kap. Brott mot förmögenhet","Brott mot brottsbalken, 8-12 kap. Brott mot förmögenhet, 9 kap. Bedrägeri och annan oredlighet","Brott mot brottsbalken, 8-12 kap. Brott mot förmögenhet, 9 kap. Bedrägeri och annan oredlighet, Bedrägeri inkl. grovt, bedrägligt beteende (1-3 §), Kortbedrägeri (fr. o. m. 2019), Med fysiskt kort, Internationell anknytning",,False
14111,"Brott mot brottsbalken, 8-12 kap. Brott mot förmögenhet, 9 kap. Bedrägeri och annan oredlighet, Bedrägeri inkl. grovt, bedrägligt beteende (1-3 §), Kortbedrägeri (fr. o. m. 2019), Med fysiskt kort, Internationell anknytning, Ej mot äldre/funktionsnedsatt",4,11096.0,"Brott mot brottsbalken, 8-12 kap. Brott mot förmögenhet, 9 kap. Bedrägeri och annan oredlighet",Brott mot brottsbalken,"Brott mot brottsbalken, 8-12 kap. Brott mot förmögenhet","Brott mot brottsbalken, 8-12 kap. Brott mot förmögenhet, 9 kap. Bedrägeri och annan oredlighet","Brott mot brottsbalken, 8-12 kap. Brott mot förmögenhet, 9 kap. Bedrägeri och annan oredlighet, Bedrägeri inkl. grovt, bedrägligt beteende (1-3 §), Kortbedrägeri (fr. o. m. 2019), Med fysiskt kort, Internationell anknytning, Ej mot äldre/funktionsnedsatt",,False
14087,"Brott mot brottsbalken, 8-12 kap. Brott mot förmögenhet, 9 kap. Bedrägeri och annan oredlighet, Bedrägeri inkl. grovt, bedrägligt beteende (1-3 §), Kortbedrägeri (fr. o. m. 2019), Med fysiskt kort, Internationell anknytning, Mot äldre/funktionsnedsatt",4,11096.0,"Brott mot brottsbalken, 8-12 kap. Brott mot förmögenhet, 9 kap. Bedrägeri och annan oredlighet",Brott mot brottsbalken,"Brott mot brottsbalken, 8-12 kap. Brott mot förmögenhet","Brott mot brottsbalken, 8-12 kap. Brott mot förmögenhet, 9 kap. Bedrägeri och annan oredlighet","Brott mot brottsbalken, 8-12 kap. Brott mot förmögenhet, 9 kap. Bedrägeri och annan oredlighet, Bedrägeri inkl. grovt, bedrägligt beteende (1-3 §), Kortbedrägeri (fr. o. m. 2019), Med fysiskt kort, Internationell anknytning, Mot äldre/funktionsnedsatt",,False
14050,"Brott mot brottsbalken, 8-12 kap. Brott mot förmögenhet, 9 kap. Bedrägeri och annan oredlighet, Bedrägeri inkl. grovt, bedrägligt beteende (1-3 §), Kortbedrägeri (fr. o. m. 2019), Utan fysiskt kort",4,11096.0,"Brott mot brottsbalken, 8-12 kap. Brott mot förmögenhet, 9 kap. Bedrägeri och annan oredlighet",Brott mot brottsbalken,"Brott mot brottsbalken, 8-12 kap. Brott mot förmögenhet","Brott mot brottsbalken, 8-12 kap. Brott mot förmögenhet, 9 kap. Bedrägeri och annan oredlighet","Brott mot brottsbalken, 8-12 kap. Brott mot förmögenhet, 9 kap. Bedrägeri och annan oredlighet, Bedrägeri inkl. grovt, bedrägligt beteende (1-3 §), Kortbedrägeri (fr. o. m. 2019), Utan fysiskt kort",,False
14065,"Brott mot brottsbalken, 8-12 kap. Brott mot förmögenhet, 9 kap. Bedrägeri och annan oredlighet, Bedrägeri inkl. grovt, bedrägligt beteende (1-3 §), Kortbedrägeri (fr. o. m. 2019), Utan fysiskt kort, Ej internationell anknytning",4,11096.0,"Brott mot brottsbalken, 8-12 kap. Brott mot förmögenhet, 9 kap. Bedrägeri och annan oredlighet",Brott mot brottsbalken,"Brott mot brottsbalken, 8-12 kap. Brott mot förmögenhet","Brott mot brottsbalken, 8-12 kap. Brott mot förmögenhet, 9 kap. Bedrägeri och annan oredlighet","Brott mot brottsbalken, 8-12 kap. Brott mot förmögenhet, 9 kap. Bedrägeri och annan oredlighet, Bedrägeri inkl. grovt, bedrägligt beteende (1-3 §), Kortbedrägeri (fr. o. m. 2019), Utan fysiskt kort, Ej internationell anknytning",,False
14051,"Brott mot brottsbalken, 8-12 kap. Brott mot förmögenhet, 9 kap. Bedrägeri och annan oredlighet, Bedrägeri inkl. grovt, bedrägligt beteende (1-3 §), Kortbedrägeri (fr. o. m. 2019), Utan fysiskt kort, Internationell anknytning",4,11096.0,"Brott mot brottsbalken, 8-12 kap. Brott mot förmögenhet, 9 kap. Bedrägeri och annan oredlighet",Brott mot brottsbalken,"Brott mot brottsbalken, 8-12 kap. Brott mot förmögenhet","Brott mot brottsbalken, 8-12 kap. Brott mot förmögenhet, 9 kap. Bedrägeri och annan oredlighet","Brott mot brottsbalken, 8-12 kap. Brott mot förmögenhet, 9 kap. Bedrägeri och annan oredlighet, Bedrägeri inkl. grovt, bedrägligt beteende (1-3 §), Kortbedrägeri (fr. o. m. 2019), Utan fysiskt kort, Internationell anknytning",,False
14716,"Brott mot brottsbalken, 8-12 kap. Brott mot förmögenhet, 9 kap. Bedrägeri och annan oredlighet, Bedrägeri inkl. grovt, bedrägligt beteende (1-3 §), Lönegarantibedrägeri",4,11096.0,"Brott mot brottsbalken, 8-12 kap. Brott mot förmögenhet, 9 kap. Bedrägeri och annan oredlighet",Brott mot brottsbalken,"Brott mot brottsbalken, 8-12 kap. Brott mot förmögenhet","Brott mot brottsbalken, 8-12 kap. Brott mot förmögenhet, 9 kap. Bedrägeri och annan oredlighet","Brott mot brottsbalken, 8-12 kap. Brott mot förmögenhet, 9 kap. Bedrägeri och annan oredlighet, Bedrägeri inkl. grovt, bedrägligt beteende (1-3 §), Lönegarantibedrägeri",,False
11567,"Brott mot brottsbalken, 8-12 kap. Brott mot förmögenhet, 9 kap. Bedrägeri och annan oredlighet, Bedrägeri inkl. grovt, bedrägligt beteende (1-3 §), Med hjälp av Internet (t.o.m. 2018)",4,11096.0,"Brott mot brottsbalken, 8-12 kap. Brott mot förmögenhet, 9 kap. Bedrägeri och annan oredlighet",Brott mot brottsbalken,"Brott mot brottsbalken, 8-12 kap. Brott mot förmögenhet","Brott mot brottsbalken, 8-12 kap. Brott mot förmögenhet, 9 kap. Bedrägeri och annan oredlighet","Brott mot brottsbalken, 8-12 kap. Brott mot förmögenhet, 9 kap. Bedrägeri och annan oredlighet, Bedrägeri inkl. grovt, bedrägligt beteende (1-3 §), Med hjälp av Internet (t.o.m. 2018)",,False
11566,"Brott mot brottsbalken, 8-12 kap. Brott mot förmögenhet, 9 kap. Bedrägeri och annan oredlighet, Bedrägeri inkl. grovt, bedrägligt beteende (1-3 §), Med kontokort (inte automatmissbruk) (t.o.m. 2018)",4,11096.0,"Brott mot brottsbalken, 8-12 kap. Brott mot förmögenhet, 9 kap. Bedrägeri och annan oredlighet",Brott mot brottsbalken,"Brott mot brottsbalken, 8-12 kap. Brott mot förmögenhet","Brott mot brottsbalken, 8-12 kap. Brott mot förmögenhet, 9 kap. Bedrägeri och annan oredlighet","Brott mot brottsbalken, 8-12 kap. Brott mot förmögenhet, 9 kap. Bedrägeri och annan oredlighet, Bedrägeri inkl. grovt, bedrägligt beteende (1-3 §), Med kontokort (inte automatmissbruk) (t.o.m. 2018)",,False
11571,"Brott mot brottsbalken, 8-12 kap. Brott mot förmögenhet, 9 kap. Bedrägeri och annan oredlighet, Bedrägeri inkl. grovt, bedrägligt beteende (1-3 §), Mot EU:s finansiella intressen (t.o.m. 2018)",4,11096.0,"Brott mot brottsbalken, 8-12 kap. Brott mot förmögenhet, 9 kap. Bedrägeri och annan oredlighet",Brott mot brottsbalken,"Brott mot brottsbalken, 8-12 kap. Brott mot förmögenhet","Brott mot brottsbalken, 8-12 kap. Brott mot förmögenhet, 9 kap. Bedrägeri och annan oredlighet","Brott mot brottsbalken, 8-12 kap. Brott mot förmögenhet, 9 kap. Bedrägeri och annan oredlighet, Bedrägeri inkl. grovt, bedrägligt beteende (1-3 §), Mot EU:s finansiella intressen (t.o.m. 2018)",,False
13066,"Brott mot brottsbalken, 8-12 kap. Brott mot förmögenhet, 9 kap. Bedrägeri och annan oredlighet, Bedrägeri inkl. grovt, bedrägligt beteende (1-3 §), Mot Försäkringskassan (t.o.m. 2007-07)",4,11096.0,"Brott mot brottsbalken, 8-12 kap. Brott mot förmögenhet, 9 kap. Bedrägeri och annan oredlighet",Brott mot brottsbalken,"Brott mot brottsbalken, 8-12 kap. Brott mot förmögenhet","Brott mot brottsbalken, 8-12 kap. Brott mot förmögenhet, 9 kap. Bedrägeri och annan oredlighet","Brott mot brottsbalken, 8-12 kap. Brott mot förmögenhet, 9 kap. Bedrägeri och annan oredlighet, Bedrägeri inkl. grovt, bedrägligt beteende (1-3 §), Mot Försäkringskassan (t.o.m. 2007-07)",,False
11570,"Brott mot brottsbalken, 8-12 kap. Brott mot förmögenhet, 9 kap. Bedrägeri och annan oredlighet, Bedrägeri inkl. grovt, bedrägligt beteende (1-3 §), Mot försäkringsbolag (t.o.m. 2018)",4,11096.0,"Brott mot brottsbalken, 8-12 kap. Brott mot förmögenhet, 9 kap. Bedrägeri och annan oredlighet",Brott mot brottsbalken,"Brott mot brottsbalken, 8-12 kap. Brott mot förmögenhet","Brott mot brottsbalken, 8-12 kap. Brott mot förmögenhet, 9 kap. Bedrägeri och annan oredlighet","Brott mot brottsbalken, 8-12 kap. Brott mot förmögenhet, 9 kap. Bedrägeri och annan oredlighet, Bedrägeri inkl. grovt, bedrägligt beteende (1-3 §), Mot försäkringsbolag (t.o.m. 2018)",,False
14031,"Brott mot brottsbalken, 8-12 kap. Brott mot förmögenhet, 9 kap. Bedrägeri och annan oredlighet, Bedrägeri inkl. grovt, bedrägligt beteende (1-3 §), Snyltningsbrott (fr. o. m. 2019)",4,11096.0,"Brott mot brottsbalken, 8-12 kap. Brott mot förmögenhet, 9 kap. Bedrägeri och annan oredlighet",Brott mot brottsbalken,"Brott mot brottsbalken, 8-12 kap. Brott mot förmögenhet","Brott mot brottsbalken, 8-12 kap. Brott mot förmögenhet, 9 kap. Bedrägeri och annan oredlighet","Brott mot brottsbalken, 8-12 kap. Brott mot förmögenhet, 9 kap. Bedrägeri och annan oredlighet, Bedrägeri inkl. grovt, bedrägligt beteende (1-3 §), Snyltningsbrott (fr. o. m. 2019)",,False
11569,"Brott mot brottsbalken, 8-12 kap. Brott mot förmögenhet, 9 kap. Bedrägeri och annan oredlighet, Bedrägeri inkl. grovt, bedrägligt beteende (1-3 §), Överskridet eget konto (t.o.m. 2018)",4,11096.0,"Brott mot brottsbalken, 8-12 kap. Brott mot förmögenhet, 9 kap. Bedrägeri och annan oredlighet",Brott mot brottsbalken,"Brott mot brottsbalken, 8-12 kap. Brott mot förmögenhet","Brott mot brottsbalken, 8-12 kap. Brott mot förmögenhet, 9 kap. Bedrägeri och annan oredlighet","Brott mot brottsbalken, 8-12 kap. Brott mot förmögenhet, 9 kap. Bedrägeri och annan oredlighet, Bedrägeri inkl. grovt, bedrägligt beteende (1-3 §), Överskridet eget konto (t.o.m. 2018)",,False
14033,"Brott mot brottsbalken, 8-12 kap. Brott mot förmögenhet, 9 kap. Bedrägeri och annan oredlighet, Bedrägeri inkl. grovt, bedrägligt beteende (1-3 §), Övrigt bedrägeri (fr. o. m. 2019)",4,11096.0,"Brott mot brottsbalken, 8-12 kap. Brott mot förmögenhet, 9 kap. Bedrägeri och annan oredlighet",Brott mot brottsbalken,"Brott mot brottsbalken, 8-12 kap. Brott mot förmögenhet","Brott mot brottsbalken, 8-12 kap. Brott mot förmögenhet, 9 kap. Bedrägeri och annan oredlighet","Brott mot brottsbalken, 8-12 kap. Brott mot förmögenhet, 9 kap. Bedrägeri och annan oredlighet, Bedrägeri inkl. grovt, bedrägligt beteende (1-3 §), Övrigt bedrägeri (fr. o. m. 2019)",,False
14068,"Brott mot brottsbalken, 8-12 kap. Brott mot förmögenhet, 9 kap. Bedrägeri och annan oredlighet, Bedrägeri inkl. grovt, bedrägligt beteende (1-3 §), Övrigt bedrägeri (fr. o. m. 2019), Ej internationell anknytning",4,11096.0,"Brott mot brottsbalken, 8-12 kap. Brott mot förmögenhet, 9 kap. Bedrägeri och annan oredlighet",Brott mot brottsbalken,"Brott mot brottsbalken, 8-12 kap. Brott mot förmögenhet","Brott mot brottsbalken, 8-12 kap. Brott mot förmögenhet, 9 kap. Bedrägeri och annan oredlighet","Brott mot brottsbalken, 8-12 kap. Brott mot förmögenhet, 9 kap. Bedrägeri och annan oredlighet, Bedrägeri inkl. grovt, bedrägligt beteende (1-3 §), Övrigt bedrägeri (fr. o. m. 2019), Ej internationell anknytning",,False
14116,"Brott mot brottsbalken, 8-12 kap. Brott mot förmögenhet, 9 kap. Bedrägeri och annan oredlighet, Bedrägeri inkl. grovt, bedrägligt beteende (1-3 §), Övrigt bedrägeri (fr. o. m. 2019), Ej internationell anknytning, Ej mot äldre/funktionsnedsatt",4,11096.0,"Brott mot brottsbalken, 8-12 kap. Brott mot förmögenhet, 9 kap. Bedrägeri och annan oredlighet",Brott mot brottsbalken,"Brott mot brottsbalken, 8-12 kap. Brott mot förmögenhet","Brott mot brottsbalken, 8-12 kap. Brott mot förmögenhet, 9 kap. Bedrägeri och annan oredlighet","Brott mot brottsbalken, 8-12 kap. Brott mot förmögenhet, 9 kap. Bedrägeri och annan oredlighet, Bedrägeri inkl. grovt, bedrägligt beteende (1-3 §), Övrigt bedrägeri (fr. o. m. 2019), Ej internationell anknytning, Ej mot äldre/funktionsnedsatt",,False
14092,"Brott mot brottsbalken, 8-12 kap. Brott mot förmögenhet, 9 kap. Bedrägeri och annan oredlighet, Bedrägeri inkl. grovt, bedrägligt beteende (1-3 §), Övrigt bedrägeri (fr. o. m. 2019), Ej internationell anknytning, Mot äldre/funktionsnedsatt",4,11096.0,"Brott mot brottsbalken, 8-12 kap. Brott mot förmögenhet, 9 kap. Bedrägeri och annan oredlighet",Brott mot brottsbalken,"Brott mot brottsbalken, 8-12 kap. Brott mot förmögenhet","Brott mot brottsbalken, 8-12 kap. Brott mot förmögenhet, 9 kap. Bedrägeri och annan oredlighet","Brott mot brottsbalken, 8-12 kap. Brott mot förmögenhet, 9 kap. Bedrägeri och annan oredlighet, Bedrägeri inkl. grovt, bedrägligt beteende (1-3 §), Övrigt bedrägeri (fr. o. m. 2019), Ej internationell anknytning, Mot äldre/funktionsnedsatt",,False
14054,"Brott mot brottsbalken, 8-12 kap. Brott mot förmögenhet, 9 kap. Bedrägeri och annan oredlighet, Bedrägeri inkl. grovt, bedrägligt beteende (1-3 §), Övrigt bedrägeri (fr. o. m. 2019), Internationell anknytning",4,11096.0,"Brott mot brottsbalken, 8-12 kap. Brott mot förmögenhet, 9 kap. Bedrägeri och annan oredlighet",Brott mot brottsbalken,"Brott mot brottsbalken, 8-12 kap. Brott mot förmögenhet","Brott mot brottsbalken, 8-12 kap. Brott mot förmögenhet, 9 kap. Bedrägeri och annan oredlighet","Brott mot brottsbalken, 8-12 kap. Brott mot förmögenhet, 9 kap. Bedrägeri och annan oredlighet, Bedrägeri inkl. grovt, bedrägligt beteende (1-3 §), Övrigt bedrägeri (fr. o. m. 2019), Internationell anknytning",,False
14115,"Brott mot brottsbalken, 8-12 kap. Brott mot förmögenhet, 9 kap. Bedrägeri och annan oredlighet, Bedrägeri inkl. grovt, bedrägligt beteende (1-3 §), Övrigt bedrägeri (fr. o. m. 2019), Internationell anknytning, Ej mot äldre/funktionsnedsatt",4,11096.0,"Brott mot brottsbalken, 8-12 kap. Brott mot förmögenhet, 9 kap. Bedrägeri och annan oredlighet",Brott mot brottsbalken,"Brott mot brottsbalken, 8-12 kap. Brott mot förmögenhet","Brott mot brottsbalken, 8-12 kap. Brott mot förmögenhet, 9 kap. Bedrägeri och annan oredlighet","Brott mot brottsbalken, 8-12 kap. Brott mot förmögenhet, 9 kap. Bedrägeri och annan oredlighet, Bedrägeri inkl. grovt, bedrägligt beteende (1-3 §), Övrigt bedrägeri (fr. o. m. 2019), Internationell anknytning, Ej mot äldre/funktionsnedsatt",,False
14091,"Brott mot brottsbalken, 8-12 kap. Brott mot förmögenhet, 9 kap. Bedrägeri och annan oredlighet, Bedrägeri inkl. grovt, bedrägligt beteende (1-3 §), Övrigt bedrägeri (fr. o. m. 2019), Internationell anknytning, Mot äldre/funktionsnedsatt",4,11096.0,"Brott mot brottsbalken, 8-12 kap. Brott mot förmögenhet, 9 kap. Bedrägeri och annan oredlighet",Brott mot brottsbalken,"Brott mot brottsbalken, 8-12 kap. Brott mot förmögenhet","Brott mot brottsbalken, 8-12 kap. Brott mot förmögenhet, 9 kap. Bedrägeri och annan oredlighet","Brott mot brottsbalken, 8-12 kap. Brott mot förmögenhet, 9 kap. Bedrägeri och annan oredlighet, Bedrägeri inkl. grovt, bedrägligt beteende (1-3 §), Övrigt bedrägeri (fr. o. m. 2019), Internationell anknytning, Mot äldre/funktionsnedsatt",,False
11576,"Brott mot brottsbalken, 8-12 kap. Brott mot förmögenhet, 9 kap. Bedrägeri och annan oredlighet, Bedrägeri inkl. grovt, bedrägligt beteende (1-3 §), Övrigt bedrägeri (t.o.m. 2018)",4,11096.0,"Brott mot brottsbalken, 8-12 kap. Brott mot förmögenhet, 9 kap. Bedrägeri och annan oredlighet",Brott mot brottsbalken,"Brott mot brottsbalken, 8-12 kap. Brott mot förmögenhet","Brott mot brottsbalken, 8-12 kap. Brott mot förmögenhet, 9 kap. Bedrägeri och annan oredlighet","Brott mot brottsbalken, 8-12 kap. Brott mot förmögenhet, 9 kap. Bedrägeri och annan oredlighet, Bedrägeri inkl. grovt, bedrägligt beteende (1-3 §), Övrigt bedrägeri (t.o.m. 2018)",,False
11577,"Brott mot brottsbalken, 8-12 kap. Brott mot förmögenhet, 9 kap. Bedrägeri och annan oredlighet, Häleri, häleriförseelse (6, 7 §)",4,11096.0,"Brott mot brottsbalken, 8-12 kap. Brott mot förmögenhet, 9 kap. Bedrägeri och annan oredlighet",Brott mot brottsbalken,"Brott mot brottsbalken, 8-12 kap. Brott mot förmögenhet","Brott mot brottsbalken, 8-12 kap. Brott mot förmögenhet, 9 kap. Bedrägeri och annan oredlighet","Brott mot brottsbalken, 8-12 kap. Brott mot förmögenhet, 9 kap. Bedrägeri och annan oredlighet, Häleri, häleriförseelse (6, 7 §)",,False
13098,"Brott mot brottsbalken, 8-12 kap. Brott mot förmögenhet, 9 kap. Bedrägeri och annan oredlighet, Häleri, häleriförseelse (6, 7 §), Penninghäleri, penninghäleriförseelse (t.o.m. 2014-06)",4,11096.0,"Brott mot brottsbalken, 8-12 kap. Brott mot förmögenhet, 9 kap. Bedrägeri och annan oredlighet",Brott mot brottsbalken,"Brott mot brottsbalken, 8-12 kap. Brott mot förmögenhet","Brott mot brottsbalken, 8-12 kap. Brott mot förmögenhet, 9 kap. Bedrägeri och annan oredlighet","Brott mot brottsbalken, 8-12 kap. Brott mot förmögenhet, 9 kap. Bedrägeri och annan oredlighet, Häleri, häleriförseelse (6, 7 §), Penninghäleri, penninghäleriförseelse (t.o.m. 2014-06)",,False
14899,"Brott mot brottsbalken, 8-12 kap. Brott mot förmögenhet, 9 kap. Bedrägeri och annan oredlighet, Häleri, häleriförseelse (6, 7 §), Utförselhäleri inkl. grovt (6 a §)",4,11096.0,"Brott mot brottsbalken, 8-12 kap. Brott mot förmögenhet, 9 kap. Bedrägeri och annan oredlighet",Brott mot brottsbalken,"Brott mot brottsbalken, 8-12 kap. Brott mot förmögenhet","Brott mot brottsbalken, 8-12 kap. Brott mot förmögenhet, 9 kap. Bedrägeri och annan oredlighet","Brott mot brottsbalken, 8-12 kap. Brott mot förmögenhet, 9 kap. Bedrägeri och annan oredlighet, Häleri, häleriförseelse (6, 7 §), Utförselhäleri inkl. grovt (6 a §)",,False
11579,"Brott mot brottsbalken, 8-12 kap. Brott mot förmögenhet, 9 kap. Bedrägeri och annan oredlighet, Häleri, häleriförseelse (6, 7 §), Vanemässigt eller stor omfattning (6 §)",4,11096.0,"Brott mot brottsbalken, 8-12 kap. Brott mot förmögenhet, 9 kap. Bedrägeri och annan oredlighet",Brott mot brottsbalken,"Brott mot brottsbalken, 8-12 kap. Brott mot förmögenhet","Brott mot brottsbalken, 8-12 kap. Brott mot förmögenhet, 9 kap. Bedrägeri och annan oredlighet","Brott mot brottsbalken, 8-12 kap. Brott mot förmögenhet, 9 kap. Bedrägeri och annan oredlighet, Häleri, häleriförseelse (6, 7 §), Vanemässigt eller stor omfattning (6 §)",,False
11580,"Brott mot brottsbalken, 8-12 kap. Brott mot förmögenhet, 9 kap. Bedrägeri och annan oredlighet, Häleri, häleriförseelse (6, 7 §), Övrig häleri, häleriförseelse (7 §)",4,11096.0,"Brott mot brottsbalken, 8-12 kap. Brott mot förmögenhet, 9 kap. Bedrägeri och annan oredlighet",Brott mot brottsbalken,"Brott mot brottsbalken, 8-12 kap. Brott mot förmögenhet","Brott mot brottsbalken, 8-12 kap. Brott mot förmögenhet, 9 kap. Bedrägeri och annan oredlighet","Brott mot brottsbalken, 8-12 kap. Brott mot förmögenhet, 9 kap. Bedrägeri och annan oredlighet, Häleri, häleriförseelse (6, 7 §), Övrig häleri, häleriförseelse (7 §)",,False
14598,"Brott mot brottsbalken, 8-12 kap. Brott mot förmögenhet, 9 kap. Bedrägeri och annan oredlighet, Olovlig befattning med betalningsverktyg (3c §)",4,11096.0,"Brott mot brottsbalken, 8-12 kap. Brott mot förmögenhet, 9 kap. Bedrägeri och annan oredlighet",Brott mot brottsbalken,"Brott mot brottsbalken, 8-12 kap. Brott mot förmögenhet","Brott mot brottsbalken, 8-12 kap. Brott mot förmögenhet, 9 kap. Bedrägeri och annan oredlighet","Brott mot brottsbalken, 8-12 kap. Brott mot förmögenhet, 9 kap. Bedrägeri och annan oredlighet, Olovlig befattning med betalningsverktyg (3c §)",,False
12987,"Brott mot brottsbalken, 8-12 kap. Brott mot förmögenhet, 9 kap. Bedrägeri och annan oredlighet, Subventionsmissbruk, inkl. grovt (3 a §) (t.o.m. 2025)",4,11096.0,"Brott mot brottsbalken, 8-12 kap. Brott mot förmögenhet, 9 kap. Bedrägeri och annan oredlighet",Brott mot brottsbalken,"Brott mot brottsbalken, 8-12 kap. Brott mot förmögenhet","Brott mot brottsbalken, 8-12 kap. Brott mot förmögenhet, 9 kap. Bedrägeri och annan oredlighet","Brott mot brottsbalken, 8-12 kap. Brott mot förmögenhet, 9 kap. Bedrägeri och annan oredlighet, Subventionsmissbruk, inkl. grovt (3 a §) (t.o.m. 2025)",,False
13059,"Brott mot brottsbalken, 8-12 kap. Brott mot förmögenhet, 9 kap. Bedrägeri och annan oredlighet, Utpressning, ocker",4,11096.0,"Brott mot brottsbalken, 8-12 kap. Brott mot förmögenhet, 9 kap. Bedrägeri och annan oredlighet",Brott mot brottsbalken,"Brott mot brottsbalken, 8-12 kap. Brott mot förmögenhet","Brott mot brottsbalken, 8-12 kap. Brott mot förmögenhet, 9 kap. Bedrägeri och annan oredlighet","Brott mot brottsbalken, 8-12 kap. Brott mot förmögenhet, 9 kap. Bedrägeri och annan oredlighet, Utpressning, ocker",,False
13061,"Brott mot brottsbalken, 8-12 kap. Brott mot förmögenhet, 9 kap. Bedrägeri och annan oredlighet, Utpressning, ocker, Ocker (5 §)",4,11096.0,"Brott mot brottsbalken, 8-12 kap. Brott mot förmögenhet, 9 kap. Bedrägeri och annan oredlighet",Brott mot brottsbalken,"Brott mot brottsbalken, 8-12 kap. Brott mot förmögenhet","Brott mot brottsbalken, 8-12 kap. Brott mot förmögenhet, 9 kap. Bedrägeri och annan oredlighet","Brott mot brottsbalken, 8-12 kap. Brott mot förmögenhet, 9 kap. Bedrägeri och annan oredlighet, Utpressning, ocker, Ocker (5 §)",,False
13060,"Brott mot brottsbalken, 8-12 kap. Brott mot förmögenhet, 9 kap. Bedrägeri och annan oredlighet, Utpressning, ocker, Utpressning (4 §)",4,11096.0,"Brott mot brottsbalken, 8-12 kap. Brott mot förmögenhet, 9 kap. Bedrägeri och annan oredlighet",Brott mot brottsbalken,"Brott mot brottsbalken, 8-12 kap. Brott mot förmögenhet","Brott mot brottsbalken, 8-12 kap. Brott mot förmögenhet, 9 kap. Bedrägeri och annan oredlighet","Brott mot brottsbalken, 8-12 kap. Brott mot förmögenhet, 9 kap. Bedrägeri och annan oredlighet, Utpressning, ocker, Utpressning (4 §)",,False
11581,"Brott mot brottsbalken, 8-12 kap. Brott mot förmögenhet, 9 kap. Bedrägeri och annan oredlighet, Övriga brott mot 9 kap. (3 a, 8-10 §)",4,11096.0,"Brott mot brottsbalken, 8-12 kap. Brott mot förmögenhet, 9 kap. Bedrägeri och annan oredlighet",Brott mot brottsbalken,"Brott mot brottsbalken, 8-12 kap. Brott mot förmögenhet","Brott mot brottsbalken, 8-12 kap. Brott mot förmögenhet, 9 kap. Bedrägeri och annan oredlighet","Brott mot brottsbalken, 8-12 kap. Brott mot förmögenhet, 9 kap. Bedrägeri och annan oredlighet, Övriga brott mot 9 kap. (3 a, 8-10 §)",,False
11741,"Brott mot brottsbalken, 3-7 kap. Brott mot person, 3 kap. Brott mot liv och hälsa, Framkallande av fara för annan (9, 10 §), Fara som framkallats för arbetstagare i samband med arbetsmiljöbrott eller arbetsolycka",5,11740.0,"Brott mot brottsbalken, 3-7 kap. Brott mot person, 3 kap. Brott mot liv och hälsa, Framkallande av fara för annan (9, 10 §)",Brott mot brottsbalken,"Brott mot brottsbalken, 3-7 kap. Brott mot person","Brott mot brottsbalken, 3-7 kap. Brott mot person, 3 kap. Brott mot liv och hälsa","Brott mot brottsbalken, 3-7 kap. Brott mot person, 3 kap. Brott mot liv och hälsa, Framkallande av fara för annan (9, 10 §)","Brott mot brottsbalken, 3-7 kap. Brott mot person, 3 kap. Brott mot liv och hälsa, Framkallande av fara för annan (9, 10 §), Fara som framkallats för arbetstagare i samband med arbetsmiljöbrott eller arbetsolycka",False
11742,"Brott mot brottsbalken, 3-7 kap. Brott mot person, 3 kap. Brott mot liv och hälsa, Framkallande av fara för annan (9, 10 §), Övriga fall",5,11740.0,"Brott mot brottsbalken, 3-7 kap. Brott mot person, 3 kap. Brott mot liv och hälsa, Framkallande av fara för annan (9, 10 §)",Brott mot brottsbalken,"Brott mot brottsbalken, 3-7 kap. Brott mot person","Brott mot brottsbalken, 3-7 kap. Brott mot person, 3 kap. Brott mot liv och hälsa","Brott mot brottsbalken, 3-7 kap. Brott mot person, 3 kap. Brott mot liv och hälsa, Framkallande av fara för annan (9, 10 §)","Brott mot brottsbalken, 3-7 kap. Brott mot person, 3 kap. Brott mot liv och hälsa, Framkallande av fara för annan (9, 10 §), Övriga fall",False
12997,"Brott mot brottsbalken, 3-7 kap. Brott mot person, 3 kap. Brott mot liv och hälsa, Försök till mord eller dråp (1, 2 §), Mot barn under 18 år",5,11802.0,"Brott mot brottsbalken, 3-7 kap. Brott mot person, 3 kap. Brott mot liv och hälsa, Försök till mord eller dråp (1, 2 §)",Brott mot brottsbalken,"Brott mot brottsbalken, 3-7 kap. Brott mot person","Brott mot brottsbalken, 3-7 kap. Brott mot person, 3 kap. Brott mot liv och hälsa","Brott mot brottsbalken, 3-7 kap. Brott mot person, 3 kap. Brott mot liv och hälsa, Försök till mord eller dråp (1, 2 §)","Brott mot brottsbalken, 3-7 kap. Brott mot person, 3 kap. Brott mot liv och hälsa, Försök till mord eller dråp (1, 2 §), Mot barn under 18 år",False
12999,"Brott mot brottsbalken, 3-7 kap. Brott mot person, 3 kap. Brott mot liv och hälsa, Försök till mord eller dråp (1, 2 §), Mot barn under 18 år, Mot flicka under 18 år",5,11802.0,"Brott mot brottsbalken, 3-7 kap. Brott mot person, 3 kap. Brott mot liv och hälsa, Försök till mord eller dråp (1, 2 §)",Brott mot brottsbalken,"Brott mot brottsbalken, 3-7 kap. Brott mot person","Brott mot brottsbalken, 3-7 kap. Brott mot person, 3 kap. Brott mot liv och hälsa","Brott mot brottsbalken, 3-7 kap. Brott mot person, 3 kap. Brott mot liv och hälsa, Försök till mord eller dråp (1, 2 §)","Brott mot brottsbalken, 3-7 kap. Brott mot person, 3 kap. Brott mot liv och hälsa, Försök till mord eller dråp (1, 2 §), Mot barn under 18 år, Mot flicka under 18 år",False
13001,"Brott mot brottsbalken, 3-7 kap. Brott mot person, 3 kap. Brott mot liv och hälsa, Försök till mord eller dråp (1, 2 §), Mot barn under 18 år, Mot pojke under 18 år",5,11802.0,"Brott mot brottsbalken, 3-7 kap. Brott mot person, 3 kap. Brott mot liv och hälsa, Försök till mord eller dråp (1, 2 §)",Brott mot brottsbalken,"Brott mot brottsbalken, 3-7 kap. Brott mot person","Brott mot brottsbalken, 3-7 kap. Brott mot person, 3 kap. Brott mot liv och hälsa","Brott mot brottsbalken, 3-7 kap. Brott mot person, 3 kap. Brott mot liv och hälsa, Försök till mord eller dråp (1, 2 §)","Brott mot brottsbalken, 3-7 kap. Brott mot person, 3 kap. Brott mot liv och hälsa, Försök till mord eller dråp (1, 2 §), Mot barn under 18 år, Mot pojke under 18 år",False
14283,"Brott mot brottsbalken, 3-7 kap. Brott mot person, 3 kap. Brott mot liv och hälsa, Försök till mord eller dråp (1, 2 §), Mot kvinna 18 år eller äldre",5,11802.0,"Brott mot brottsbalken, 3-7 kap. Brott mot person, 3 kap. Brott mot liv och hälsa, Försök till mord eller dråp (1, 2 §)",Brott mot brottsbalken,"Brott mot brottsbalken, 3-7 kap. Brott mot person","Brott mot brottsbalken, 3-7 kap. Brott mot person, 3 kap. Brott mot liv och hälsa","Brott mot brottsbalken, 3-7 kap. Brott mot person, 3 kap. Brott mot liv och hälsa, Försök till mord eller dråp (1, 2 §)","Brott mot brottsbalken, 3-7 kap. Brott mot person, 3 kap. Brott mot liv och hälsa, Försök till mord eller dråp (1, 2 §), Mot kvinna 18 år eller äldre",False
14291,"Brott mot brottsbalken, 3-7 kap. Brott mot person, 3 kap. Brott mot liv och hälsa, Försök till mord eller dråp (1, 2 §), Mot kvinna 18 år eller äldre, Annan slags relation eller bekantskap",5,11802.0,"Brott mot brottsbalken, 3-7 kap. Brott mot person, 3 kap. Brott mot liv och hälsa, Försök till mord eller dråp (1, 2 §)",Brott mot brottsbalken,"Brott mot brottsbalken, 3-7 kap. Brott mot person","Brott mot brottsbalken, 3-7 kap. Brott mot person, 3 kap. Brott mot liv och hälsa","Brott mot brottsbalken, 3-7 kap. Brott mot person, 3 kap. Brott mot liv och hälsa, Försök till mord eller dråp (1, 2 §)","Brott mot brottsbalken, 3-7 kap. Brott mot person, 3 kap. Brott mot liv och hälsa, Försök till mord eller dråp (1, 2 §), Mot kvinna 18 år eller äldre, Annan slags relation eller bekantskap",False
14289,"Brott mot brottsbalken, 3-7 kap. Brott mot person, 3 kap. Brott mot liv och hälsa, Försök till mord eller dråp (1, 2 §), Mot kvinna 18 år eller äldre, Närstående genom parrelation",5,11802.0,"Brott mot brottsbalken, 3-7 kap. Brott mot person, 3 kap. Brott mot liv och hälsa, Försök till mord eller dråp (1, 2 §)",Brott mot brottsbalken,"Brott mot brottsbalken, 3-7 kap. Brott mot person","Brott mot brottsbalken, 3-7 kap. Brott mot person, 3 kap. Brott mot liv och hälsa","Brott mot brottsbalken, 3-7 kap. Brott mot person, 3 kap. Brott mot liv och hälsa, Försök till mord eller dråp (1, 2 §)","Brott mot brottsbalken, 3-7 kap. Brott mot person, 3 kap. Brott mot liv och hälsa, Försök till mord eller dråp (1, 2 §), Mot kvinna 18 år eller äldre, Närstående genom parrelation",False
14290,"Brott mot brottsbalken, 3-7 kap. Brott mot person, 3 kap. Brott mot liv och hälsa, Försök till mord eller dråp (1, 2 §), Mot kvinna 18 år eller äldre, Närstående genom släktskap/familj",5,11802.0,"Brott mot brottsbalken, 3-7 kap. Brott mot person, 3 kap. Brott mot liv och hälsa, Försök till mord eller dråp (1, 2 §)",Brott mot brottsbalken,"Brott mot brottsbalken, 3-7 kap. Brott mot person","Brott mot brottsbalken, 3-7 kap. Brott mot person, 3 kap. Brott mot liv och hälsa","Brott mot brottsbalken, 3-7 kap. Brott mot person, 3 kap. Brott mot liv och hälsa, Försök till mord eller dråp (1, 2 §)","Brott mot brottsbalken, 3-7 kap. Brott mot person, 3 kap. Brott mot liv och hälsa, Försök till mord eller dråp (1, 2 §), Mot kvinna 18 år eller äldre, Närstående genom släktskap/familj",False
14292,"Brott mot brottsbalken, 3-7 kap. Brott mot person, 3 kap. Brott mot liv och hälsa, Försök till mord eller dråp (1, 2 §), Mot kvinna 18 år eller äldre, Obekanta",5,11802.0,"Brott mot brottsbalken, 3-7 kap. Brott mot person, 3 kap. Brott mot liv och hälsa, Försök till mord eller dråp (1, 2 §)",Brott mot brottsbalken,"Brott mot brottsbalken, 3-7 kap. Brott mot person","Brott mot brottsbalken, 3-7 kap. Brott mot person, 3 kap. Brott mot liv och hälsa","Brott mot brottsbalken, 3-7 kap. Brott mot person, 3 kap. Brott mot liv och hälsa, Försök till mord eller dråp (1, 2 §)","Brott mot brottsbalken, 3-7 kap. Brott mot person, 3 kap. Brott mot liv och hälsa, Försök till mord eller dråp (1, 2 §), Mot kvinna 18 år eller äldre, Obekanta",False
14284,"Brott mot brottsbalken, 3-7 kap. Brott mot person, 3 kap. Brott mot liv och hälsa, Försök till mord eller dråp (1, 2 §), Mot man 18 år eller äldre",5,11802.0,"Brott mot brottsbalken, 3-7 kap. Brott mot person, 3 kap. Brott mot liv och hälsa, Försök till mord eller dråp (1, 2 §)",Brott mot brottsbalken,"Brott mot brottsbalken, 3-7 kap. Brott mot person","Brott mot brottsbalken, 3-7 kap. Brott mot person, 3 kap. Brott mot liv och hälsa","Brott mot brottsbalken, 3-7 kap. Brott mot person, 3 kap. Brott mot liv och hälsa, Försök till mord eller dråp (1, 2 §)","Brott mot brottsbalken, 3-7 kap. Brott mot person, 3 kap. Brott mot liv och hälsa, Försök till mord eller dråp (1, 2 §), Mot man 18 år eller äldre",False
14287,"Brott mot brottsbalken, 3-7 kap. Brott mot person, 3 kap. Brott mot liv och hälsa, Försök till mord eller dråp (1, 2 §), Mot man 18 år eller äldre, Annan slags relation eller bekantskap",5,11802.0,"Brott mot brottsbalken, 3-7 kap. Brott mot person, 3 kap. Brott mot liv och hälsa, Försök till mord eller dråp (1, 2 §)",Brott mot brottsbalken,"Brott mot brottsbalken, 3-7 kap. Brott mot person","Brott mot brottsbalken, 3-7 kap. Brott mot person, 3 kap. Brott mot liv och hälsa","Brott mot brottsbalken, 3-7 kap. Brott mot person, 3 kap. Brott mot liv och hälsa, Försök till mord eller dråp (1, 2 §)","Brott mot brottsbalken, 3-7 kap. Brott mot person, 3 kap. Brott mot liv och hälsa, Försök till mord eller dråp (1, 2 §), Mot man 18 år eller äldre, Annan slags relation eller bekantskap",False
14285,"Brott mot brottsbalken, 3-7 kap. Brott mot person, 3 kap. Brott mot liv och hälsa, Försök till mord eller dråp (1, 2 §), Mot man 18 år eller äldre, Närstående genom parrelation",5,11802.0,"Brott mot brottsbalken, 3-7 kap. Brott mot person, 3 kap. Brott mot liv och hälsa, Försök till mord eller dråp (1, 2 §)",Brott mot brottsbalken,"Brott mot brottsbalken, 3-7 kap. Brott mot person","Brott mot brottsbalken, 3-7 kap. Brott mot person, 3 kap. Brott mot liv och hälsa","Brott mot brottsbalken, 3-7 kap. Brott mot person, 3 kap. Brott mot liv och hälsa, Försök till mord eller dråp (1, 2 §)","Brott mot brottsbalken, 3-7 kap. Brott mot person, 3 kap. Brott mot liv och hälsa, Försök till mord eller dråp (1, 2 §), Mot man 18 år eller äldre, Närstående genom parrelation",False
14286,"Brott mot brottsbalken, 3-7 kap. Brott mot person, 3 kap. Brott mot liv och hälsa, Försök till mord eller dråp (1, 2 §), Mot man 18 år eller äldre, Närstående genom släktskap/familj",5,11802.0,"Brott mot brottsbalken, 3-7 kap. Brott mot person, 3 kap. Brott mot liv och hälsa, Försök till mord eller dråp (1, 2 §)",Brott mot brottsbalken,"Brott mot brottsbalken, 3-7 kap. Brott mot person","Brott mot brottsbalken, 3-7 kap. Brott mot person, 3 kap. Brott mot liv och hälsa","Brott mot brottsbalken, 3-7 kap. Brott mot person, 3 kap. Brott mot liv och hälsa, Försök till mord eller dråp (1, 2 §)","Brott mot brottsbalken, 3-7 kap. Brott mot person, 3 kap. Brott mot liv och hälsa, Försök till mord eller dråp (1, 2 §), Mot man 18 år eller äldre, Närstående genom släktskap/familj",False
14288,"Brott mot brottsbalken, 3-7 kap. Brott mot person, 3 kap. Brott mot liv och hälsa, Försök till mord eller dråp (1, 2 §), Mot man 18 år eller äldre, Obekanta",5,11802.0,"Brott mot brottsbalken, 3-7 kap. Brott mot person, 3 kap. Brott mot liv och hälsa, Försök till mord eller dråp (1, 2 §)",Brott mot brottsbalken,"Brott mot brottsbalken, 3-7 kap. Brott mot person","Brott mot brottsbalken, 3-7 kap. Brott mot person, 3 kap. Brott mot liv och hälsa","Brott mot brottsbalken, 3-7 kap. Brott mot person, 3 kap. Brott mot liv och hälsa, Försök till mord eller dråp (1, 2 §)","Brott mot brottsbalken, 3-7 kap. Brott mot person, 3 kap. Brott mot liv och hälsa, Försök till mord eller dråp (1, 2 §), Mot man 18 år eller äldre, Obekanta",False
12998,"Brott mot brottsbalken, 3-7 kap. Brott mot person, 3 kap. Brott mot liv och hälsa, Försök till mord eller dråp (1, 2 §), Mot man/pojke ",5,11802.0,"Brott mot brottsbalken, 3-7 kap. Brott mot person, 3 kap. Brott mot liv och hälsa, Försök till mord eller dråp (1, 2 §)",Brott mot brottsbalken,"Brott mot brottsbalken, 3-7 kap. Brott mot person","Brott mot brottsbalken, 3-7 kap. Brott mot person, 3 kap. Brott mot liv och hälsa","Brott mot brottsbalken, 3-7 kap. Brott mot person, 3 kap. Brott mot liv och hälsa, Försök till mord eller dråp (1, 2 §)","Brott mot brottsbalken, 3-7 kap. Brott mot person, 3 kap. Brott mot liv och hälsa, Försök till mord eller dråp (1, 2 §), Mot man/pojke ",False
13000,"Brott mot brottsbalken, 3-7 kap. Brott mot person, 3 kap. Brott mot liv och hälsa, Försök till mord eller dråp (1, 2 §), Mot man/pojke , Med användning av skjutvapen",5,11802.0,"Brott mot brottsbalken, 3-7 kap. Brott mot person, 3 kap. Brott mot liv och hälsa, Försök till mord eller dråp (1, 2 §)",Brott mot brottsbalken,"Brott mot brottsbalken, 3-7 kap. Brott mot person","Brott mot brottsbalken, 3-7 kap. Brott mot person, 3 kap. Brott mot liv och hälsa","Brott mot brottsbalken, 3-7 kap. Brott mot person, 3 kap. Brott mot liv och hälsa, Försök till mord eller dråp (1, 2 §)","Brott mot brottsbalken, 3-7 kap. Brott mot person, 3 kap. Brott mot liv och hälsa, Försök till mord eller dråp (1, 2 §), Mot man/pojke , Med användning av skjutvapen",False
13002,"Brott mot brottsbalken, 3-7 kap. Brott mot person, 3 kap. Brott mot liv och hälsa, Försök till mord eller dråp (1, 2 §), Mot man/pojke , Utan användning av skjutvapen",5,11802.0,"Brott mot brottsbalken, 3-7 kap. Brott mot person, 3 kap. Brott mot liv och hälsa, Försök till mord eller dråp (1, 2 §)",Brott mot brottsbalken,"Brott mot brottsbalken, 3-7 kap. Brott mot person","Brott mot brottsbalken, 3-7 kap. Brott mot person, 3 kap. Brott mot liv och hälsa","Brott mot brottsbalken, 3-7 kap. Brott mot person, 3 kap. Brott mot liv och hälsa, Försök till mord eller dråp (1, 2 §)","Brott mot brottsbalken, 3-7 kap. Brott mot person, 3 kap. Brott mot liv och hälsa, Försök till mord eller dråp (1, 2 §), Mot man/pojke , Utan användning av skjutvapen",False
13003,"Brott mot brottsbalken, 3-7 kap. Brott mot person, 3 kap. Brott mot liv och hälsa, Försök till mord eller dråp (1, 2 §), Mot samtliga personer (även där kön är okänt)",5,11802.0,"Brott mot brottsbalken, 3-7 kap. Brott mot person, 3 kap. Brott mot liv och hälsa, Försök till mord eller dråp (1, 2 §)",Brott mot brottsbalken,"Brott mot brottsbalken, 3-7 kap. Brott mot person","Brott mot brottsbalken, 3-7 kap. Brott mot person, 3 kap. Brott mot liv och hälsa","Brott mot brottsbalken, 3-7 kap. Brott mot person, 3 kap. Brott mot liv och hälsa, Försök till mord eller dråp (1, 2 §)","Brott mot brottsbalken, 3-7 kap. Brott mot person, 3 kap. Brott mot liv och hälsa, Försök till mord eller dråp (1, 2 §), Mot samtliga personer (även där kön är okänt)",False
13004,"Brott mot brottsbalken, 3-7 kap. Brott mot person, 3 kap. Brott mot liv och hälsa, Försök till mord eller dråp (1, 2 §), Mot samtliga personer (även där kön är okänt), Med användning av skjutvapen",5,11802.0,"Brott mot brottsbalken, 3-7 kap. Brott mot person, 3 kap. Brott mot liv och hälsa, Försök till mord eller dråp (1, 2 §)",Brott mot brottsbalken,"Brott mot brottsbalken, 3-7 kap. Brott mot person","Brott mot brottsbalken, 3-7 kap. Brott mot person, 3 kap. Brott mot liv och hälsa","Brott mot brottsbalken, 3-7 kap. Brott mot person, 3 kap. Brott mot liv och hälsa, Försök till mord eller dråp (1, 2 §)","Brott mot brottsbalken, 3-7 kap. Brott mot person, 3 kap. Brott mot liv och hälsa, Försök till mord eller dråp (1, 2 §), Mot samtliga personer (även där kön är okänt), Med användning av skjutvapen",False
13005,"Brott mot brottsbalken, 3-7 kap. Brott mot person, 3 kap. Brott mot liv och hälsa, Försök till mord eller dråp (1, 2 §), Mot samtliga personer (även där kön är okänt), Utan användning av skjutvapen",5,11802.0,"Brott mot brottsbalken, 3-7 kap. Brott mot person, 3 kap. Brott mot liv och hälsa, Försök till mord eller dråp (1, 2 §)",Brott mot brottsbalken,"Brott mot brottsbalken, 3-7 kap. Brott mot person","Brott mot brottsbalken, 3-7 kap. Brott mot person, 3 kap. Brott mot liv och hälsa","Brott mot brottsbalken, 3-7 kap. Brott mot person, 3 kap. Brott mot liv och hälsa, Försök till mord eller dråp (1, 2 §)","Brott mot brottsbalken, 3-7 kap. Brott mot person, 3 kap. Brott mot liv och hälsa, Försök till mord eller dråp (1, 2 §), Mot samtliga personer (även där kön är okänt), Utan användning av skjutvapen",False
12141,"Brott mot brottsbalken, 3-7 kap. Brott mot person, 3 kap. Brott mot liv och hälsa, Misshandel inkl. grov (5, 6 §), Indelat efter kön (ej mot barn under 15 år t.o.m. 2007)",5,11130.0,"Brott mot brottsbalken, 3-7 kap. Brott mot person, 3 kap. Brott mot liv och hälsa, Misshandel inkl. grov (5, 6 §)",Brott mot brottsbalken,"Brott mot brottsbalken, 3-7 kap. Brott mot person","Brott mot brottsbalken, 3-7 kap. Brott mot person, 3 kap. Brott mot liv och hälsa","Brott mot brottsbalken, 3-7 kap. Brott mot person, 3 kap. Brott mot liv och hälsa, Misshandel inkl. grov (5, 6 §)","Brott mot brottsbalken, 3-7 kap. Brott mot person, 3 kap. Brott mot liv och hälsa, Misshandel inkl. grov (5, 6 §), Indelat efter kön (ej mot barn under 15 år t.o.m. 2007)",False
12140,"Brott mot brottsbalken, 3-7 kap. Brott mot person, 3 kap. Brott mot liv och hälsa, Misshandel inkl. grov (5, 6 §), Indelat efter ålder",5,11130.0,"Brott mot brottsbalken, 3-7 kap. Brott mot person, 3 kap. Brott mot liv och hälsa, Misshandel inkl. grov (5, 6 §)",Brott mot brottsbalken,"Brott mot brottsbalken, 3-7 kap. Brott mot person","Brott mot brottsbalken, 3-7 kap. Brott mot person, 3 kap. Brott mot liv och hälsa","Brott mot brottsbalken, 3-7 kap. Brott mot person, 3 kap. Brott mot liv och hälsa, Misshandel inkl. grov (5, 6 §)","Brott mot brottsbalken, 3-7 kap. Brott mot person, 3 kap. Brott mot liv och hälsa, Misshandel inkl. grov (5, 6 §), Indelat efter ålder",False
11738,"Brott mot brottsbalken, 3-7 kap. Brott mot person, 3 kap. Brott mot liv och hälsa, Vållande till annans död (7, 10 §), I samband med arbetsmiljöbrott eller arbetsolycka",5,11131.0,"Brott mot brottsbalken, 3-7 kap. Brott mot person, 3 kap. Brott mot liv och hälsa, Vållande till annans död (7, 10 §)",Brott mot brottsbalken,"Brott mot brottsbalken, 3-7 kap. Brott mot person","Brott mot brottsbalken, 3-7 kap. Brott mot person, 3 kap. Brott mot liv och hälsa","Brott mot brottsbalken, 3-7 kap. Brott mot person, 3 kap. Brott mot liv och hälsa, Vållande till annans död (7, 10 §)","Brott mot brottsbalken, 3-7 kap. Brott mot person, 3 kap. Brott mot liv och hälsa, Vållande till annans död (7, 10 §), I samband med arbetsmiljöbrott eller arbetsolycka",False
11287,"Brott mot brottsbalken, 3-7 kap. Brott mot person, 3 kap. Brott mot liv och hälsa, Vållande till annans död (7, 10 §), I samband med trafikolycka",5,11131.0,"Brott mot brottsbalken, 3-7 kap. Brott mot person, 3 kap. Brott mot liv och hälsa, Vållande till annans död (7, 10 §)",Brott mot brottsbalken,"Brott mot brottsbalken, 3-7 kap. Brott mot person","Brott mot brottsbalken, 3-7 kap. Brott mot person, 3 kap. Brott mot liv och hälsa","Brott mot brottsbalken, 3-7 kap. Brott mot person, 3 kap. Brott mot liv och hälsa, Vållande till annans död (7, 10 §)","Brott mot brottsbalken, 3-7 kap. Brott mot person, 3 kap. Brott mot liv och hälsa, Vållande till annans död (7, 10 §), I samband med trafikolycka",False
11739,"Brott mot brottsbalken, 3-7 kap. Brott mot person, 3 kap. Brott mot liv och hälsa, Vållande till annans död (7, 10 §), Övriga fall",5,11131.0,"Brott mot brottsbalken, 3-7 kap. Brott mot person, 3 kap. Brott mot liv och hälsa, Vållande till annans död (7, 10 §)",Brott mot brottsbalken,"Brott mot brottsbalken, 3-7 kap. Brott mot person","Brott mot brottsbalken, 3-7 kap. Brott mot person, 3 kap. Brott mot liv och hälsa","Brott mot brottsbalken, 3-7 kap. Brott mot person, 3 kap. Brott mot liv och hälsa, Vållande till annans död (7, 10 §)","Brott mot brottsbalken, 3-7 kap. Brott mot person, 3 kap. Brott mot liv och hälsa, Vållande till annans död (7, 10 §), Övriga fall",False
11735,"Brott mot brottsbalken, 3-7 kap. Brott mot person, 3 kap. Brott mot liv och hälsa, Vållande till kroppsskada/sjukdom, ej i samband med trafikolycka (8, 10 §), I samband med arbetsmiljöbrott eller arbetsolycka",5,11734.0,"Brott mot brottsbalken, 3-7 kap. Brott mot person, 3 kap. Brott mot liv och hälsa, Vållande till kroppsskada/sjukdom, ej i samband med trafikolycka (8, 10 §)",Brott mot brottsbalken,"Brott mot brottsbalken, 3-7 kap. Brott mot person","Brott mot brottsbalken, 3-7 kap. Brott mot person, 3 kap. Brott mot liv och hälsa","Brott mot brottsbalken, 3-7 kap. Brott mot person, 3 kap. Brott mot liv och hälsa, Vållande till kroppsskada/sjukdom, ej i samband med trafikolycka (8, 10 §)","Brott mot brottsbalken, 3-7 kap. Brott mot person, 3 kap. Brott mot liv och hälsa, Vållande till kroppsskada/sjukdom, ej i samband med trafikolycka (8, 10 §), I samband med arbetsmiljöbrott eller arbetsolycka",False
11736,"Brott mot brottsbalken, 3-7 kap. Brott mot person, 3 kap. Brott mot liv och hälsa, Vållande till kroppsskada/sjukdom, ej i samband med trafikolycka (8, 10 §), Övriga fall",5,11734.0,"Brott mot brottsbalken, 3-7 kap. Brott mot person, 3 kap. Brott mot liv och hälsa, Vållande till kroppsskada/sjukdom, ej i samband med trafikolycka (8, 10 §)",Brott mot brottsbalken,"Brott mot brottsbalken, 3-7 kap. Brott mot person","Brott mot brottsbalken, 3-7 kap. Brott mot person, 3 kap. Brott mot liv och hälsa","Brott mot brottsbalken, 3-7 kap. Brott mot person, 3 kap. Brott mot liv och hälsa, Vållande till kroppsskada/sjukdom, ej i samband med trafikolycka (8, 10 §)","Brott mot brottsbalken, 3-7 kap. Brott mot person, 3 kap. Brott mot liv och hälsa, Vållande till kroppsskada/sjukdom, ej i samband med trafikolycka (8, 10 §), Övriga fall",False
14389,"Brott mot brottsbalken, 3-7 kap. Brott mot person, 6 kap. Sexualbrott, Kontakt med barn i sexuellt syfte (grooming) (10 a §), Med flicka under 15 år",5,11780.0,"Brott mot brottsbalken, 3-7 kap. Brott mot person, 6 kap. Sexualbrott, Kontakt med barn i sexuellt syfte (grooming) (10 a §)",Brott mot brottsbalken,"Brott mot brottsbalken, 3-7 kap. Brott mot person","Brott mot brottsbalken, 3-7 kap. Brott mot person, 6 kap. Sexualbrott","Brott mot brottsbalken, 3-7 kap. Brott mot person, 6 kap. Sexualbrott, Kontakt med barn i sexuellt syfte (grooming) (10 a §)","Brott mot brottsbalken, 3-7 kap. Brott mot person, 6 kap. Sexualbrott, Kontakt med barn i sexuellt syfte (grooming) (10 a §), Med flicka under 15 år",False
14390,"Brott mot brottsbalken, 3-7 kap. Brott mot person, 6 kap. Sexualbrott, Kontakt med barn i sexuellt syfte (grooming) (10 a §), Med pojke under 15 år",5,11780.0,"Brott mot brottsbalken, 3-7 kap. Brott mot person, 6 kap. Sexualbrott, Kontakt med barn i sexuellt syfte (grooming) (10 a §)",Brott mot brottsbalken,"Brott mot brottsbalken, 3-7 kap. Brott mot person","Brott mot brottsbalken, 3-7 kap. Brott mot person, 6 kap. Sexualbrott","Brott mot brottsbalken, 3-7 kap. Brott mot person, 6 kap. Sexualbrott, Kontakt med barn i sexuellt syfte (grooming) (10 a §)","Brott mot brottsbalken, 3-7 kap. Brott mot person, 6 kap. Sexualbrott, Kontakt med barn i sexuellt syfte (grooming) (10 a §), Med pojke under 15 år",False
5233,"Brott mot brottsbalken, 3-7 kap. Brott mot person, 6 kap. Sexualbrott, Oaktsam våldtäkt (1 a §), Mot barn 15-17 år",5,5232.0,"Brott mot brottsbalken, 3-7 kap. Brott mot person, 6 kap. Sexualbrott, Oaktsam våldtäkt (1 a §)",Brott mot brottsbalken,"Brott mot brottsbalken, 3-7 kap. Brott mot person","Brott mot brottsbalken, 3-7 kap. Brott mot person, 6 kap. Sexualbrott","Brott mot brottsbalken, 3-7 kap. Brott mot person, 6 kap. Sexualbrott, Oaktsam våldtäkt (1 a §)","Brott mot brottsbalken, 3-7 kap. Brott mot person, 6 kap. Sexualbrott, Oaktsam våldtäkt (1 a §), Mot barn 15-17 år",False
5236,"Brott mot brottsbalken, 3-7 kap. Brott mot person, 6 kap. Sexualbrott, Oaktsam våldtäkt (1 a §), Mot barn 15-17 år, Mot flicka 15-17 år",5,5232.0,"Brott mot brottsbalken, 3-7 kap. Brott mot person, 6 kap. Sexualbrott, Oaktsam våldtäkt (1 a §)",Brott mot brottsbalken,"Brott mot brottsbalken, 3-7 kap. Brott mot person","Brott mot brottsbalken, 3-7 kap. Brott mot person, 6 kap. Sexualbrott","Brott mot brottsbalken, 3-7 kap. Brott mot person, 6 kap. Sexualbrott, Oaktsam våldtäkt (1 a §)","Brott mot brottsbalken, 3-7 kap. Brott mot person, 6 kap. Sexualbrott, Oaktsam våldtäkt (1 a §), Mot barn 15-17 år, Mot flicka 15-17 år",False
5242,"Brott mot brottsbalken, 3-7 kap. Brott mot person, 6 kap. Sexualbrott, Oaktsam våldtäkt (1 a §), Mot barn 15-17 år, Mot flicka 15-17 år, Inomhus (t.o.m. 2024)",5,5232.0,"Brott mot brottsbalken, 3-7 kap. Brott mot person, 6 kap. Sexualbrott, Oaktsam våldtäkt (1 a §)",Brott mot brottsbalken,"Brott mot brottsbalken, 3-7 kap. Brott mot person","Brott mot brottsbalken, 3-7 kap. Brott mot person, 6 kap. Sexualbrott","Brott mot brottsbalken, 3-7 kap. Brott mot person, 6 kap. Sexualbrott, Oaktsam våldtäkt (1 a §)","Brott mot brottsbalken, 3-7 kap. Brott mot person, 6 kap. Sexualbrott, Oaktsam våldtäkt (1 a §), Mot barn 15-17 år, Mot flicka 15-17 år, Inomhus (t.o.m. 2024)",False
5238,"Brott mot brottsbalken, 3-7 kap. Brott mot person, 6 kap. Sexualbrott, Oaktsam våldtäkt (1 a §), Mot barn 15-17 år, Mot flicka 15-17 år, Utomhus (t.o.m. 2024)",5,5232.0,"Brott mot brottsbalken, 3-7 kap. Brott mot person, 6 kap. Sexualbrott, Oaktsam våldtäkt (1 a §)",Brott mot brottsbalken,"Brott mot brottsbalken, 3-7 kap. Brott mot person","Brott mot brottsbalken, 3-7 kap. Brott mot person, 6 kap. Sexualbrott","Brott mot brottsbalken, 3-7 kap. Brott mot person, 6 kap. Sexualbrott, Oaktsam våldtäkt (1 a §)","Brott mot brottsbalken, 3-7 kap. Brott mot person, 6 kap. Sexualbrott, Oaktsam våldtäkt (1 a §), Mot barn 15-17 år, Mot flicka 15-17 år, Utomhus (t.o.m. 2024)",False
5237,"Brott mot brottsbalken, 3-7 kap. Brott mot person, 6 kap. Sexualbrott, Oaktsam våldtäkt (1 a §), Mot barn 15-17 år, Mot pojke 15-17 år",5,5232.0,"Brott mot brottsbalken, 3-7 kap. Brott mot person, 6 kap. Sexualbrott, Oaktsam våldtäkt (1 a §)",Brott mot brottsbalken,"Brott mot brottsbalken, 3-7 kap. Brott mot person","Brott mot brottsbalken, 3-7 kap. Brott mot person, 6 kap. Sexualbrott","Brott mot brottsbalken, 3-7 kap. Brott mot person, 6 kap. Sexualbrott, Oaktsam våldtäkt (1 a §)","Brott mot brottsbalken, 3-7 kap. Brott mot person, 6 kap. Sexualbrott, Oaktsam våldtäkt (1 a §), Mot barn 15-17 år, Mot pojke 15-17 år",False
5243,"Brott mot brottsbalken, 3-7 kap. Brott mot person, 6 kap. Sexualbrott, Oaktsam våldtäkt (1 a §), Mot barn 15-17 år, Mot pojke 15-17 år, Inomhus (t.o.m. 2024)",5,5232.0,"Brott mot brottsbalken, 3-7 kap. Brott mot person, 6 kap. Sexualbrott, Oaktsam våldtäkt (1 a §)",Brott mot brottsbalken,"Brott mot brottsbalken, 3-7 kap. Brott mot person","Brott mot brottsbalken, 3-7 kap. Brott mot person, 6 kap. Sexualbrott","Brott mot brottsbalken, 3-7 kap. Brott mot person, 6 kap. Sexualbrott, Oaktsam våldtäkt (1 a §)","Brott mot brottsbalken, 3-7 kap. Brott mot person, 6 kap. Sexualbrott, Oaktsam våldtäkt (1 a §), Mot barn 15-17 år, Mot pojke 15-17 år, Inomhus (t.o.m. 2024)",False
5239,"Brott mot brottsbalken, 3-7 kap. Brott mot person, 6 kap. Sexualbrott, Oaktsam våldtäkt (1 a §), Mot barn 15-17 år, Mot pojke 15-17 år, Utomhus (t.o.m. 2024)",5,5232.0,"Brott mot brottsbalken, 3-7 kap. Brott mot person, 6 kap. Sexualbrott, Oaktsam våldtäkt (1 a §)",Brott mot brottsbalken,"Brott mot brottsbalken, 3-7 kap. Brott mot person","Brott mot brottsbalken, 3-7 kap. Brott mot person, 6 kap. Sexualbrott","Brott mot brottsbalken, 3-7 kap. Brott mot person, 6 kap. Sexualbrott, Oaktsam våldtäkt (1 a §)","Brott mot brottsbalken, 3-7 kap. Brott mot person, 6 kap. Sexualbrott, Oaktsam våldtäkt (1 a §), Mot barn 15-17 år, Mot pojke 15-17 år, Utomhus (t.o.m. 2024)",False
5234,"Brott mot brottsbalken, 3-7 kap. Brott mot person, 6 kap. Sexualbrott, Oaktsam våldtäkt (1 a §), Mot kvinna 18 år eller äldre ",5,5232.0,"Brott mot brottsbalken, 3-7 kap. Brott mot person, 6 kap. Sexualbrott, Oaktsam våldtäkt (1 a §)",Brott mot brottsbalken,"Brott mot brottsbalken, 3-7 kap. Brott mot person","Brott mot brottsbalken, 3-7 kap. Brott mot person, 6 kap. Sexualbrott","Brott mot brottsbalken, 3-7 kap. Brott mot person, 6 kap. Sexualbrott, Oaktsam våldtäkt (1 a §)","Brott mot brottsbalken, 3-7 kap. Brott mot person, 6 kap. Sexualbrott, Oaktsam våldtäkt (1 a §), Mot kvinna 18 år eller äldre ",False
5244,"Brott mot brottsbalken, 3-7 kap. Brott mot person, 6 kap. Sexualbrott, Oaktsam våldtäkt (1 a §), Mot kvinna 18 år eller äldre , Inomhus",5,5232.0,"Brott mot brottsbalken, 3-7 kap. Brott mot person, 6 kap. Sexualbrott, Oaktsam våldtäkt (1 a §)",Brott mot brottsbalken,"Brott mot brottsbalken, 3-7 kap. Brott mot person","Brott mot brottsbalken, 3-7 kap. Brott mot person, 6 kap. Sexualbrott","Brott mot brottsbalken, 3-7 kap. Brott mot person, 6 kap. Sexualbrott, Oaktsam våldtäkt (1 a §)","Brott mot brottsbalken, 3-7 kap. Brott mot person, 6 kap. Sexualbrott, Oaktsam våldtäkt (1 a §), Mot kvinna 18 år eller äldre , Inomhus",False
14014,"Brott mot brottsbalken, 3-7 kap. Brott mot person, 6 kap. Sexualbrott, Oaktsam våldtäkt (1 a §), Mot kvinna 18 år eller äldre , Inomhus, Annan slags relation",5,5232.0,"Brott mot brottsbalken, 3-7 kap. Brott mot person, 6 kap. Sexualbrott, Oaktsam våldtäkt (1 a §)",Brott mot brottsbalken,"Brott mot brottsbalken, 3-7 kap. Brott mot person","Brott mot brottsbalken, 3-7 kap. Brott mot person, 6 kap. Sexualbrott","Brott mot brottsbalken, 3-7 kap. Brott mot person, 6 kap. Sexualbrott, Oaktsam våldtäkt (1 a §)","Brott mot brottsbalken, 3-7 kap. Brott mot person, 6 kap. Sexualbrott, Oaktsam våldtäkt (1 a §), Mot kvinna 18 år eller äldre , Inomhus, Annan slags relation",False
14006,"Brott mot brottsbalken, 3-7 kap. Brott mot person, 6 kap. Sexualbrott, Oaktsam våldtäkt (1 a §), Mot kvinna 18 år eller äldre , Inomhus, Närstående genom parrelation",5,5232.0,"Brott mot brottsbalken, 3-7 kap. Brott mot person, 6 kap. Sexualbrott, Oaktsam våldtäkt (1 a §)",Brott mot brottsbalken,"Brott mot brottsbalken, 3-7 kap. Brott mot person","Brott mot brottsbalken, 3-7 kap. Brott mot person, 6 kap. Sexualbrott","Brott mot brottsbalken, 3-7 kap. Brott mot person, 6 kap. Sexualbrott, Oaktsam våldtäkt (1 a §)","Brott mot brottsbalken, 3-7 kap. Brott mot person, 6 kap. Sexualbrott, Oaktsam våldtäkt (1 a §), Mot kvinna 18 år eller äldre , Inomhus, Närstående genom parrelation",False
14010,"Brott mot brottsbalken, 3-7 kap. Brott mot person, 6 kap. Sexualbrott, Oaktsam våldtäkt (1 a §), Mot kvinna 18 år eller äldre , Inomhus, Närstående genom släktskap/familj",5,5232.0,"Brott mot brottsbalken, 3-7 kap. Brott mot person, 6 kap. Sexualbrott, Oaktsam våldtäkt (1 a §)",Brott mot brottsbalken,"Brott mot brottsbalken, 3-7 kap. Brott mot person","Brott mot brottsbalken, 3-7 kap. Brott mot person, 6 kap. Sexualbrott","Brott mot brottsbalken, 3-7 kap. Brott mot person, 6 kap. Sexualbrott, Oaktsam våldtäkt (1 a §)","Brott mot brottsbalken, 3-7 kap. Brott mot person, 6 kap. Sexualbrott, Oaktsam våldtäkt (1 a §), Mot kvinna 18 år eller äldre , Inomhus, Närstående genom släktskap/familj",False
14018,"Brott mot brottsbalken, 3-7 kap. Brott mot person, 6 kap. Sexualbrott, Oaktsam våldtäkt (1 a §), Mot kvinna 18 år eller äldre , Inomhus, Obekanta",5,5232.0,"Brott mot brottsbalken, 3-7 kap. Brott mot person, 6 kap. Sexualbrott, Oaktsam våldtäkt (1 a §)",Brott mot brottsbalken,"Brott mot brottsbalken, 3-7 kap. Brott mot person","Brott mot brottsbalken, 3-7 kap. Brott mot person, 6 kap. Sexualbrott","Brott mot brottsbalken, 3-7 kap. Brott mot person, 6 kap. Sexualbrott, Oaktsam våldtäkt (1 a §)","Brott mot brottsbalken, 3-7 kap. Brott mot person, 6 kap. Sexualbrott, Oaktsam våldtäkt (1 a §), Mot kvinna 18 år eller äldre , Inomhus, Obekanta",False
5240,"Brott mot brottsbalken, 3-7 kap. Brott mot person, 6 kap. Sexualbrott, Oaktsam våldtäkt (1 a §), Mot kvinna 18 år eller äldre , Utomhus",5,5232.0,"Brott mot brottsbalken, 3-7 kap. Brott mot person, 6 kap. Sexualbrott, Oaktsam våldtäkt (1 a §)",Brott mot brottsbalken,"Brott mot brottsbalken, 3-7 kap. Brott mot person","Brott mot brottsbalken, 3-7 kap. Brott mot person, 6 kap. Sexualbrott","Brott mot brottsbalken, 3-7 kap. Brott mot person, 6 kap. Sexualbrott, Oaktsam våldtäkt (1 a §)","Brott mot brottsbalken, 3-7 kap. Brott mot person, 6 kap. Sexualbrott, Oaktsam våldtäkt (1 a §), Mot kvinna 18 år eller äldre , Utomhus",False
14013,"Brott mot brottsbalken, 3-7 kap. Brott mot person, 6 kap. Sexualbrott, Oaktsam våldtäkt (1 a §), Mot kvinna 18 år eller äldre , Utomhus, Annan slags relation",5,5232.0,"Brott mot brottsbalken, 3-7 kap. Brott mot person, 6 kap. Sexualbrott, Oaktsam våldtäkt (1 a §)",Brott mot brottsbalken,"Brott mot brottsbalken, 3-7 kap. Brott mot person","Brott mot brottsbalken, 3-7 kap. Brott mot person, 6 kap. Sexualbrott","Brott mot brottsbalken, 3-7 kap. Brott mot person, 6 kap. Sexualbrott, Oaktsam våldtäkt (1 a §)","Brott mot brottsbalken, 3-7 kap. Brott mot person, 6 kap. Sexualbrott, Oaktsam våldtäkt (1 a §), Mot kvinna 18 år eller äldre , Utomhus, Annan slags relation",False
14005,"Brott mot brottsbalken, 3-7 kap. Brott mot person, 6 kap. Sexualbrott, Oaktsam våldtäkt (1 a §), Mot kvinna 18 år eller äldre , Utomhus, Närstående genom parrelation",5,5232.0,"Brott mot brottsbalken, 3-7 kap. Brott mot person, 6 kap. Sexualbrott, Oaktsam våldtäkt (1 a §)",Brott mot brottsbalken,"Brott mot brottsbalken, 3-7 kap. Brott mot person","Brott mot brottsbalken, 3-7 kap. Brott mot person, 6 kap. Sexualbrott","Brott mot brottsbalken, 3-7 kap. Brott mot person, 6 kap. Sexualbrott, Oaktsam våldtäkt (1 a §)","Brott mot brottsbalken, 3-7 kap. Brott mot person, 6 kap. Sexualbrott, Oaktsam våldtäkt (1 a §), Mot kvinna 18 år eller äldre , Utomhus, Närstående genom parrelation",False
14009,"Brott mot brottsbalken, 3-7 kap. Brott mot person, 6 kap. Sexualbrott, Oaktsam våldtäkt (1 a §), Mot kvinna 18 år eller äldre , Utomhus, Närstående genom släktskap/familj",5,5232.0,"Brott mot brottsbalken, 3-7 kap. Brott mot person, 6 kap. Sexualbrott, Oaktsam våldtäkt (1 a §)",Brott mot brottsbalken,"Brott mot brottsbalken, 3-7 kap. Brott mot person","Brott mot brottsbalken, 3-7 kap. Brott mot person, 6 kap. Sexualbrott","Brott mot brottsbalken, 3-7 kap. Brott mot person, 6 kap. Sexualbrott, Oaktsam våldtäkt (1 a §)","Brott mot brottsbalken, 3-7 kap. Brott mot person, 6 kap. Sexualbrott, Oaktsam våldtäkt (1 a §), Mot kvinna 18 år eller äldre , Utomhus, Närstående genom släktskap/familj",False
14017,"Brott mot brottsbalken, 3-7 kap. Brott mot person, 6 kap. Sexualbrott, Oaktsam våldtäkt (1 a §), Mot kvinna 18 år eller äldre , Utomhus, Obekanta",5,5232.0,"Brott mot brottsbalken, 3-7 kap. Brott mot person, 6 kap. Sexualbrott, Oaktsam våldtäkt (1 a §)",Brott mot brottsbalken,"Brott mot brottsbalken, 3-7 kap. Brott mot person","Brott mot brottsbalken, 3-7 kap. Brott mot person, 6 kap. Sexualbrott","Brott mot brottsbalken, 3-7 kap. Brott mot person, 6 kap. Sexualbrott, Oaktsam våldtäkt (1 a §)","Brott mot brottsbalken, 3-7 kap. Brott mot person, 6 kap. Sexualbrott, Oaktsam våldtäkt (1 a §), Mot kvinna 18 år eller äldre , Utomhus, Obekanta",False
5235,"Brott mot brottsbalken, 3-7 kap. Brott mot person, 6 kap. Sexualbrott, Oaktsam våldtäkt (1 a §), Mot man 18 år eller äldre",5,5232.0,"Brott mot brottsbalken, 3-7 kap. Brott mot person, 6 kap. Sexualbrott, Oaktsam våldtäkt (1 a §)",Brott mot brottsbalken,"Brott mot brottsbalken, 3-7 kap. Brott mot person","Brott mot brottsbalken, 3-7 kap. Brott mot person, 6 kap. Sexualbrott","Brott mot brottsbalken, 3-7 kap. Brott mot person, 6 kap. Sexualbrott, Oaktsam våldtäkt (1 a §)","Brott mot brottsbalken, 3-7 kap. Brott mot person, 6 kap. Sexualbrott, Oaktsam våldtäkt (1 a §), Mot man 18 år eller äldre",False
5245,"Brott mot brottsbalken, 3-7 kap. Brott mot person, 6 kap. Sexualbrott, Oaktsam våldtäkt (1 a §), Mot man 18 år eller äldre, Inomhus",5,5232.0,"Brott mot brottsbalken, 3-7 kap. Brott mot person, 6 kap. Sexualbrott, Oaktsam våldtäkt (1 a §)",Brott mot brottsbalken,"Brott mot brottsbalken, 3-7 kap. Brott mot person","Brott mot brottsbalken, 3-7 kap. Brott mot person, 6 kap. Sexualbrott","Brott mot brottsbalken, 3-7 kap. Brott mot person, 6 kap. Sexualbrott, Oaktsam våldtäkt (1 a §)","Brott mot brottsbalken, 3-7 kap. Brott mot person, 6 kap. Sexualbrott, Oaktsam våldtäkt (1 a §), Mot man 18 år eller äldre, Inomhus",False
14016,"Brott mot brottsbalken, 3-7 kap. Brott mot person, 6 kap. Sexualbrott, Oaktsam våldtäkt (1 a §), Mot man 18 år eller äldre, Inomhus, Annan slags relation",5,5232.0,"Brott mot brottsbalken, 3-7 kap. Brott mot person, 6 kap. Sexualbrott, Oaktsam våldtäkt (1 a §)",Brott mot brottsbalken,"Brott mot brottsbalken, 3-7 kap. Brott mot person","Brott mot brottsbalken, 3-7 kap. Brott mot person, 6 kap. Sexualbrott","Brott mot brottsbalken, 3-7 kap. Brott mot person, 6 kap. Sexualbrott, Oaktsam våldtäkt (1 a §)","Brott mot brottsbalken, 3-7 kap. Brott mot person, 6 kap. Sexualbrott, Oaktsam våldtäkt (1 a §), Mot man 18 år eller äldre, Inomhus, Annan slags relation",False
14008,"Brott mot brottsbalken, 3-7 kap. Brott mot person, 6 kap. Sexualbrott, Oaktsam våldtäkt (1 a §), Mot man 18 år eller äldre, Inomhus, Närstående genom parrelation",5,5232.0,"Brott mot brottsbalken, 3-7 kap. Brott mot person, 6 kap. Sexualbrott, Oaktsam våldtäkt (1 a §)",Brott mot brottsbalken,"Brott mot brottsbalken, 3-7 kap. Brott mot person","Brott mot brottsbalken, 3-7 kap. Brott mot person, 6 kap. Sexualbrott","Brott mot brottsbalken, 3-7 kap. Brott mot person, 6 kap. Sexualbrott, Oaktsam våldtäkt (1 a §)","Brott mot brottsbalken, 3-7 kap. Brott mot person, 6 kap. Sexualbrott, Oaktsam våldtäkt (1 a §), Mot man 18 år eller äldre, Inomhus, Närstående genom parrelation",False
14012,"Brott mot brottsbalken, 3-7 kap. Brott mot person, 6 kap. Sexualbrott, Oaktsam våldtäkt (1 a §), Mot man 18 år eller äldre, Inomhus, Närstående genom släktskap/familj",5,5232.0,"Brott mot brottsbalken, 3-7 kap. Brott mot person, 6 kap. Sexualbrott, Oaktsam våldtäkt (1 a §)",Brott mot brottsbalken,"Brott mot brottsbalken, 3-7 kap. Brott mot person","Brott mot brottsbalken, 3-7 kap. Brott mot person, 6 kap. Sexualbrott","Brott mot brottsbalken, 3-7 kap. Brott mot person, 6 kap. Sexualbrott, Oaktsam våldtäkt (1 a §)","Brott mot brottsbalken, 3-7 kap. Brott mot person, 6 kap. Sexualbrott, Oaktsam våldtäkt (1 a §), Mot man 18 år eller äldre, Inomhus, Närstående genom släktskap/familj",False
14020,"Brott mot brottsbalken, 3-7 kap. Brott mot person, 6 kap. Sexualbrott, Oaktsam våldtäkt (1 a §), Mot man 18 år eller äldre, Inomhus, Obekanta",5,5232.0,"Brott mot brottsbalken, 3-7 kap. Brott mot person, 6 kap. Sexualbrott, Oaktsam våldtäkt (1 a §)",Brott mot brottsbalken,"Brott mot brottsbalken, 3-7 kap. Brott mot person","Brott mot brottsbalken, 3-7 kap. Brott mot person, 6 kap. Sexualbrott","Brott mot brottsbalken, 3-7 kap. Brott mot person, 6 kap. Sexualbrott, Oaktsam våldtäkt (1 a §)","Brott mot brottsbalken, 3-7 kap. Brott mot person, 6 kap. Sexualbrott, Oaktsam våldtäkt (1 a §), Mot man 18 år eller äldre, Inomhus, Obekanta",False
5241,"Brott mot brottsbalken, 3-7 kap. Brott mot person, 6 kap. Sexualbrott, Oaktsam våldtäkt (1 a §), Mot man 18 år eller äldre, Utomhus",5,5232.0,"Brott mot brottsbalken, 3-7 kap. Brott mot person, 6 kap. Sexualbrott, Oaktsam våldtäkt (1 a §)",Brott mot brottsbalken,"Brott mot brottsbalken, 3-7 kap. Brott mot person","Brott mot brottsbalken, 3-7 kap. Brott mot person, 6 kap. Sexualbrott","Brott mot brottsbalken, 3-7 kap. Brott mot person, 6 kap. Sexualbrott, Oaktsam våldtäkt (1 a §)","Brott mot brottsbalken, 3-7 kap. Brott mot person, 6 kap. Sexualbrott, Oaktsam våldtäkt (1 a §), Mot man 18 år eller äldre, Utomhus",False
14015,"Brott mot brottsbalken, 3-7 kap. Brott mot person, 6 kap. Sexualbrott, Oaktsam våldtäkt (1 a §), Mot man 18 år eller äldre, Utomhus, Annan slags relation",5,5232.0,"Brott mot brottsbalken, 3-7 kap. Brott mot person, 6 kap. Sexualbrott, Oaktsam våldtäkt (1 a §)",Brott mot brottsbalken,"Brott mot brottsbalken, 3-7 kap. Brott mot person","Brott mot brottsbalken, 3-7 kap. Brott mot person, 6 kap. Sexualbrott","Brott mot brottsbalken, 3-7 kap. Brott mot person, 6 kap. Sexualbrott, Oaktsam våldtäkt (1 a §)","Brott mot brottsbalken, 3-7 kap. Brott mot person, 6 kap. Sexualbrott, Oaktsam våldtäkt (1 a §), Mot man 18 år eller äldre, Utomhus, Annan slags relation",False
14007,"Brott mot brottsbalken, 3-7 kap. Brott mot person, 6 kap. Sexualbrott, Oaktsam våldtäkt (1 a §), Mot man 18 år eller äldre, Utomhus, Närstående genom parrelation",5,5232.0,"Brott mot brottsbalken, 3-7 kap. Brott mot person, 6 kap. Sexualbrott, Oaktsam våldtäkt (1 a §)",Brott mot brottsbalken,"Brott mot brottsbalken, 3-7 kap. Brott mot person","Brott mot brottsbalken, 3-7 kap. Brott mot person, 6 kap. Sexualbrott","Brott mot brottsbalken, 3-7 kap. Brott mot person, 6 kap. Sexualbrott, Oaktsam våldtäkt (1 a §)","Brott mot brottsbalken, 3-7 kap. Brott mot person, 6 kap. Sexualbrott, Oaktsam våldtäkt (1 a §), Mot man 18 år eller äldre, Utomhus, Närstående genom parrelation",False
14011,"Brott mot brottsbalken, 3-7 kap. Brott mot person, 6 kap. Sexualbrott, Oaktsam våldtäkt (1 a §), Mot man 18 år eller äldre, Utomhus, Närstående genom släktskap/familj",5,5232.0,"Brott mot brottsbalken, 3-7 kap. Brott mot person, 6 kap. Sexualbrott, Oaktsam våldtäkt (1 a §)",Brott mot brottsbalken,"Brott mot brottsbalken, 3-7 kap. Brott mot person","Brott mot brottsbalken, 3-7 kap. Brott mot person, 6 kap. Sexualbrott","Brott mot brottsbalken, 3-7 kap. Brott mot person, 6 kap. Sexualbrott, Oaktsam våldtäkt (1 a §)","Brott mot brottsbalken, 3-7 kap. Brott mot person, 6 kap. Sexualbrott, Oaktsam våldtäkt (1 a §), Mot man 18 år eller äldre, Utomhus, Närstående genom släktskap/familj",False
14019,"Brott mot brottsbalken, 3-7 kap. Brott mot person, 6 kap. Sexualbrott, Oaktsam våldtäkt (1 a §), Mot man 18 år eller äldre, Utomhus, Obekanta",5,5232.0,"Brott mot brottsbalken, 3-7 kap. Brott mot person, 6 kap. Sexualbrott, Oaktsam våldtäkt (1 a §)",Brott mot brottsbalken,"Brott mot brottsbalken, 3-7 kap. Brott mot person","Brott mot brottsbalken, 3-7 kap. Brott mot person, 6 kap. Sexualbrott","Brott mot brottsbalken, 3-7 kap. Brott mot person, 6 kap. Sexualbrott, Oaktsam våldtäkt (1 a §)","Brott mot brottsbalken, 3-7 kap. Brott mot person, 6 kap. Sexualbrott, Oaktsam våldtäkt (1 a §), Mot man 18 år eller äldre, Utomhus, Obekanta",False
5254,"Brott mot brottsbalken, 3-7 kap. Brott mot person, 6 kap. Sexualbrott, Oaktsamt sexuellt övergrepp (3 §) (Fr. o. m. 2019), Mot barn 15-17 år",5,5247.0,"Brott mot brottsbalken, 3-7 kap. Brott mot person, 6 kap. Sexualbrott, Oaktsamt sexuellt övergrepp (3 §) (Fr. o. m. 2019)",Brott mot brottsbalken,"Brott mot brottsbalken, 3-7 kap. Brott mot person","Brott mot brottsbalken, 3-7 kap. Brott mot person, 6 kap. Sexualbrott","Brott mot brottsbalken, 3-7 kap. Brott mot person, 6 kap. Sexualbrott, Oaktsamt sexuellt övergrepp (3 §) (Fr. o. m. 2019)","Brott mot brottsbalken, 3-7 kap. Brott mot person, 6 kap. Sexualbrott, Oaktsamt sexuellt övergrepp (3 §) (Fr. o. m. 2019), Mot barn 15-17 år",False
5255,"Brott mot brottsbalken, 3-7 kap. Brott mot person, 6 kap. Sexualbrott, Oaktsamt sexuellt övergrepp (3 §) (Fr. o. m. 2019), Mot barn 15-17 år, Mot flicka 15-17 år",5,5247.0,"Brott mot brottsbalken, 3-7 kap. Brott mot person, 6 kap. Sexualbrott, Oaktsamt sexuellt övergrepp (3 §) (Fr. o. m. 2019)",Brott mot brottsbalken,"Brott mot brottsbalken, 3-7 kap. Brott mot person","Brott mot brottsbalken, 3-7 kap. Brott mot person, 6 kap. Sexualbrott","Brott mot brottsbalken, 3-7 kap. Brott mot person, 6 kap. Sexualbrott, Oaktsamt sexuellt övergrepp (3 §) (Fr. o. m. 2019)","Brott mot brottsbalken, 3-7 kap. Brott mot person, 6 kap. Sexualbrott, Oaktsamt sexuellt övergrepp (3 §) (Fr. o. m. 2019), Mot barn 15-17 år, Mot flicka 15-17 år",False
5256,"Brott mot brottsbalken, 3-7 kap. Brott mot person, 6 kap. Sexualbrott, Oaktsamt sexuellt övergrepp (3 §) (Fr. o. m. 2019), Mot barn 15-17 år, Mot pojke 15-17 år",5,5247.0,"Brott mot brottsbalken, 3-7 kap. Brott mot person, 6 kap. Sexualbrott, Oaktsamt sexuellt övergrepp (3 §) (Fr. o. m. 2019)",Brott mot brottsbalken,"Brott mot brottsbalken, 3-7 kap. Brott mot person","Brott mot brottsbalken, 3-7 kap. Brott mot person, 6 kap. Sexualbrott","Brott mot brottsbalken, 3-7 kap. Brott mot person, 6 kap. Sexualbrott, Oaktsamt sexuellt övergrepp (3 §) (Fr. o. m. 2019)","Brott mot brottsbalken, 3-7 kap. Brott mot person, 6 kap. Sexualbrott, Oaktsamt sexuellt övergrepp (3 §) (Fr. o. m. 2019), Mot barn 15-17 år, Mot pojke 15-17 år",False
5257,"Brott mot brottsbalken, 3-7 kap. Brott mot person, 6 kap. Sexualbrott, Oaktsamt sexuellt övergrepp (3 §) (Fr. o. m. 2019), Mot kvinna 18 år eller äldre",5,5247.0,"Brott mot brottsbalken, 3-7 kap. Brott mot person, 6 kap. Sexualbrott, Oaktsamt sexuellt övergrepp (3 §) (Fr. o. m. 2019)",Brott mot brottsbalken,"Brott mot brottsbalken, 3-7 kap. Brott mot person","Brott mot brottsbalken, 3-7 kap. Brott mot person, 6 kap. Sexualbrott","Brott mot brottsbalken, 3-7 kap. Brott mot person, 6 kap. Sexualbrott, Oaktsamt sexuellt övergrepp (3 §) (Fr. o. m. 2019)","Brott mot brottsbalken, 3-7 kap. Brott mot person, 6 kap. Sexualbrott, Oaktsamt sexuellt övergrepp (3 §) (Fr. o. m. 2019), Mot kvinna 18 år eller äldre",False
14379,"Brott mot brottsbalken, 3-7 kap. Brott mot person, 6 kap. Sexualbrott, Oaktsamt sexuellt övergrepp (3 §) (Fr. o. m. 2019), Mot kvinna 18 år eller äldre, Annan slags relation eller bekantskap",5,5247.0,"Brott mot brottsbalken, 3-7 kap. Brott mot person, 6 kap. Sexualbrott, Oaktsamt sexuellt övergrepp (3 §) (Fr. o. m. 2019)",Brott mot brottsbalken,"Brott mot brottsbalken, 3-7 kap. Brott mot person","Brott mot brottsbalken, 3-7 kap. Brott mot person, 6 kap. Sexualbrott","Brott mot brottsbalken, 3-7 kap. Brott mot person, 6 kap. Sexualbrott, Oaktsamt sexuellt övergrepp (3 §) (Fr. o. m. 2019)","Brott mot brottsbalken, 3-7 kap. Brott mot person, 6 kap. Sexualbrott, Oaktsamt sexuellt övergrepp (3 §) (Fr. o. m. 2019), Mot kvinna 18 år eller äldre, Annan slags relation eller bekantskap",False
14377,"Brott mot brottsbalken, 3-7 kap. Brott mot person, 6 kap. Sexualbrott, Oaktsamt sexuellt övergrepp (3 §) (Fr. o. m. 2019), Mot kvinna 18 år eller äldre, Närstående genom parrelation",5,5247.0,"Brott mot brottsbalken, 3-7 kap. Brott mot person, 6 kap. Sexualbrott, Oaktsamt sexuellt övergrepp (3 §) (Fr. o. m. 2019)",Brott mot brottsbalken,"Brott mot brottsbalken, 3-7 kap. Brott mot person","Brott mot brottsbalken, 3-7 kap. Brott mot person, 6 kap. Sexualbrott","Brott mot brottsbalken, 3-7 kap. Brott mot person, 6 kap. Sexualbrott, Oaktsamt sexuellt övergrepp (3 §) (Fr. o. m. 2019)","Brott mot brottsbalken, 3-7 kap. Brott mot person, 6 kap. Sexualbrott, Oaktsamt sexuellt övergrepp (3 §) (Fr. o. m. 2019), Mot kvinna 18 år eller äldre, Närstående genom parrelation",False
14378,"Brott mot brottsbalken, 3-7 kap. Brott mot person, 6 kap. Sexualbrott, Oaktsamt sexuellt övergrepp (3 §) (Fr. o. m. 2019), Mot kvinna 18 år eller äldre, Närstående genom släktskap/familj",5,5247.0,"Brott mot brottsbalken, 3-7 kap. Brott mot person, 6 kap. Sexualbrott, Oaktsamt sexuellt övergrepp (3 §) (Fr. o. m. 2019)",Brott mot brottsbalken,"Brott mot brottsbalken, 3-7 kap. Brott mot person","Brott mot brottsbalken, 3-7 kap. Brott mot person, 6 kap. Sexualbrott","Brott mot brottsbalken, 3-7 kap. Brott mot person, 6 kap. Sexualbrott, Oaktsamt sexuellt övergrepp (3 §) (Fr. o. m. 2019)","Brott mot brottsbalken, 3-7 kap. Brott mot person, 6 kap. Sexualbrott, Oaktsamt sexuellt övergrepp (3 §) (Fr. o. m. 2019), Mot kvinna 18 år eller äldre, Närstående genom släktskap/familj",False
14380,"Brott mot brottsbalken, 3-7 kap. Brott mot person, 6 kap. Sexualbrott, Oaktsamt sexuellt övergrepp (3 §) (Fr. o. m. 2019), Mot kvinna 18 år eller äldre, Obekanta",5,5247.0,"Brott mot brottsbalken, 3-7 kap. Brott mot person, 6 kap. Sexualbrott, Oaktsamt sexuellt övergrepp (3 §) (Fr. o. m. 2019)",Brott mot brottsbalken,"Brott mot brottsbalken, 3-7 kap. Brott mot person","Brott mot brottsbalken, 3-7 kap. Brott mot person, 6 kap. Sexualbrott","Brott mot brottsbalken, 3-7 kap. Brott mot person, 6 kap. Sexualbrott, Oaktsamt sexuellt övergrepp (3 §) (Fr. o. m. 2019)","Brott mot brottsbalken, 3-7 kap. Brott mot person, 6 kap. Sexualbrott, Oaktsamt sexuellt övergrepp (3 §) (Fr. o. m. 2019), Mot kvinna 18 år eller äldre, Obekanta",False
5258,"Brott mot brottsbalken, 3-7 kap. Brott mot person, 6 kap. Sexualbrott, Oaktsamt sexuellt övergrepp (3 §) (Fr. o. m. 2019), Mot man 18 år eller äldre",5,5247.0,"Brott mot brottsbalken, 3-7 kap. Brott mot person, 6 kap. Sexualbrott, Oaktsamt sexuellt övergrepp (3 §) (Fr. o. m. 2019)",Brott mot brottsbalken,"Brott mot brottsbalken, 3-7 kap. Brott mot person","Brott mot brottsbalken, 3-7 kap. Brott mot person, 6 kap. Sexualbrott","Brott mot brottsbalken, 3-7 kap. Brott mot person, 6 kap. Sexualbrott, Oaktsamt sexuellt övergrepp (3 §) (Fr. o. m. 2019)","Brott mot brottsbalken, 3-7 kap. Brott mot person, 6 kap. Sexualbrott, Oaktsamt sexuellt övergrepp (3 §) (Fr. o. m. 2019), Mot man 18 år eller äldre",False
14375,"Brott mot brottsbalken, 3-7 kap. Brott mot person, 6 kap. Sexualbrott, Oaktsamt sexuellt övergrepp (3 §) (Fr. o. m. 2019), Mot man 18 år eller äldre, Annan slags relation eller bekantskap",5,5247.0,"Brott mot brottsbalken, 3-7 kap. Brott mot person, 6 kap. Sexualbrott, Oaktsamt sexuellt övergrepp (3 §) (Fr. o. m. 2019)",Brott mot brottsbalken,"Brott mot brottsbalken, 3-7 kap. Brott mot person","Brott mot brottsbalken, 3-7 kap. Brott mot person, 6 kap. Sexualbrott","Brott mot brottsbalken, 3-7 kap. Brott mot person, 6 kap. Sexualbrott, Oaktsamt sexuellt övergrepp (3 §) (Fr. o. m. 2019)","Brott mot brottsbalken, 3-7 kap. Brott mot person, 6 kap. Sexualbrott, Oaktsamt sexuellt övergrepp (3 §) (Fr. o. m. 2019), Mot man 18 år eller äldre, Annan slags relation eller bekantskap",False
14373,"Brott mot brottsbalken, 3-7 kap. Brott mot person, 6 kap. Sexualbrott, Oaktsamt sexuellt övergrepp (3 §) (Fr. o. m. 2019), Mot man 18 år eller äldre, Närstående genom parrelation",5,5247.0,"Brott mot brottsbalken, 3-7 kap. Brott mot person, 6 kap. Sexualbrott, Oaktsamt sexuellt övergrepp (3 §) (Fr. o. m. 2019)",Brott mot brottsbalken,"Brott mot brottsbalken, 3-7 kap. Brott mot person","Brott mot brottsbalken, 3-7 kap. Brott mot person, 6 kap. Sexualbrott","Brott mot brottsbalken, 3-7 kap. Brott mot person, 6 kap. Sexualbrott, Oaktsamt sexuellt övergrepp (3 §) (Fr. o. m. 2019)","Brott mot brottsbalken, 3-7 kap. Brott mot person, 6 kap. Sexualbrott, Oaktsamt sexuellt övergrepp (3 §) (Fr. o. m. 2019), Mot man 18 år eller äldre, Närstående genom parrelation",False
14374,"Brott mot brottsbalken, 3-7 kap. Brott mot person, 6 kap. Sexualbrott, Oaktsamt sexuellt övergrepp (3 §) (Fr. o. m. 2019), Mot man 18 år eller äldre, Närstående genom släktskap/familj",5,5247.0,"Brott mot brottsbalken, 3-7 kap. Brott mot person, 6 kap. Sexualbrott, Oaktsamt sexuellt övergrepp (3 §) (Fr. o. m. 2019)",Brott mot brottsbalken,"Brott mot brottsbalken, 3-7 kap. Brott mot person","Brott mot brottsbalken, 3-7 kap. Brott mot person, 6 kap. Sexualbrott","Brott mot brottsbalken, 3-7 kap. Brott mot person, 6 kap. Sexualbrott, Oaktsamt sexuellt övergrepp (3 §) (Fr. o. m. 2019)","Brott mot brottsbalken, 3-7 kap. Brott mot person, 6 kap. Sexualbrott, Oaktsamt sexuellt övergrepp (3 §) (Fr. o. m. 2019), Mot man 18 år eller äldre, Närstående genom släktskap/familj",False
14376,"Brott mot brottsbalken, 3-7 kap. Brott mot person, 6 kap. Sexualbrott, Oaktsamt sexuellt övergrepp (3 §) (Fr. o. m. 2019), Mot man 18 år eller äldre, Obekanta",5,5247.0,"Brott mot brottsbalken, 3-7 kap. Brott mot person, 6 kap. Sexualbrott, Oaktsamt sexuellt övergrepp (3 §) (Fr. o. m. 2019)",Brott mot brottsbalken,"Brott mot brottsbalken, 3-7 kap. Brott mot person","Brott mot brottsbalken, 3-7 kap. Brott mot person, 6 kap. Sexualbrott","Brott mot brottsbalken, 3-7 kap. Brott mot person, 6 kap. Sexualbrott, Oaktsamt sexuellt övergrepp (3 §) (Fr. o. m. 2019)","Brott mot brottsbalken, 3-7 kap. Brott mot person, 6 kap. Sexualbrott, Oaktsamt sexuellt övergrepp (3 §) (Fr. o. m. 2019), Mot man 18 år eller äldre, Obekanta",False
5259,"Brott mot brottsbalken, 3-7 kap. Brott mot person, 6 kap. Sexualbrott, Samlag med avkomling eller syskon (7 §) (Fr. o. m. 2019), Mot barn 15-17 år",5,5248.0,"Brott mot brottsbalken, 3-7 kap. Brott mot person, 6 kap. Sexualbrott, Samlag med avkomling eller syskon (7 §) (Fr. o. m. 2019)",Brott mot brottsbalken,"Brott mot brottsbalken, 3-7 kap. Brott mot person","Brott mot brottsbalken, 3-7 kap. Brott mot person, 6 kap. Sexualbrott","Brott mot brottsbalken, 3-7 kap. Brott mot person, 6 kap. Sexualbrott, Samlag med avkomling eller syskon (7 §) (Fr. o. m. 2019)","Brott mot brottsbalken, 3-7 kap. Brott mot person, 6 kap. Sexualbrott, Samlag med avkomling eller syskon (7 §) (Fr. o. m. 2019), Mot barn 15-17 år",False
5261,"Brott mot brottsbalken, 3-7 kap. Brott mot person, 6 kap. Sexualbrott, Samlag med avkomling eller syskon (7 §) (Fr. o. m. 2019), Mot barn 15-17 år, Mot flicka 15-17 år",5,5248.0,"Brott mot brottsbalken, 3-7 kap. Brott mot person, 6 kap. Sexualbrott, Samlag med avkomling eller syskon (7 §) (Fr. o. m. 2019)",Brott mot brottsbalken,"Brott mot brottsbalken, 3-7 kap. Brott mot person","Brott mot brottsbalken, 3-7 kap. Brott mot person, 6 kap. Sexualbrott","Brott mot brottsbalken, 3-7 kap. Brott mot person, 6 kap. Sexualbrott, Samlag med avkomling eller syskon (7 §) (Fr. o. m. 2019)","Brott mot brottsbalken, 3-7 kap. Brott mot person, 6 kap. Sexualbrott, Samlag med avkomling eller syskon (7 §) (Fr. o. m. 2019), Mot barn 15-17 år, Mot flicka 15-17 år",False
5262,"Brott mot brottsbalken, 3-7 kap. Brott mot person, 6 kap. Sexualbrott, Samlag med avkomling eller syskon (7 §) (Fr. o. m. 2019), Mot barn 15-17 år, Mot pojke 15-17 år",5,5248.0,"Brott mot brottsbalken, 3-7 kap. Brott mot person, 6 kap. Sexualbrott, Samlag med avkomling eller syskon (7 §) (Fr. o. m. 2019)",Brott mot brottsbalken,"Brott mot brottsbalken, 3-7 kap. Brott mot person","Brott mot brottsbalken, 3-7 kap. Brott mot person, 6 kap. Sexualbrott","Brott mot brottsbalken, 3-7 kap. Brott mot person, 6 kap. Sexualbrott, Samlag med avkomling eller syskon (7 §) (Fr. o. m. 2019)","Brott mot brottsbalken, 3-7 kap. Brott mot person, 6 kap. Sexualbrott, Samlag med avkomling eller syskon (7 §) (Fr. o. m. 2019), Mot barn 15-17 år, Mot pojke 15-17 år",False
5263,"Brott mot brottsbalken, 3-7 kap. Brott mot person, 6 kap. Sexualbrott, Samlag med avkomling eller syskon (7 §) (Fr. o. m. 2019), Mot kvinna 18 år eller äldre",5,5248.0,"Brott mot brottsbalken, 3-7 kap. Brott mot person, 6 kap. Sexualbrott, Samlag med avkomling eller syskon (7 §) (Fr. o. m. 2019)",Brott mot brottsbalken,"Brott mot brottsbalken, 3-7 kap. Brott mot person","Brott mot brottsbalken, 3-7 kap. Brott mot person, 6 kap. Sexualbrott","Brott mot brottsbalken, 3-7 kap. Brott mot person, 6 kap. Sexualbrott, Samlag med avkomling eller syskon (7 §) (Fr. o. m. 2019)","Brott mot brottsbalken, 3-7 kap. Brott mot person, 6 kap. Sexualbrott, Samlag med avkomling eller syskon (7 §) (Fr. o. m. 2019), Mot kvinna 18 år eller äldre",False
5264,"Brott mot brottsbalken, 3-7 kap. Brott mot person, 6 kap. Sexualbrott, Samlag med avkomling eller syskon (7 §) (Fr. o. m. 2019), Mot man 18 år eller äldre",5,5248.0,"Brott mot brottsbalken, 3-7 kap. Brott mot person, 6 kap. Sexualbrott, Samlag med avkomling eller syskon (7 §) (Fr. o. m. 2019)",Brott mot brottsbalken,"Brott mot brottsbalken, 3-7 kap. Brott mot person","Brott mot brottsbalken, 3-7 kap. Brott mot person, 6 kap. Sexualbrott","Brott mot brottsbalken, 3-7 kap. Brott mot person, 6 kap. Sexualbrott, Samlag med avkomling eller syskon (7 §) (Fr. o. m. 2019)","Brott mot brottsbalken, 3-7 kap. Brott mot person, 6 kap. Sexualbrott, Samlag med avkomling eller syskon (7 §) (Fr. o. m. 2019), Mot man 18 år eller äldre",False
11774,"Brott mot brottsbalken, 3-7 kap. Brott mot person, 6 kap. Sexualbrott, Sexuellt ofredande (10 §), Annat sexuellt ofredande",5,11772.0,"Brott mot brottsbalken, 3-7 kap. Brott mot person, 6 kap. Sexualbrott, Sexuellt ofredande (10 §)",Brott mot brottsbalken,"Brott mot brottsbalken, 3-7 kap. Brott mot person","Brott mot brottsbalken, 3-7 kap. Brott mot person, 6 kap. Sexualbrott","Brott mot brottsbalken, 3-7 kap. Brott mot person, 6 kap. Sexualbrott, Sexuellt ofredande (10 §)","Brott mot brottsbalken, 3-7 kap. Brott mot person, 6 kap. Sexualbrott, Sexuellt ofredande (10 §), Annat sexuellt ofredande",False
11776,"Brott mot brottsbalken, 3-7 kap. Brott mot person, 6 kap. Sexualbrott, Sexuellt ofredande (10 §), Annat sexuellt ofredande, Mot barn 15-17 år",5,11772.0,"Brott mot brottsbalken, 3-7 kap. Brott mot person, 6 kap. Sexualbrott, Sexuellt ofredande (10 §)",Brott mot brottsbalken,"Brott mot brottsbalken, 3-7 kap. Brott mot person","Brott mot brottsbalken, 3-7 kap. Brott mot person, 6 kap. Sexualbrott","Brott mot brottsbalken, 3-7 kap. Brott mot person, 6 kap. Sexualbrott, Sexuellt ofredande (10 §)","Brott mot brottsbalken, 3-7 kap. Brott mot person, 6 kap. Sexualbrott, Sexuellt ofredande (10 §), Annat sexuellt ofredande, Mot barn 15-17 år",False
13080,"Brott mot brottsbalken, 3-7 kap. Brott mot person, 6 kap. Sexualbrott, Sexuellt ofredande (10 §), Annat sexuellt ofredande, Mot barn 15-17 år, Mot flicka 15-17 år",5,11772.0,"Brott mot brottsbalken, 3-7 kap. Brott mot person, 6 kap. Sexualbrott, Sexuellt ofredande (10 §)",Brott mot brottsbalken,"Brott mot brottsbalken, 3-7 kap. Brott mot person","Brott mot brottsbalken, 3-7 kap. Brott mot person, 6 kap. Sexualbrott","Brott mot brottsbalken, 3-7 kap. Brott mot person, 6 kap. Sexualbrott, Sexuellt ofredande (10 §)","Brott mot brottsbalken, 3-7 kap. Brott mot person, 6 kap. Sexualbrott, Sexuellt ofredande (10 §), Annat sexuellt ofredande, Mot barn 15-17 år, Mot flicka 15-17 år",False
13081,"Brott mot brottsbalken, 3-7 kap. Brott mot person, 6 kap. Sexualbrott, Sexuellt ofredande (10 §), Annat sexuellt ofredande, Mot barn 15-17 år, Mot pojke 15-17 år",5,11772.0,"Brott mot brottsbalken, 3-7 kap. Brott mot person, 6 kap. Sexualbrott, Sexuellt ofredande (10 §)",Brott mot brottsbalken,"Brott mot brottsbalken, 3-7 kap. Brott mot person","Brott mot brottsbalken, 3-7 kap. Brott mot person, 6 kap. Sexualbrott","Brott mot brottsbalken, 3-7 kap. Brott mot person, 6 kap. Sexualbrott, Sexuellt ofredande (10 §)","Brott mot brottsbalken, 3-7 kap. Brott mot person, 6 kap. Sexualbrott, Sexuellt ofredande (10 §), Annat sexuellt ofredande, Mot barn 15-17 år, Mot pojke 15-17 år",False
11775,"Brott mot brottsbalken, 3-7 kap. Brott mot person, 6 kap. Sexualbrott, Sexuellt ofredande (10 §), Annat sexuellt ofredande, Mot barn under 15 år",5,11772.0,"Brott mot brottsbalken, 3-7 kap. Brott mot person, 6 kap. Sexualbrott, Sexuellt ofredande (10 §)",Brott mot brottsbalken,"Brott mot brottsbalken, 3-7 kap. Brott mot person","Brott mot brottsbalken, 3-7 kap. Brott mot person, 6 kap. Sexualbrott","Brott mot brottsbalken, 3-7 kap. Brott mot person, 6 kap. Sexualbrott, Sexuellt ofredande (10 §)","Brott mot brottsbalken, 3-7 kap. Brott mot person, 6 kap. Sexualbrott, Sexuellt ofredande (10 §), Annat sexuellt ofredande, Mot barn under 15 år",False
13078,"Brott mot brottsbalken, 3-7 kap. Brott mot person, 6 kap. Sexualbrott, Sexuellt ofredande (10 §), Annat sexuellt ofredande, Mot barn under 15 år, Mot flicka under 15 år",5,11772.0,"Brott mot brottsbalken, 3-7 kap. Brott mot person, 6 kap. Sexualbrott, Sexuellt ofredande (10 §)",Brott mot brottsbalken,"Brott mot brottsbalken, 3-7 kap. Brott mot person","Brott mot brottsbalken, 3-7 kap. Brott mot person, 6 kap. Sexualbrott","Brott mot brottsbalken, 3-7 kap. Brott mot person, 6 kap. Sexualbrott, Sexuellt ofredande (10 §)","Brott mot brottsbalken, 3-7 kap. Brott mot person, 6 kap. Sexualbrott, Sexuellt ofredande (10 §), Annat sexuellt ofredande, Mot barn under 15 år, Mot flicka under 15 år",False
13079,"Brott mot brottsbalken, 3-7 kap. Brott mot person, 6 kap. Sexualbrott, Sexuellt ofredande (10 §), Annat sexuellt ofredande, Mot barn under 15 år, Mot pojke under 15 år",5,11772.0,"Brott mot brottsbalken, 3-7 kap. Brott mot person, 6 kap. Sexualbrott, Sexuellt ofredande (10 §)",Brott mot brottsbalken,"Brott mot brottsbalken, 3-7 kap. Brott mot person","Brott mot brottsbalken, 3-7 kap. Brott mot person, 6 kap. Sexualbrott","Brott mot brottsbalken, 3-7 kap. Brott mot person, 6 kap. Sexualbrott, Sexuellt ofredande (10 §)","Brott mot brottsbalken, 3-7 kap. Brott mot person, 6 kap. Sexualbrott, Sexuellt ofredande (10 §), Annat sexuellt ofredande, Mot barn under 15 år, Mot pojke under 15 år",False
13190,"Brott mot brottsbalken, 3-7 kap. Brott mot person, 6 kap. Sexualbrott, Sexuellt ofredande (10 §), Annat sexuellt ofredande, Mot person 15 år eller äldre",5,11772.0,"Brott mot brottsbalken, 3-7 kap. Brott mot person, 6 kap. Sexualbrott, Sexuellt ofredande (10 §)",Brott mot brottsbalken,"Brott mot brottsbalken, 3-7 kap. Brott mot person","Brott mot brottsbalken, 3-7 kap. Brott mot person, 6 kap. Sexualbrott","Brott mot brottsbalken, 3-7 kap. Brott mot person, 6 kap. Sexualbrott, Sexuellt ofredande (10 §)","Brott mot brottsbalken, 3-7 kap. Brott mot person, 6 kap. Sexualbrott, Sexuellt ofredande (10 §), Annat sexuellt ofredande, Mot person 15 år eller äldre",False
11777,"Brott mot brottsbalken, 3-7 kap. Brott mot person, 6 kap. Sexualbrott, Sexuellt ofredande (10 §), Annat sexuellt ofredande, Mot person 18 år eller äldre",5,11772.0,"Brott mot brottsbalken, 3-7 kap. Brott mot person, 6 kap. Sexualbrott, Sexuellt ofredande (10 §)",Brott mot brottsbalken,"Brott mot brottsbalken, 3-7 kap. Brott mot person","Brott mot brottsbalken, 3-7 kap. Brott mot person, 6 kap. Sexualbrott","Brott mot brottsbalken, 3-7 kap. Brott mot person, 6 kap. Sexualbrott, Sexuellt ofredande (10 §)","Brott mot brottsbalken, 3-7 kap. Brott mot person, 6 kap. Sexualbrott, Sexuellt ofredande (10 §), Annat sexuellt ofredande, Mot person 18 år eller äldre",False
13082,"Brott mot brottsbalken, 3-7 kap. Brott mot person, 6 kap. Sexualbrott, Sexuellt ofredande (10 §), Annat sexuellt ofredande, Mot person 18 år eller äldre, Mot kvinna 18 år eller äldre",5,11772.0,"Brott mot brottsbalken, 3-7 kap. Brott mot person, 6 kap. Sexualbrott, Sexuellt ofredande (10 §)",Brott mot brottsbalken,"Brott mot brottsbalken, 3-7 kap. Brott mot person","Brott mot brottsbalken, 3-7 kap. Brott mot person, 6 kap. Sexualbrott","Brott mot brottsbalken, 3-7 kap. Brott mot person, 6 kap. Sexualbrott, Sexuellt ofredande (10 §)","Brott mot brottsbalken, 3-7 kap. Brott mot person, 6 kap. Sexualbrott, Sexuellt ofredande (10 §), Annat sexuellt ofredande, Mot person 18 år eller äldre, Mot kvinna 18 år eller äldre",False
14387,"Brott mot brottsbalken, 3-7 kap. Brott mot person, 6 kap. Sexualbrott, Sexuellt ofredande (10 §), Annat sexuellt ofredande, Mot person 18 år eller äldre, Mot kvinna 18 år eller äldre, Annan slags relation eller bekantskap",5,11772.0,"Brott mot brottsbalken, 3-7 kap. Brott mot person, 6 kap. Sexualbrott, Sexuellt ofredande (10 §)",Brott mot brottsbalken,"Brott mot brottsbalken, 3-7 kap. Brott mot person","Brott mot brottsbalken, 3-7 kap. Brott mot person, 6 kap. Sexualbrott","Brott mot brottsbalken, 3-7 kap. Brott mot person, 6 kap. Sexualbrott, Sexuellt ofredande (10 §)","Brott mot brottsbalken, 3-7 kap. Brott mot person, 6 kap. Sexualbrott, Sexuellt ofredande (10 §), Annat sexuellt ofredande, Mot person 18 år eller äldre, Mot kvinna 18 år eller äldre, Annan slags relation eller bekantskap",False
14385,"Brott mot brottsbalken, 3-7 kap. Brott mot person, 6 kap. Sexualbrott, Sexuellt ofredande (10 §), Annat sexuellt ofredande, Mot person 18 år eller äldre, Mot kvinna 18 år eller äldre, Närstående genom parrelation",5,11772.0,"Brott mot brottsbalken, 3-7 kap. Brott mot person, 6 kap. Sexualbrott, Sexuellt ofredande (10 §)",Brott mot brottsbalken,"Brott mot brottsbalken, 3-7 kap. Brott mot person","Brott mot brottsbalken, 3-7 kap. Brott mot person, 6 kap. Sexualbrott","Brott mot brottsbalken, 3-7 kap. Brott mot person, 6 kap. Sexualbrott, Sexuellt ofredande (10 §)","Brott mot brottsbalken, 3-7 kap. Brott mot person, 6 kap. Sexualbrott, Sexuellt ofredande (10 §), Annat sexuellt ofredande, Mot person 18 år eller äldre, Mot kvinna 18 år eller äldre, Närstående genom parrelation",False
14386,"Brott mot brottsbalken, 3-7 kap. Brott mot person, 6 kap. Sexualbrott, Sexuellt ofredande (10 §), Annat sexuellt ofredande, Mot person 18 år eller äldre, Mot kvinna 18 år eller äldre, Närstående genom släktskap/familj",5,11772.0,"Brott mot brottsbalken, 3-7 kap. Brott mot person, 6 kap. Sexualbrott, Sexuellt ofredande (10 §)",Brott mot brottsbalken,"Brott mot brottsbalken, 3-7 kap. Brott mot person","Brott mot brottsbalken, 3-7 kap. Brott mot person, 6 kap. Sexualbrott","Brott mot brottsbalken, 3-7 kap. Brott mot person, 6 kap. Sexualbrott, Sexuellt ofredande (10 §)","Brott mot brottsbalken, 3-7 kap. Brott mot person, 6 kap. Sexualbrott, Sexuellt ofredande (10 §), Annat sexuellt ofredande, Mot person 18 år eller äldre, Mot kvinna 18 år eller äldre, Närstående genom släktskap/familj",False
14388,"Brott mot brottsbalken, 3-7 kap. Brott mot person, 6 kap. Sexualbrott, Sexuellt ofredande (10 §), Annat sexuellt ofredande, Mot person 18 år eller äldre, Mot kvinna 18 år eller äldre, Obekanta",5,11772.0,"Brott mot brottsbalken, 3-7 kap. Brott mot person, 6 kap. Sexualbrott, Sexuellt ofredande (10 §)",Brott mot brottsbalken,"Brott mot brottsbalken, 3-7 kap. Brott mot person","Brott mot brottsbalken, 3-7 kap. Brott mot person, 6 kap. Sexualbrott","Brott mot brottsbalken, 3-7 kap. Brott mot person, 6 kap. Sexualbrott, Sexuellt ofredande (10 §)","Brott mot brottsbalken, 3-7 kap. Brott mot person, 6 kap. Sexualbrott, Sexuellt ofredande (10 §), Annat sexuellt ofredande, Mot person 18 år eller äldre, Mot kvinna 18 år eller äldre, Obekanta",False
13083,"Brott mot brottsbalken, 3-7 kap. Brott mot person, 6 kap. Sexualbrott, Sexuellt ofredande (10 §), Annat sexuellt ofredande, Mot person 18 år eller äldre, Mot man 18 år eller äldre",5,11772.0,"Brott mot brottsbalken, 3-7 kap. Brott mot person, 6 kap. Sexualbrott, Sexuellt ofredande (10 §)",Brott mot brottsbalken,"Brott mot brottsbalken, 3-7 kap. Brott mot person","Brott mot brottsbalken, 3-7 kap. Brott mot person, 6 kap. Sexualbrott","Brott mot brottsbalken, 3-7 kap. Brott mot person, 6 kap. Sexualbrott, Sexuellt ofredande (10 §)","Brott mot brottsbalken, 3-7 kap. Brott mot person, 6 kap. Sexualbrott, Sexuellt ofredande (10 §), Annat sexuellt ofredande, Mot person 18 år eller äldre, Mot man 18 år eller äldre",False
14383,"Brott mot brottsbalken, 3-7 kap. Brott mot person, 6 kap. Sexualbrott, Sexuellt ofredande (10 §), Annat sexuellt ofredande, Mot person 18 år eller äldre, Mot man 18 år eller äldre, Annan slags relation eller bekantskap",5,11772.0,"Brott mot brottsbalken, 3-7 kap. Brott mot person, 6 kap. Sexualbrott, Sexuellt ofredande (10 §)",Brott mot brottsbalken,"Brott mot brottsbalken, 3-7 kap. Brott mot person","Brott mot brottsbalken, 3-7 kap. Brott mot person, 6 kap. Sexualbrott","Brott mot brottsbalken, 3-7 kap. Brott mot person, 6 kap. Sexualbrott, Sexuellt ofredande (10 §)","Brott mot brottsbalken, 3-7 kap. Brott mot person, 6 kap. Sexualbrott, Sexuellt ofredande (10 §), Annat sexuellt ofredande, Mot person 18 år eller äldre, Mot man 18 år eller äldre, Annan slags relation eller bekantskap",False
14381,"Brott mot brottsbalken, 3-7 kap. Brott mot person, 6 kap. Sexualbrott, Sexuellt ofredande (10 §), Annat sexuellt ofredande, Mot person 18 år eller äldre, Mot man 18 år eller äldre, Närstående genom parrelation",5,11772.0,"Brott mot brottsbalken, 3-7 kap. Brott mot person, 6 kap. Sexualbrott, Sexuellt ofredande (10 §)",Brott mot brottsbalken,"Brott mot brottsbalken, 3-7 kap. Brott mot person","Brott mot brottsbalken, 3-7 kap. Brott mot person, 6 kap. Sexualbrott","Brott mot brottsbalken, 3-7 kap. Brott mot person, 6 kap. Sexualbrott, Sexuellt ofredande (10 §)","Brott mot brottsbalken, 3-7 kap. Brott mot person, 6 kap. Sexualbrott, Sexuellt ofredande (10 §), Annat sexuellt ofredande, Mot person 18 år eller äldre, Mot man 18 år eller äldre, Närstående genom parrelation",False
14382,"Brott mot brottsbalken, 3-7 kap. Brott mot person, 6 kap. Sexualbrott, Sexuellt ofredande (10 §), Annat sexuellt ofredande, Mot person 18 år eller äldre, Mot man 18 år eller äldre, Närstående genom släktskap/familj",5,11772.0,"Brott mot brottsbalken, 3-7 kap. Brott mot person, 6 kap. Sexualbrott, Sexuellt ofredande (10 §)",Brott mot brottsbalken,"Brott mot brottsbalken, 3-7 kap. Brott mot person","Brott mot brottsbalken, 3-7 kap. Brott mot person, 6 kap. Sexualbrott","Brott mot brottsbalken, 3-7 kap. Brott mot person, 6 kap. Sexualbrott, Sexuellt ofredande (10 §)","Brott mot brottsbalken, 3-7 kap. Brott mot person, 6 kap. Sexualbrott, Sexuellt ofredande (10 §), Annat sexuellt ofredande, Mot person 18 år eller äldre, Mot man 18 år eller äldre, Närstående genom släktskap/familj",False
14384,"Brott mot brottsbalken, 3-7 kap. Brott mot person, 6 kap. Sexualbrott, Sexuellt ofredande (10 §), Annat sexuellt ofredande, Mot person 18 år eller äldre, Mot man 18 år eller äldre, Obekanta",5,11772.0,"Brott mot brottsbalken, 3-7 kap. Brott mot person, 6 kap. Sexualbrott, Sexuellt ofredande (10 §)",Brott mot brottsbalken,"Brott mot brottsbalken, 3-7 kap. Brott mot person","Brott mot brottsbalken, 3-7 kap. Brott mot person, 6 kap. Sexualbrott","Brott mot brottsbalken, 3-7 kap. Brott mot person, 6 kap. Sexualbrott, Sexuellt ofredande (10 §)","Brott mot brottsbalken, 3-7 kap. Brott mot person, 6 kap. Sexualbrott, Sexuellt ofredande (10 §), Annat sexuellt ofredande, Mot person 18 år eller äldre, Mot man 18 år eller äldre, Obekanta",False
11773,"Brott mot brottsbalken, 3-7 kap. Brott mot person, 6 kap. Sexualbrott, Sexuellt ofredande (10 §), Exhibitionism (blottning) (t. o. m. 2023)",5,11772.0,"Brott mot brottsbalken, 3-7 kap. Brott mot person, 6 kap. Sexualbrott, Sexuellt ofredande (10 §)",Brott mot brottsbalken,"Brott mot brottsbalken, 3-7 kap. Brott mot person","Brott mot brottsbalken, 3-7 kap. Brott mot person, 6 kap. Sexualbrott","Brott mot brottsbalken, 3-7 kap. Brott mot person, 6 kap. Sexualbrott, Sexuellt ofredande (10 §)","Brott mot brottsbalken, 3-7 kap. Brott mot person, 6 kap. Sexualbrott, Sexuellt ofredande (10 §), Exhibitionism (blottning) (t. o. m. 2023)",False
13150,"Brott mot brottsbalken, 3-7 kap. Brott mot person, 6 kap. Sexualbrott, Sexuellt tvång, utnyttjande m.m. (5-6 §) (2, 3, 7 § t.o.m. 2019), Sexuellt tvång, utnyttjande m.m (2, 3, 5, 7 §)",5,11339.0,"Brott mot brottsbalken, 3-7 kap. Brott mot person, 6 kap. Sexualbrott, Sexuellt tvång, utnyttjande m.m. (5-6 §) (2, 3, 7 § t.o.m. 2019)",Brott mot brottsbalken,"Brott mot brottsbalken, 3-7 kap. Brott mot person","Brott mot brottsbalken, 3-7 kap. Brott mot person, 6 kap. Sexualbrott","Brott mot brottsbalken, 3-7 kap. Brott mot person, 6 kap. Sexualbrott, Sexuellt tvång, utnyttjande m.m. (5-6 §) (2, 3, 7 § t.o.m. 2019)","Brott mot brottsbalken, 3-7 kap. Brott mot person, 6 kap. Sexualbrott, Sexuellt tvång, utnyttjande m.m. (5-6 §) (2, 3, 7 § t.o.m. 2019), Sexuellt tvång, utnyttjande m.m (2, 3, 5, 7 §)",False
13152,"Brott mot brottsbalken, 3-7 kap. Brott mot person, 6 kap. Sexualbrott, Sexuellt tvång, utnyttjande m.m. (5-6 §) (2, 3, 7 § t.o.m. 2019), Sexuellt tvång, utnyttjande m.m (2, 3, 5, 7 §), Mot barn 15-17 år (5 §) (2, 3, 7 § t.o.m. 2018-06)",5,11339.0,"Brott mot brottsbalken, 3-7 kap. Brott mot person, 6 kap. Sexualbrott, Sexuellt tvång, utnyttjande m.m. (5-6 §) (2, 3, 7 § t.o.m. 2019)",Brott mot brottsbalken,"Brott mot brottsbalken, 3-7 kap. Brott mot person","Brott mot brottsbalken, 3-7 kap. Brott mot person, 6 kap. Sexualbrott","Brott mot brottsbalken, 3-7 kap. Brott mot person, 6 kap. Sexualbrott, Sexuellt tvång, utnyttjande m.m. (5-6 §) (2, 3, 7 § t.o.m. 2019)","Brott mot brottsbalken, 3-7 kap. Brott mot person, 6 kap. Sexualbrott, Sexuellt tvång, utnyttjande m.m. (5-6 §) (2, 3, 7 § t.o.m. 2019), Sexuellt tvång, utnyttjande m.m (2, 3, 5, 7 §), Mot barn 15-17 år (5 §) (2, 3, 7 § t.o.m. 2018-06)",False
13157,"Brott mot brottsbalken, 3-7 kap. Brott mot person, 6 kap. Sexualbrott, Sexuellt tvång, utnyttjande m.m. (5-6 §) (2, 3, 7 § t.o.m. 2019), Sexuellt tvång, utnyttjande m.m (2, 3, 5, 7 §), Mot barn 15-17 år (5 §) (2, 3, 7 § t.o.m. 2018-06), Mot flicka 15-17 år",5,11339.0,"Brott mot brottsbalken, 3-7 kap. Brott mot person, 6 kap. Sexualbrott, Sexuellt tvång, utnyttjande m.m. (5-6 §) (2, 3, 7 § t.o.m. 2019)",Brott mot brottsbalken,"Brott mot brottsbalken, 3-7 kap. Brott mot person","Brott mot brottsbalken, 3-7 kap. Brott mot person, 6 kap. Sexualbrott","Brott mot brottsbalken, 3-7 kap. Brott mot person, 6 kap. Sexualbrott, Sexuellt tvång, utnyttjande m.m. (5-6 §) (2, 3, 7 § t.o.m. 2019)","Brott mot brottsbalken, 3-7 kap. Brott mot person, 6 kap. Sexualbrott, Sexuellt tvång, utnyttjande m.m. (5-6 §) (2, 3, 7 § t.o.m. 2019), Sexuellt tvång, utnyttjande m.m (2, 3, 5, 7 §), Mot barn 15-17 år (5 §) (2, 3, 7 § t.o.m. 2018-06), Mot flicka 15-17 år",False
13158,"Brott mot brottsbalken, 3-7 kap. Brott mot person, 6 kap. Sexualbrott, Sexuellt tvång, utnyttjande m.m. (5-6 §) (2, 3, 7 § t.o.m. 2019), Sexuellt tvång, utnyttjande m.m (2, 3, 5, 7 §), Mot barn 15-17 år (5 §) (2, 3, 7 § t.o.m. 2018-06), Mot pojke 15-17 år",5,11339.0,"Brott mot brottsbalken, 3-7 kap. Brott mot person, 6 kap. Sexualbrott, Sexuellt tvång, utnyttjande m.m. (5-6 §) (2, 3, 7 § t.o.m. 2019)",Brott mot brottsbalken,"Brott mot brottsbalken, 3-7 kap. Brott mot person","Brott mot brottsbalken, 3-7 kap. Brott mot person, 6 kap. Sexualbrott","Brott mot brottsbalken, 3-7 kap. Brott mot person, 6 kap. Sexualbrott, Sexuellt tvång, utnyttjande m.m. (5-6 §) (2, 3, 7 § t.o.m. 2019)","Brott mot brottsbalken, 3-7 kap. Brott mot person, 6 kap. Sexualbrott, Sexuellt tvång, utnyttjande m.m. (5-6 §) (2, 3, 7 § t.o.m. 2019), Sexuellt tvång, utnyttjande m.m (2, 3, 5, 7 §), Mot barn 15-17 år (5 §) (2, 3, 7 § t.o.m. 2018-06), Mot pojke 15-17 år",False
13154,"Brott mot brottsbalken, 3-7 kap. Brott mot person, 6 kap. Sexualbrott, Sexuellt tvång, utnyttjande m.m. (5-6 §) (2, 3, 7 § t.o.m. 2019), Sexuellt tvång, utnyttjande m.m (2, 3, 5, 7 §), Mot person 15 år eller äldre",5,11339.0,"Brott mot brottsbalken, 3-7 kap. Brott mot person, 6 kap. Sexualbrott, Sexuellt tvång, utnyttjande m.m. (5-6 §) (2, 3, 7 § t.o.m. 2019)",Brott mot brottsbalken,"Brott mot brottsbalken, 3-7 kap. Brott mot person","Brott mot brottsbalken, 3-7 kap. Brott mot person, 6 kap. Sexualbrott","Brott mot brottsbalken, 3-7 kap. Brott mot person, 6 kap. Sexualbrott, Sexuellt tvång, utnyttjande m.m. (5-6 §) (2, 3, 7 § t.o.m. 2019)","Brott mot brottsbalken, 3-7 kap. Brott mot person, 6 kap. Sexualbrott, Sexuellt tvång, utnyttjande m.m. (5-6 §) (2, 3, 7 § t.o.m. 2019), Sexuellt tvång, utnyttjande m.m (2, 3, 5, 7 §), Mot person 15 år eller äldre",False
13153,"Brott mot brottsbalken, 3-7 kap. Brott mot person, 6 kap. Sexualbrott, Sexuellt tvång, utnyttjande m.m. (5-6 §) (2, 3, 7 § t.o.m. 2019), Sexuellt tvång, utnyttjande m.m (2, 3, 5, 7 §), Mot person 18 år eller äldre",5,11339.0,"Brott mot brottsbalken, 3-7 kap. Brott mot person, 6 kap. Sexualbrott, Sexuellt tvång, utnyttjande m.m. (5-6 §) (2, 3, 7 § t.o.m. 2019)",Brott mot brottsbalken,"Brott mot brottsbalken, 3-7 kap. Brott mot person","Brott mot brottsbalken, 3-7 kap. Brott mot person, 6 kap. Sexualbrott","Brott mot brottsbalken, 3-7 kap. Brott mot person, 6 kap. Sexualbrott, Sexuellt tvång, utnyttjande m.m. (5-6 §) (2, 3, 7 § t.o.m. 2019)","Brott mot brottsbalken, 3-7 kap. Brott mot person, 6 kap. Sexualbrott, Sexuellt tvång, utnyttjande m.m. (5-6 §) (2, 3, 7 § t.o.m. 2019), Sexuellt tvång, utnyttjande m.m (2, 3, 5, 7 §), Mot person 18 år eller äldre",False
13159,"Brott mot brottsbalken, 3-7 kap. Brott mot person, 6 kap. Sexualbrott, Sexuellt tvång, utnyttjande m.m. (5-6 §) (2, 3, 7 § t.o.m. 2019), Sexuellt tvång, utnyttjande m.m (2, 3, 5, 7 §), Mot person 18 år eller äldre, Mot kvinna 18 år eller äldre",5,11339.0,"Brott mot brottsbalken, 3-7 kap. Brott mot person, 6 kap. Sexualbrott, Sexuellt tvång, utnyttjande m.m. (5-6 §) (2, 3, 7 § t.o.m. 2019)",Brott mot brottsbalken,"Brott mot brottsbalken, 3-7 kap. Brott mot person","Brott mot brottsbalken, 3-7 kap. Brott mot person, 6 kap. Sexualbrott","Brott mot brottsbalken, 3-7 kap. Brott mot person, 6 kap. Sexualbrott, Sexuellt tvång, utnyttjande m.m. (5-6 §) (2, 3, 7 § t.o.m. 2019)","Brott mot brottsbalken, 3-7 kap. Brott mot person, 6 kap. Sexualbrott, Sexuellt tvång, utnyttjande m.m. (5-6 §) (2, 3, 7 § t.o.m. 2019), Sexuellt tvång, utnyttjande m.m (2, 3, 5, 7 §), Mot person 18 år eller äldre, Mot kvinna 18 år eller äldre",False
13160,"Brott mot brottsbalken, 3-7 kap. Brott mot person, 6 kap. Sexualbrott, Sexuellt tvång, utnyttjande m.m. (5-6 §) (2, 3, 7 § t.o.m. 2019), Sexuellt tvång, utnyttjande m.m (2, 3, 5, 7 §), Mot person 18 år eller äldre, Mot man 18 år eller äldre",5,11339.0,"Brott mot brottsbalken, 3-7 kap. Brott mot person, 6 kap. Sexualbrott, Sexuellt tvång, utnyttjande m.m. (5-6 §) (2, 3, 7 § t.o.m. 2019)",Brott mot brottsbalken,"Brott mot brottsbalken, 3-7 kap. Brott mot person","Brott mot brottsbalken, 3-7 kap. Brott mot person, 6 kap. Sexualbrott","Brott mot brottsbalken, 3-7 kap. Brott mot person, 6 kap. Sexualbrott, Sexuellt tvång, utnyttjande m.m. (5-6 §) (2, 3, 7 § t.o.m. 2019)","Brott mot brottsbalken, 3-7 kap. Brott mot person, 6 kap. Sexualbrott, Sexuellt tvång, utnyttjande m.m. (5-6 §) (2, 3, 7 § t.o.m. 2019), Sexuellt tvång, utnyttjande m.m (2, 3, 5, 7 §), Mot person 18 år eller äldre, Mot man 18 år eller äldre",False
13151,"Brott mot brottsbalken, 3-7 kap. Brott mot person, 6 kap. Sexualbrott, Sexuellt tvång, utnyttjande m.m. (5-6 §) (2, 3, 7 § t.o.m. 2019), Sexuellt tvång, utnyttjande m.m (2, 3, 5, 7 §), Sexuellt utnyttjande av barn under 15 år (5 § )",5,11339.0,"Brott mot brottsbalken, 3-7 kap. Brott mot person, 6 kap. Sexualbrott, Sexuellt tvång, utnyttjande m.m. (5-6 §) (2, 3, 7 § t.o.m. 2019)",Brott mot brottsbalken,"Brott mot brottsbalken, 3-7 kap. Brott mot person","Brott mot brottsbalken, 3-7 kap. Brott mot person, 6 kap. Sexualbrott","Brott mot brottsbalken, 3-7 kap. Brott mot person, 6 kap. Sexualbrott, Sexuellt tvång, utnyttjande m.m. (5-6 §) (2, 3, 7 § t.o.m. 2019)","Brott mot brottsbalken, 3-7 kap. Brott mot person, 6 kap. Sexualbrott, Sexuellt tvång, utnyttjande m.m. (5-6 §) (2, 3, 7 § t.o.m. 2019), Sexuellt tvång, utnyttjande m.m (2, 3, 5, 7 §), Sexuellt utnyttjande av barn under 15 år (5 § )",False
13155,"Brott mot brottsbalken, 3-7 kap. Brott mot person, 6 kap. Sexualbrott, Sexuellt tvång, utnyttjande m.m. (5-6 §) (2, 3, 7 § t.o.m. 2019), Sexuellt tvång, utnyttjande m.m (2, 3, 5, 7 §), Sexuellt utnyttjande av barn under 15 år (5 § ), Mot flicka under 15 år",5,11339.0,"Brott mot brottsbalken, 3-7 kap. Brott mot person, 6 kap. Sexualbrott, Sexuellt tvång, utnyttjande m.m. (5-6 §) (2, 3, 7 § t.o.m. 2019)",Brott mot brottsbalken,"Brott mot brottsbalken, 3-7 kap. Brott mot person","Brott mot brottsbalken, 3-7 kap. Brott mot person, 6 kap. Sexualbrott","Brott mot brottsbalken, 3-7 kap. Brott mot person, 6 kap. Sexualbrott, Sexuellt tvång, utnyttjande m.m. (5-6 §) (2, 3, 7 § t.o.m. 2019)","Brott mot brottsbalken, 3-7 kap. Brott mot person, 6 kap. Sexualbrott, Sexuellt tvång, utnyttjande m.m. (5-6 §) (2, 3, 7 § t.o.m. 2019), Sexuellt tvång, utnyttjande m.m (2, 3, 5, 7 §), Sexuellt utnyttjande av barn under 15 år (5 § ), Mot flicka under 15 år",False
13156,"Brott mot brottsbalken, 3-7 kap. Brott mot person, 6 kap. Sexualbrott, Sexuellt tvång, utnyttjande m.m. (5-6 §) (2, 3, 7 § t.o.m. 2019), Sexuellt tvång, utnyttjande m.m (2, 3, 5, 7 §), Sexuellt utnyttjande av barn under 15 år (5 § ), Mot pojke under 15 år",5,11339.0,"Brott mot brottsbalken, 3-7 kap. Brott mot person, 6 kap. Sexualbrott, Sexuellt tvång, utnyttjande m.m. (5-6 §) (2, 3, 7 § t.o.m. 2019)",Brott mot brottsbalken,"Brott mot brottsbalken, 3-7 kap. Brott mot person","Brott mot brottsbalken, 3-7 kap. Brott mot person, 6 kap. Sexualbrott","Brott mot brottsbalken, 3-7 kap. Brott mot person, 6 kap. Sexualbrott, Sexuellt tvång, utnyttjande m.m. (5-6 §) (2, 3, 7 § t.o.m. 2019)","Brott mot brottsbalken, 3-7 kap. Brott mot person, 6 kap. Sexualbrott, Sexuellt tvång, utnyttjande m.m. (5-6 §) (2, 3, 7 § t.o.m. 2019), Sexuellt tvång, utnyttjande m.m (2, 3, 5, 7 §), Sexuellt utnyttjande av barn under 15 år (5 § ), Mot pojke under 15 år",False
13161,"Brott mot brottsbalken, 3-7 kap. Brott mot person, 6 kap. Sexualbrott, Sexuellt tvång, utnyttjande m.m. (5-6 §) (2, 3, 7 § t.o.m. 2019), Sexuellt övergrepp mot barn (6 §)",5,11339.0,"Brott mot brottsbalken, 3-7 kap. Brott mot person, 6 kap. Sexualbrott, Sexuellt tvång, utnyttjande m.m. (5-6 §) (2, 3, 7 § t.o.m. 2019)",Brott mot brottsbalken,"Brott mot brottsbalken, 3-7 kap. Brott mot person","Brott mot brottsbalken, 3-7 kap. Brott mot person, 6 kap. Sexualbrott","Brott mot brottsbalken, 3-7 kap. Brott mot person, 6 kap. Sexualbrott, Sexuellt tvång, utnyttjande m.m. (5-6 §) (2, 3, 7 § t.o.m. 2019)","Brott mot brottsbalken, 3-7 kap. Brott mot person, 6 kap. Sexualbrott, Sexuellt tvång, utnyttjande m.m. (5-6 §) (2, 3, 7 § t.o.m. 2019), Sexuellt övergrepp mot barn (6 §)",False
13163,"Brott mot brottsbalken, 3-7 kap. Brott mot person, 6 kap. Sexualbrott, Sexuellt tvång, utnyttjande m.m. (5-6 §) (2, 3, 7 § t.o.m. 2019), Sexuellt övergrepp mot barn (6 §), Mot barn 15-17 år",5,11339.0,"Brott mot brottsbalken, 3-7 kap. Brott mot person, 6 kap. Sexualbrott, Sexuellt tvång, utnyttjande m.m. (5-6 §) (2, 3, 7 § t.o.m. 2019)",Brott mot brottsbalken,"Brott mot brottsbalken, 3-7 kap. Brott mot person","Brott mot brottsbalken, 3-7 kap. Brott mot person, 6 kap. Sexualbrott","Brott mot brottsbalken, 3-7 kap. Brott mot person, 6 kap. Sexualbrott, Sexuellt tvång, utnyttjande m.m. (5-6 §) (2, 3, 7 § t.o.m. 2019)","Brott mot brottsbalken, 3-7 kap. Brott mot person, 6 kap. Sexualbrott, Sexuellt tvång, utnyttjande m.m. (5-6 §) (2, 3, 7 § t.o.m. 2019), Sexuellt övergrepp mot barn (6 §), Mot barn 15-17 år",False
13166,"Brott mot brottsbalken, 3-7 kap. Brott mot person, 6 kap. Sexualbrott, Sexuellt tvång, utnyttjande m.m. (5-6 §) (2, 3, 7 § t.o.m. 2019), Sexuellt övergrepp mot barn (6 §), Mot barn 15-17 år, Mot flicka 15-17 år",5,11339.0,"Brott mot brottsbalken, 3-7 kap. Brott mot person, 6 kap. Sexualbrott, Sexuellt tvång, utnyttjande m.m. (5-6 §) (2, 3, 7 § t.o.m. 2019)",Brott mot brottsbalken,"Brott mot brottsbalken, 3-7 kap. Brott mot person","Brott mot brottsbalken, 3-7 kap. Brott mot person, 6 kap. Sexualbrott","Brott mot brottsbalken, 3-7 kap. Brott mot person, 6 kap. Sexualbrott, Sexuellt tvång, utnyttjande m.m. (5-6 §) (2, 3, 7 § t.o.m. 2019)","Brott mot brottsbalken, 3-7 kap. Brott mot person, 6 kap. Sexualbrott, Sexuellt tvång, utnyttjande m.m. (5-6 §) (2, 3, 7 § t.o.m. 2019), Sexuellt övergrepp mot barn (6 §), Mot barn 15-17 år, Mot flicka 15-17 år",False
13167,"Brott mot brottsbalken, 3-7 kap. Brott mot person, 6 kap. Sexualbrott, Sexuellt tvång, utnyttjande m.m. (5-6 §) (2, 3, 7 § t.o.m. 2019), Sexuellt övergrepp mot barn (6 §), Mot barn 15-17 år, Mot pojke 15-17 år",5,11339.0,"Brott mot brottsbalken, 3-7 kap. Brott mot person, 6 kap. Sexualbrott, Sexuellt tvång, utnyttjande m.m. (5-6 §) (2, 3, 7 § t.o.m. 2019)",Brott mot brottsbalken,"Brott mot brottsbalken, 3-7 kap. Brott mot person","Brott mot brottsbalken, 3-7 kap. Brott mot person, 6 kap. Sexualbrott","Brott mot brottsbalken, 3-7 kap. Brott mot person, 6 kap. Sexualbrott, Sexuellt tvång, utnyttjande m.m. (5-6 §) (2, 3, 7 § t.o.m. 2019)","Brott mot brottsbalken, 3-7 kap. Brott mot person, 6 kap. Sexualbrott, Sexuellt tvång, utnyttjande m.m. (5-6 §) (2, 3, 7 § t.o.m. 2019), Sexuellt övergrepp mot barn (6 §), Mot barn 15-17 år, Mot pojke 15-17 år",False
13162,"Brott mot brottsbalken, 3-7 kap. Brott mot person, 6 kap. Sexualbrott, Sexuellt tvång, utnyttjande m.m. (5-6 §) (2, 3, 7 § t.o.m. 2019), Sexuellt övergrepp mot barn (6 §), Mot barn under 15 år",5,11339.0,"Brott mot brottsbalken, 3-7 kap. Brott mot person, 6 kap. Sexualbrott, Sexuellt tvång, utnyttjande m.m. (5-6 §) (2, 3, 7 § t.o.m. 2019)",Brott mot brottsbalken,"Brott mot brottsbalken, 3-7 kap. Brott mot person","Brott mot brottsbalken, 3-7 kap. Brott mot person, 6 kap. Sexualbrott","Brott mot brottsbalken, 3-7 kap. Brott mot person, 6 kap. Sexualbrott, Sexuellt tvång, utnyttjande m.m. (5-6 §) (2, 3, 7 § t.o.m. 2019)","Brott mot brottsbalken, 3-7 kap. Brott mot person, 6 kap. Sexualbrott, Sexuellt tvång, utnyttjande m.m. (5-6 §) (2, 3, 7 § t.o.m. 2019), Sexuellt övergrepp mot barn (6 §), Mot barn under 15 år",False
13164,"Brott mot brottsbalken, 3-7 kap. Brott mot person, 6 kap. Sexualbrott, Sexuellt tvång, utnyttjande m.m. (5-6 §) (2, 3, 7 § t.o.m. 2019), Sexuellt övergrepp mot barn (6 §), Mot barn under 15 år, Mot flicka under 15 år",5,11339.0,"Brott mot brottsbalken, 3-7 kap. Brott mot person, 6 kap. Sexualbrott, Sexuellt tvång, utnyttjande m.m. (5-6 §) (2, 3, 7 § t.o.m. 2019)",Brott mot brottsbalken,"Brott mot brottsbalken, 3-7 kap. Brott mot person","Brott mot brottsbalken, 3-7 kap. Brott mot person, 6 kap. Sexualbrott","Brott mot brottsbalken, 3-7 kap. Brott mot person, 6 kap. Sexualbrott, Sexuellt tvång, utnyttjande m.m. (5-6 §) (2, 3, 7 § t.o.m. 2019)","Brott mot brottsbalken, 3-7 kap. Brott mot person, 6 kap. Sexualbrott, Sexuellt tvång, utnyttjande m.m. (5-6 §) (2, 3, 7 § t.o.m. 2019), Sexuellt övergrepp mot barn (6 §), Mot barn under 15 år, Mot flicka under 15 år",False
13165,"Brott mot brottsbalken, 3-7 kap. Brott mot person, 6 kap. Sexualbrott, Sexuellt tvång, utnyttjande m.m. (5-6 §) (2, 3, 7 § t.o.m. 2019), Sexuellt övergrepp mot barn (6 §), Mot barn under 15 år, Mot pojke under 15 år",5,11339.0,"Brott mot brottsbalken, 3-7 kap. Brott mot person, 6 kap. Sexualbrott, Sexuellt tvång, utnyttjande m.m. (5-6 §) (2, 3, 7 § t.o.m. 2019)",Brott mot brottsbalken,"Brott mot brottsbalken, 3-7 kap. Brott mot person","Brott mot brottsbalken, 3-7 kap. Brott mot person, 6 kap. Sexualbrott","Brott mot brottsbalken, 3-7 kap. Brott mot person, 6 kap. Sexualbrott, Sexuellt tvång, utnyttjande m.m. (5-6 §) (2, 3, 7 § t.o.m. 2019)","Brott mot brottsbalken, 3-7 kap. Brott mot person, 6 kap. Sexualbrott, Sexuellt tvång, utnyttjande m.m. (5-6 §) (2, 3, 7 § t.o.m. 2019), Sexuellt övergrepp mot barn (6 §), Mot barn under 15 år, Mot pojke under 15 år",False
5249,"Brott mot brottsbalken, 3-7 kap. Brott mot person, 6 kap. Sexualbrott, Sexuellt övergrepp (2 §) (Fr. o. m. 2019), Mot barn 15-17 år",5,5246.0,"Brott mot brottsbalken, 3-7 kap. Brott mot person, 6 kap. Sexualbrott, Sexuellt övergrepp (2 §) (Fr. o. m. 2019)",Brott mot brottsbalken,"Brott mot brottsbalken, 3-7 kap. Brott mot person","Brott mot brottsbalken, 3-7 kap. Brott mot person, 6 kap. Sexualbrott","Brott mot brottsbalken, 3-7 kap. Brott mot person, 6 kap. Sexualbrott, Sexuellt övergrepp (2 §) (Fr. o. m. 2019)","Brott mot brottsbalken, 3-7 kap. Brott mot person, 6 kap. Sexualbrott, Sexuellt övergrepp (2 §) (Fr. o. m. 2019), Mot barn 15-17 år",False
5252,"Brott mot brottsbalken, 3-7 kap. Brott mot person, 6 kap. Sexualbrott, Sexuellt övergrepp (2 §) (Fr. o. m. 2019), Mot barn 15-17 år, Mot flicka 15-17 år",5,5246.0,"Brott mot brottsbalken, 3-7 kap. Brott mot person, 6 kap. Sexualbrott, Sexuellt övergrepp (2 §) (Fr. o. m. 2019)",Brott mot brottsbalken,"Brott mot brottsbalken, 3-7 kap. Brott mot person","Brott mot brottsbalken, 3-7 kap. Brott mot person, 6 kap. Sexualbrott","Brott mot brottsbalken, 3-7 kap. Brott mot person, 6 kap. Sexualbrott, Sexuellt övergrepp (2 §) (Fr. o. m. 2019)","Brott mot brottsbalken, 3-7 kap. Brott mot person, 6 kap. Sexualbrott, Sexuellt övergrepp (2 §) (Fr. o. m. 2019), Mot barn 15-17 år, Mot flicka 15-17 år",False
5253,"Brott mot brottsbalken, 3-7 kap. Brott mot person, 6 kap. Sexualbrott, Sexuellt övergrepp (2 §) (Fr. o. m. 2019), Mot barn 15-17 år, Mot pojke 15-17 år",5,5246.0,"Brott mot brottsbalken, 3-7 kap. Brott mot person, 6 kap. Sexualbrott, Sexuellt övergrepp (2 §) (Fr. o. m. 2019)",Brott mot brottsbalken,"Brott mot brottsbalken, 3-7 kap. Brott mot person","Brott mot brottsbalken, 3-7 kap. Brott mot person, 6 kap. Sexualbrott","Brott mot brottsbalken, 3-7 kap. Brott mot person, 6 kap. Sexualbrott, Sexuellt övergrepp (2 §) (Fr. o. m. 2019)","Brott mot brottsbalken, 3-7 kap. Brott mot person, 6 kap. Sexualbrott, Sexuellt övergrepp (2 §) (Fr. o. m. 2019), Mot barn 15-17 år, Mot pojke 15-17 år",False
5250,"Brott mot brottsbalken, 3-7 kap. Brott mot person, 6 kap. Sexualbrott, Sexuellt övergrepp (2 §) (Fr. o. m. 2019), Mot kvinna 18 år eller äldre",5,5246.0,"Brott mot brottsbalken, 3-7 kap. Brott mot person, 6 kap. Sexualbrott, Sexuellt övergrepp (2 §) (Fr. o. m. 2019)",Brott mot brottsbalken,"Brott mot brottsbalken, 3-7 kap. Brott mot person","Brott mot brottsbalken, 3-7 kap. Brott mot person, 6 kap. Sexualbrott","Brott mot brottsbalken, 3-7 kap. Brott mot person, 6 kap. Sexualbrott, Sexuellt övergrepp (2 §) (Fr. o. m. 2019)","Brott mot brottsbalken, 3-7 kap. Brott mot person, 6 kap. Sexualbrott, Sexuellt övergrepp (2 §) (Fr. o. m. 2019), Mot kvinna 18 år eller äldre",False
14371,"Brott mot brottsbalken, 3-7 kap. Brott mot person, 6 kap. Sexualbrott, Sexuellt övergrepp (2 §) (Fr. o. m. 2019), Mot kvinna 18 år eller äldre, Annan slags relation eller bekantskap",5,5246.0,"Brott mot brottsbalken, 3-7 kap. Brott mot person, 6 kap. Sexualbrott, Sexuellt övergrepp (2 §) (Fr. o. m. 2019)",Brott mot brottsbalken,"Brott mot brottsbalken, 3-7 kap. Brott mot person","Brott mot brottsbalken, 3-7 kap. Brott mot person, 6 kap. Sexualbrott","Brott mot brottsbalken, 3-7 kap. Brott mot person, 6 kap. Sexualbrott, Sexuellt övergrepp (2 §) (Fr. o. m. 2019)","Brott mot brottsbalken, 3-7 kap. Brott mot person, 6 kap. Sexualbrott, Sexuellt övergrepp (2 §) (Fr. o. m. 2019), Mot kvinna 18 år eller äldre, Annan slags relation eller bekantskap",False
14369,"Brott mot brottsbalken, 3-7 kap. Brott mot person, 6 kap. Sexualbrott, Sexuellt övergrepp (2 §) (Fr. o. m. 2019), Mot kvinna 18 år eller äldre, Närstående genom parrelation",5,5246.0,"Brott mot brottsbalken, 3-7 kap. Brott mot person, 6 kap. Sexualbrott, Sexuellt övergrepp (2 §) (Fr. o. m. 2019)",Brott mot brottsbalken,"Brott mot brottsbalken, 3-7 kap. Brott mot person","Brott mot brottsbalken, 3-7 kap. Brott mot person, 6 kap. Sexualbrott","Brott mot brottsbalken, 3-7 kap. Brott mot person, 6 kap. Sexualbrott, Sexuellt övergrepp (2 §) (Fr. o. m. 2019)","Brott mot brottsbalken, 3-7 kap. Brott mot person, 6 kap. Sexualbrott, Sexuellt övergrepp (2 §) (Fr. o. m. 2019), Mot kvinna 18 år eller äldre, Närstående genom parrelation",False
14370,"Brott mot brottsbalken, 3-7 kap. Brott mot person, 6 kap. Sexualbrott, Sexuellt övergrepp (2 §) (Fr. o. m. 2019), Mot kvinna 18 år eller äldre, Närstående genom släktskap/familj",5,5246.0,"Brott mot brottsbalken, 3-7 kap. Brott mot person, 6 kap. Sexualbrott, Sexuellt övergrepp (2 §) (Fr. o. m. 2019)",Brott mot brottsbalken,"Brott mot brottsbalken, 3-7 kap. Brott mot person","Brott mot brottsbalken, 3-7 kap. Brott mot person, 6 kap. Sexualbrott","Brott mot brottsbalken, 3-7 kap. Brott mot person, 6 kap. Sexualbrott, Sexuellt övergrepp (2 §) (Fr. o. m. 2019)","Brott mot brottsbalken, 3-7 kap. Brott mot person, 6 kap. Sexualbrott, Sexuellt övergrepp (2 §) (Fr. o. m. 2019), Mot kvinna 18 år eller äldre, Närstående genom släktskap/familj",False
14372,"Brott mot brottsbalken, 3-7 kap. Brott mot person, 6 kap. Sexualbrott, Sexuellt övergrepp (2 §) (Fr. o. m. 2019), Mot kvinna 18 år eller äldre, Obekanta",5,5246.0,"Brott mot brottsbalken, 3-7 kap. Brott mot person, 6 kap. Sexualbrott, Sexuellt övergrepp (2 §) (Fr. o. m. 2019)",Brott mot brottsbalken,"Brott mot brottsbalken, 3-7 kap. Brott mot person","Brott mot brottsbalken, 3-7 kap. Brott mot person, 6 kap. Sexualbrott","Brott mot brottsbalken, 3-7 kap. Brott mot person, 6 kap. Sexualbrott, Sexuellt övergrepp (2 §) (Fr. o. m. 2019)","Brott mot brottsbalken, 3-7 kap. Brott mot person, 6 kap. Sexualbrott, Sexuellt övergrepp (2 §) (Fr. o. m. 2019), Mot kvinna 18 år eller äldre, Obekanta",False
5251,"Brott mot brottsbalken, 3-7 kap. Brott mot person, 6 kap. Sexualbrott, Sexuellt övergrepp (2 §) (Fr. o. m. 2019), Mot man 18 år eller äldre",5,5246.0,"Brott mot brottsbalken, 3-7 kap. Brott mot person, 6 kap. Sexualbrott, Sexuellt övergrepp (2 §) (Fr. o. m. 2019)",Brott mot brottsbalken,"Brott mot brottsbalken, 3-7 kap. Brott mot person","Brott mot brottsbalken, 3-7 kap. Brott mot person, 6 kap. Sexualbrott","Brott mot brottsbalken, 3-7 kap. Brott mot person, 6 kap. Sexualbrott, Sexuellt övergrepp (2 §) (Fr. o. m. 2019)","Brott mot brottsbalken, 3-7 kap. Brott mot person, 6 kap. Sexualbrott, Sexuellt övergrepp (2 §) (Fr. o. m. 2019), Mot man 18 år eller äldre",False
14367,"Brott mot brottsbalken, 3-7 kap. Brott mot person, 6 kap. Sexualbrott, Sexuellt övergrepp (2 §) (Fr. o. m. 2019), Mot man 18 år eller äldre, Annan slags relation eller bekantskap",5,5246.0,"Brott mot brottsbalken, 3-7 kap. Brott mot person, 6 kap. Sexualbrott, Sexuellt övergrepp (2 §) (Fr. o. m. 2019)",Brott mot brottsbalken,"Brott mot brottsbalken, 3-7 kap. Brott mot person","Brott mot brottsbalken, 3-7 kap. Brott mot person, 6 kap. Sexualbrott","Brott mot brottsbalken, 3-7 kap. Brott mot person, 6 kap. Sexualbrott, Sexuellt övergrepp (2 §) (Fr. o. m. 2019)","Brott mot brottsbalken, 3-7 kap. Brott mot person, 6 kap. Sexualbrott, Sexuellt övergrepp (2 §) (Fr. o. m. 2019), Mot man 18 år eller äldre, Annan slags relation eller bekantskap",False
14365,"Brott mot brottsbalken, 3-7 kap. Brott mot person, 6 kap. Sexualbrott, Sexuellt övergrepp (2 §) (Fr. o. m. 2019), Mot man 18 år eller äldre, Närstående genom parrelation",5,5246.0,"Brott mot brottsbalken, 3-7 kap. Brott mot person, 6 kap. Sexualbrott, Sexuellt övergrepp (2 §) (Fr. o. m. 2019)",Brott mot brottsbalken,"Brott mot brottsbalken, 3-7 kap. Brott mot person","Brott mot brottsbalken, 3-7 kap. Brott mot person, 6 kap. Sexualbrott","Brott mot brottsbalken, 3-7 kap. Brott mot person, 6 kap. Sexualbrott, Sexuellt övergrepp (2 §) (Fr. o. m. 2019)","Brott mot brottsbalken, 3-7 kap. Brott mot person, 6 kap. Sexualbrott, Sexuellt övergrepp (2 §) (Fr. o. m. 2019), Mot man 18 år eller äldre, Närstående genom parrelation",False
14366,"Brott mot brottsbalken, 3-7 kap. Brott mot person, 6 kap. Sexualbrott, Sexuellt övergrepp (2 §) (Fr. o. m. 2019), Mot man 18 år eller äldre, Närstående genom släktskap/familj",5,5246.0,"Brott mot brottsbalken, 3-7 kap. Brott mot person, 6 kap. Sexualbrott, Sexuellt övergrepp (2 §) (Fr. o. m. 2019)",Brott mot brottsbalken,"Brott mot brottsbalken, 3-7 kap. Brott mot person","Brott mot brottsbalken, 3-7 kap. Brott mot person, 6 kap. Sexualbrott","Brott mot brottsbalken, 3-7 kap. Brott mot person, 6 kap. Sexualbrott, Sexuellt övergrepp (2 §) (Fr. o. m. 2019)","Brott mot brottsbalken, 3-7 kap. Brott mot person, 6 kap. Sexualbrott, Sexuellt övergrepp (2 §) (Fr. o. m. 2019), Mot man 18 år eller äldre, Närstående genom släktskap/familj",False
14368,"Brott mot brottsbalken, 3-7 kap. Brott mot person, 6 kap. Sexualbrott, Sexuellt övergrepp (2 §) (Fr. o. m. 2019), Mot man 18 år eller äldre, Obekanta",5,5246.0,"Brott mot brottsbalken, 3-7 kap. Brott mot person, 6 kap. Sexualbrott, Sexuellt övergrepp (2 §) (Fr. o. m. 2019)",Brott mot brottsbalken,"Brott mot brottsbalken, 3-7 kap. Brott mot person","Brott mot brottsbalken, 3-7 kap. Brott mot person, 6 kap. Sexualbrott","Brott mot brottsbalken, 3-7 kap. Brott mot person, 6 kap. Sexualbrott, Sexuellt övergrepp (2 §) (Fr. o. m. 2019)","Brott mot brottsbalken, 3-7 kap. Brott mot person, 6 kap. Sexualbrott, Sexuellt övergrepp (2 §) (Fr. o. m. 2019), Mot man 18 år eller äldre, Obekanta",False
12819,"Brott mot brottsbalken, 3-7 kap. Brott mot person, 6 kap. Sexualbrott, Våldtäkt inkl. grov (1, 4 §), Indelat efter kön (ej mot barn under 15 år t.o.m. 2007)",5,11338.0,"Brott mot brottsbalken, 3-7 kap. Brott mot person, 6 kap. Sexualbrott, Våldtäkt inkl. grov (1, 4 §)",Brott mot brottsbalken,"Brott mot brottsbalken, 3-7 kap. Brott mot person","Brott mot brottsbalken, 3-7 kap. Brott mot person, 6 kap. Sexualbrott","Brott mot brottsbalken, 3-7 kap. Brott mot person, 6 kap. Sexualbrott, Våldtäkt inkl. grov (1, 4 §)","Brott mot brottsbalken, 3-7 kap. Brott mot person, 6 kap. Sexualbrott, Våldtäkt inkl. grov (1, 4 §), Indelat efter kön (ej mot barn under 15 år t.o.m. 2007)",False
12818,"Brott mot brottsbalken, 3-7 kap. Brott mot person, 6 kap. Sexualbrott, Våldtäkt inkl. grov (1, 4 §), Indelat efter ålder",5,11338.0,"Brott mot brottsbalken, 3-7 kap. Brott mot person, 6 kap. Sexualbrott, Våldtäkt inkl. grov (1, 4 §)",Brott mot brottsbalken,"Brott mot brottsbalken, 3-7 kap. Brott mot person","Brott mot brottsbalken, 3-7 kap. Brott mot person, 6 kap. Sexualbrott","Brott mot brottsbalken, 3-7 kap. Brott mot person, 6 kap. Sexualbrott, Våldtäkt inkl. grov (1, 4 §)","Brott mot brottsbalken, 3-7 kap. Brott mot person, 6 kap. Sexualbrott, Våldtäkt inkl. grov (1, 4 §), Indelat efter ålder",False
11523,"Brott mot brottsbalken, 8-12 kap. Brott mot förmögenhet, 8 kap. Stöld, rån m.m., Rån, inkl. grovt (5, 6 §), Bankrån",5,11522.0,"Brott mot brottsbalken, 8-12 kap. Brott mot förmögenhet, 8 kap. Stöld, rån m.m., Rån, inkl. grovt (5, 6 §)",Brott mot brottsbalken,"Brott mot brottsbalken, 8-12 kap. Brott mot förmögenhet","Brott mot brottsbalken, 8-12 kap. Brott mot förmögenhet, 8 kap. Stöld, rån m.m.","Brott mot brottsbalken, 8-12 kap. Brott mot förmögenhet, 8 kap. Stöld, rån m.m., Rån, inkl. grovt (5, 6 §)","Brott mot brottsbalken, 8-12 kap. Brott mot förmögenhet, 8 kap. Stöld, rån m.m., Rån, inkl. grovt (5, 6 §), Bankrån",False
11524,"Brott mot brottsbalken, 8-12 kap. Brott mot förmögenhet, 8 kap. Stöld, rån m.m., Rån, inkl. grovt (5, 6 §), Bankrån, Med användning av skjutvapen",5,11522.0,"Brott mot brottsbalken, 8-12 kap. Brott mot förmögenhet, 8 kap. Stöld, rån m.m., Rån, inkl. grovt (5, 6 §)",Brott mot brottsbalken,"Brott mot brottsbalken, 8-12 kap. Brott mot förmögenhet","Brott mot brottsbalken, 8-12 kap. Brott mot förmögenhet, 8 kap. Stöld, rån m.m.","Brott mot brottsbalken, 8-12 kap. Brott mot förmögenhet, 8 kap. Stöld, rån m.m., Rån, inkl. grovt (5, 6 §)","Brott mot brottsbalken, 8-12 kap. Brott mot förmögenhet, 8 kap. Stöld, rån m.m., Rån, inkl. grovt (5, 6 §), Bankrån, Med användning av skjutvapen",False
11525,"Brott mot brottsbalken, 8-12 kap. Brott mot förmögenhet, 8 kap. Stöld, rån m.m., Rån, inkl. grovt (5, 6 §), Bankrån, Utan användning av skjutvapen",5,11522.0,"Brott mot brottsbalken, 8-12 kap. Brott mot förmögenhet, 8 kap. Stöld, rån m.m., Rån, inkl. grovt (5, 6 §)",Brott mot brottsbalken,"Brott mot brottsbalken, 8-12 kap. Brott mot förmögenhet","Brott mot brottsbalken, 8-12 kap. Brott mot förmögenhet, 8 kap. Stöld, rån m.m.","Brott mot brottsbalken, 8-12 kap. Brott mot förmögenhet, 8 kap. Stöld, rån m.m., Rån, inkl. grovt (5, 6 §)","Brott mot brottsbalken, 8-12 kap. Brott mot förmögenhet, 8 kap. Stöld, rån m.m., Rån, inkl. grovt (5, 6 §), Bankrån, Utan användning av skjutvapen",False
11526,"Brott mot brottsbalken, 8-12 kap. Brott mot förmögenhet, 8 kap. Stöld, rån m.m., Rån, inkl. grovt (5, 6 §), Butiksrån",5,11522.0,"Brott mot brottsbalken, 8-12 kap. Brott mot förmögenhet, 8 kap. Stöld, rån m.m., Rån, inkl. grovt (5, 6 §)",Brott mot brottsbalken,"Brott mot brottsbalken, 8-12 kap. Brott mot förmögenhet","Brott mot brottsbalken, 8-12 kap. Brott mot förmögenhet, 8 kap. Stöld, rån m.m.","Brott mot brottsbalken, 8-12 kap. Brott mot förmögenhet, 8 kap. Stöld, rån m.m., Rån, inkl. grovt (5, 6 §)","Brott mot brottsbalken, 8-12 kap. Brott mot förmögenhet, 8 kap. Stöld, rån m.m., Rån, inkl. grovt (5, 6 §), Butiksrån",False
11540,"Brott mot brottsbalken, 8-12 kap. Brott mot förmögenhet, 8 kap. Stöld, rån m.m., Rån, inkl. grovt (5, 6 §), Butiksrån, Med användning av skjutvapen",5,11522.0,"Brott mot brottsbalken, 8-12 kap. Brott mot förmögenhet, 8 kap. Stöld, rån m.m., Rån, inkl. grovt (5, 6 §)",Brott mot brottsbalken,"Brott mot brottsbalken, 8-12 kap. Brott mot förmögenhet","Brott mot brottsbalken, 8-12 kap. Brott mot förmögenhet, 8 kap. Stöld, rån m.m.","Brott mot brottsbalken, 8-12 kap. Brott mot förmögenhet, 8 kap. Stöld, rån m.m., Rån, inkl. grovt (5, 6 §)","Brott mot brottsbalken, 8-12 kap. Brott mot förmögenhet, 8 kap. Stöld, rån m.m., Rån, inkl. grovt (5, 6 §), Butiksrån, Med användning av skjutvapen",False
11551,"Brott mot brottsbalken, 8-12 kap. Brott mot förmögenhet, 8 kap. Stöld, rån m.m., Rån, inkl. grovt (5, 6 §), Butiksrån, Utan användning av skjutvapen",5,11522.0,"Brott mot brottsbalken, 8-12 kap. Brott mot förmögenhet, 8 kap. Stöld, rån m.m., Rån, inkl. grovt (5, 6 §)",Brott mot brottsbalken,"Brott mot brottsbalken, 8-12 kap. Brott mot förmögenhet","Brott mot brottsbalken, 8-12 kap. Brott mot förmögenhet, 8 kap. Stöld, rån m.m.","Brott mot brottsbalken, 8-12 kap. Brott mot förmögenhet, 8 kap. Stöld, rån m.m., Rån, inkl. grovt (5, 6 §)","Brott mot brottsbalken, 8-12 kap. Brott mot förmögenhet, 8 kap. Stöld, rån m.m., Rån, inkl. grovt (5, 6 §), Butiksrån, Utan användning av skjutvapen",False
11530,"Brott mot brottsbalken, 8-12 kap. Brott mot förmögenhet, 8 kap. Stöld, rån m.m., Rån, inkl. grovt (5, 6 §), Postrån (t.o.m. 2007-06)",5,11522.0,"Brott mot brottsbalken, 8-12 kap. Brott mot förmögenhet, 8 kap. Stöld, rån m.m., Rån, inkl. grovt (5, 6 §)",Brott mot brottsbalken,"Brott mot brottsbalken, 8-12 kap. Brott mot förmögenhet","Brott mot brottsbalken, 8-12 kap. Brott mot förmögenhet, 8 kap. Stöld, rån m.m.","Brott mot brottsbalken, 8-12 kap. Brott mot förmögenhet, 8 kap. Stöld, rån m.m., Rån, inkl. grovt (5, 6 §)","Brott mot brottsbalken, 8-12 kap. Brott mot förmögenhet, 8 kap. Stöld, rån m.m., Rån, inkl. grovt (5, 6 §), Postrån (t.o.m. 2007-06)",False
11544,"Brott mot brottsbalken, 8-12 kap. Brott mot förmögenhet, 8 kap. Stöld, rån m.m., Rån, inkl. grovt (5, 6 §), Postrån (t.o.m. 2007-06), Med användning av skjutvapen (t.o.m. 2007)",5,11522.0,"Brott mot brottsbalken, 8-12 kap. Brott mot förmögenhet, 8 kap. Stöld, rån m.m., Rån, inkl. grovt (5, 6 §)",Brott mot brottsbalken,"Brott mot brottsbalken, 8-12 kap. Brott mot förmögenhet","Brott mot brottsbalken, 8-12 kap. Brott mot förmögenhet, 8 kap. Stöld, rån m.m.","Brott mot brottsbalken, 8-12 kap. Brott mot förmögenhet, 8 kap. Stöld, rån m.m., Rån, inkl. grovt (5, 6 §)","Brott mot brottsbalken, 8-12 kap. Brott mot förmögenhet, 8 kap. Stöld, rån m.m., Rån, inkl. grovt (5, 6 §), Postrån (t.o.m. 2007-06), Med användning av skjutvapen (t.o.m. 2007)",False
11555,"Brott mot brottsbalken, 8-12 kap. Brott mot förmögenhet, 8 kap. Stöld, rån m.m., Rån, inkl. grovt (5, 6 §), Postrån (t.o.m. 2007-06), Utan användning av skjutvapen (t.o.m. 2007)",5,11522.0,"Brott mot brottsbalken, 8-12 kap. Brott mot förmögenhet, 8 kap. Stöld, rån m.m., Rån, inkl. grovt (5, 6 §)",Brott mot brottsbalken,"Brott mot brottsbalken, 8-12 kap. Brott mot förmögenhet","Brott mot brottsbalken, 8-12 kap. Brott mot förmögenhet, 8 kap. Stöld, rån m.m.","Brott mot brottsbalken, 8-12 kap. Brott mot förmögenhet, 8 kap. Stöld, rån m.m., Rån, inkl. grovt (5, 6 §)","Brott mot brottsbalken, 8-12 kap. Brott mot förmögenhet, 8 kap. Stöld, rån m.m., Rån, inkl. grovt (5, 6 §), Postrån (t.o.m. 2007-06), Utan användning av skjutvapen (t.o.m. 2007)",False
12965,"Brott mot brottsbalken, 8-12 kap. Brott mot förmögenhet, 8 kap. Stöld, rån m.m., Rån, inkl. grovt (5, 6 §), Rån mot ej äldre/funktionsnedsatt privatperson ",5,11522.0,"Brott mot brottsbalken, 8-12 kap. Brott mot förmögenhet, 8 kap. Stöld, rån m.m., Rån, inkl. grovt (5, 6 §)",Brott mot brottsbalken,"Brott mot brottsbalken, 8-12 kap. Brott mot förmögenhet","Brott mot brottsbalken, 8-12 kap. Brott mot förmögenhet, 8 kap. Stöld, rån m.m.","Brott mot brottsbalken, 8-12 kap. Brott mot förmögenhet, 8 kap. Stöld, rån m.m., Rån, inkl. grovt (5, 6 §)","Brott mot brottsbalken, 8-12 kap. Brott mot förmögenhet, 8 kap. Stöld, rån m.m., Rån, inkl. grovt (5, 6 §), Rån mot ej äldre/funktionsnedsatt privatperson ",False
12967,"Brott mot brottsbalken, 8-12 kap. Brott mot förmögenhet, 8 kap. Stöld, rån m.m., Rån, inkl. grovt (5, 6 §), Rån mot ej äldre/funktionsnedsatt privatperson , Med användning av skjutvapen",5,11522.0,"Brott mot brottsbalken, 8-12 kap. Brott mot förmögenhet, 8 kap. Stöld, rån m.m., Rån, inkl. grovt (5, 6 §)",Brott mot brottsbalken,"Brott mot brottsbalken, 8-12 kap. Brott mot förmögenhet","Brott mot brottsbalken, 8-12 kap. Brott mot förmögenhet, 8 kap. Stöld, rån m.m.","Brott mot brottsbalken, 8-12 kap. Brott mot förmögenhet, 8 kap. Stöld, rån m.m., Rån, inkl. grovt (5, 6 §)","Brott mot brottsbalken, 8-12 kap. Brott mot förmögenhet, 8 kap. Stöld, rån m.m., Rån, inkl. grovt (5, 6 §), Rån mot ej äldre/funktionsnedsatt privatperson , Med användning av skjutvapen",False
12977,"Brott mot brottsbalken, 8-12 kap. Brott mot förmögenhet, 8 kap. Stöld, rån m.m., Rån, inkl. grovt (5, 6 §), Rån mot ej äldre/funktionsnedsatt privatperson , Med användning av skjutvapen, Inomhus",5,11522.0,"Brott mot brottsbalken, 8-12 kap. Brott mot förmögenhet, 8 kap. Stöld, rån m.m., Rån, inkl. grovt (5, 6 §)",Brott mot brottsbalken,"Brott mot brottsbalken, 8-12 kap. Brott mot förmögenhet","Brott mot brottsbalken, 8-12 kap. Brott mot förmögenhet, 8 kap. Stöld, rån m.m.","Brott mot brottsbalken, 8-12 kap. Brott mot förmögenhet, 8 kap. Stöld, rån m.m., Rån, inkl. grovt (5, 6 §)","Brott mot brottsbalken, 8-12 kap. Brott mot förmögenhet, 8 kap. Stöld, rån m.m., Rån, inkl. grovt (5, 6 §), Rån mot ej äldre/funktionsnedsatt privatperson , Med användning av skjutvapen, Inomhus",False
12972,"Brott mot brottsbalken, 8-12 kap. Brott mot förmögenhet, 8 kap. Stöld, rån m.m., Rån, inkl. grovt (5, 6 §), Rån mot ej äldre/funktionsnedsatt privatperson , Med användning av skjutvapen, Utomhus",5,11522.0,"Brott mot brottsbalken, 8-12 kap. Brott mot förmögenhet, 8 kap. Stöld, rån m.m., Rån, inkl. grovt (5, 6 §)",Brott mot brottsbalken,"Brott mot brottsbalken, 8-12 kap. Brott mot förmögenhet","Brott mot brottsbalken, 8-12 kap. Brott mot förmögenhet, 8 kap. Stöld, rån m.m.","Brott mot brottsbalken, 8-12 kap. Brott mot förmögenhet, 8 kap. Stöld, rån m.m., Rån, inkl. grovt (5, 6 §)","Brott mot brottsbalken, 8-12 kap. Brott mot förmögenhet, 8 kap. Stöld, rån m.m., Rån, inkl. grovt (5, 6 §), Rån mot ej äldre/funktionsnedsatt privatperson , Med användning av skjutvapen, Utomhus",False
13007,"Brott mot brottsbalken, 8-12 kap. Brott mot förmögenhet, 8 kap. Stöld, rån m.m., Rån, inkl. grovt (5, 6 §), Rån mot ej äldre/funktionsnedsatt privatperson , Mot person 18 år eller äldre",5,11522.0,"Brott mot brottsbalken, 8-12 kap. Brott mot förmögenhet, 8 kap. Stöld, rån m.m., Rån, inkl. grovt (5, 6 §)",Brott mot brottsbalken,"Brott mot brottsbalken, 8-12 kap. Brott mot förmögenhet","Brott mot brottsbalken, 8-12 kap. Brott mot förmögenhet, 8 kap. Stöld, rån m.m.","Brott mot brottsbalken, 8-12 kap. Brott mot förmögenhet, 8 kap. Stöld, rån m.m., Rån, inkl. grovt (5, 6 §)","Brott mot brottsbalken, 8-12 kap. Brott mot förmögenhet, 8 kap. Stöld, rån m.m., Rån, inkl. grovt (5, 6 §), Rån mot ej äldre/funktionsnedsatt privatperson , Mot person 18 år eller äldre",False
13010,"Brott mot brottsbalken, 8-12 kap. Brott mot förmögenhet, 8 kap. Stöld, rån m.m., Rån, inkl. grovt (5, 6 §), Rån mot ej äldre/funktionsnedsatt privatperson , Mot person 18 år eller äldre, Med användning av skjutvapen",5,11522.0,"Brott mot brottsbalken, 8-12 kap. Brott mot förmögenhet, 8 kap. Stöld, rån m.m., Rån, inkl. grovt (5, 6 §)",Brott mot brottsbalken,"Brott mot brottsbalken, 8-12 kap. Brott mot förmögenhet","Brott mot brottsbalken, 8-12 kap. Brott mot förmögenhet, 8 kap. Stöld, rån m.m.","Brott mot brottsbalken, 8-12 kap. Brott mot förmögenhet, 8 kap. Stöld, rån m.m., Rån, inkl. grovt (5, 6 §)","Brott mot brottsbalken, 8-12 kap. Brott mot förmögenhet, 8 kap. Stöld, rån m.m., Rån, inkl. grovt (5, 6 §), Rån mot ej äldre/funktionsnedsatt privatperson , Mot person 18 år eller äldre, Med användning av skjutvapen",False
13019,"Brott mot brottsbalken, 8-12 kap. Brott mot förmögenhet, 8 kap. Stöld, rån m.m., Rån, inkl. grovt (5, 6 §), Rån mot ej äldre/funktionsnedsatt privatperson , Mot person 18 år eller äldre, Med användning av skjutvapen, Inomhus",5,11522.0,"Brott mot brottsbalken, 8-12 kap. Brott mot förmögenhet, 8 kap. Stöld, rån m.m., Rån, inkl. grovt (5, 6 §)",Brott mot brottsbalken,"Brott mot brottsbalken, 8-12 kap. Brott mot förmögenhet","Brott mot brottsbalken, 8-12 kap. Brott mot förmögenhet, 8 kap. Stöld, rån m.m.","Brott mot brottsbalken, 8-12 kap. Brott mot förmögenhet, 8 kap. Stöld, rån m.m., Rån, inkl. grovt (5, 6 §)","Brott mot brottsbalken, 8-12 kap. Brott mot förmögenhet, 8 kap. Stöld, rån m.m., Rån, inkl. grovt (5, 6 §), Rån mot ej äldre/funktionsnedsatt privatperson , Mot person 18 år eller äldre, Med användning av skjutvapen, Inomhus",False
13015,"Brott mot brottsbalken, 8-12 kap. Brott mot förmögenhet, 8 kap. Stöld, rån m.m., Rån, inkl. grovt (5, 6 §), Rån mot ej äldre/funktionsnedsatt privatperson , Mot person 18 år eller äldre, Med användning av skjutvapen, Utomhus",5,11522.0,"Brott mot brottsbalken, 8-12 kap. Brott mot förmögenhet, 8 kap. Stöld, rån m.m., Rån, inkl. grovt (5, 6 §)",Brott mot brottsbalken,"Brott mot brottsbalken, 8-12 kap. Brott mot förmögenhet","Brott mot brottsbalken, 8-12 kap. Brott mot förmögenhet, 8 kap. Stöld, rån m.m.","Brott mot brottsbalken, 8-12 kap. Brott mot förmögenhet, 8 kap. Stöld, rån m.m., Rån, inkl. grovt (5, 6 §)","Brott mot brottsbalken, 8-12 kap. Brott mot förmögenhet, 8 kap. Stöld, rån m.m., Rån, inkl. grovt (5, 6 §), Rån mot ej äldre/funktionsnedsatt privatperson , Mot person 18 år eller äldre, Med användning av skjutvapen, Utomhus",False
13012,"Brott mot brottsbalken, 8-12 kap. Brott mot förmögenhet, 8 kap. Stöld, rån m.m., Rån, inkl. grovt (5, 6 §), Rån mot ej äldre/funktionsnedsatt privatperson , Mot person 18 år eller äldre, Utan användning av skjutvapen",5,11522.0,"Brott mot brottsbalken, 8-12 kap. Brott mot förmögenhet, 8 kap. Stöld, rån m.m., Rån, inkl. grovt (5, 6 §)",Brott mot brottsbalken,"Brott mot brottsbalken, 8-12 kap. Brott mot förmögenhet","Brott mot brottsbalken, 8-12 kap. Brott mot förmögenhet, 8 kap. Stöld, rån m.m.","Brott mot brottsbalken, 8-12 kap. Brott mot förmögenhet, 8 kap. Stöld, rån m.m., Rån, inkl. grovt (5, 6 §)","Brott mot brottsbalken, 8-12 kap. Brott mot förmögenhet, 8 kap. Stöld, rån m.m., Rån, inkl. grovt (5, 6 §), Rån mot ej äldre/funktionsnedsatt privatperson , Mot person 18 år eller äldre, Utan användning av skjutvapen",False
13020,"Brott mot brottsbalken, 8-12 kap. Brott mot förmögenhet, 8 kap. Stöld, rån m.m., Rån, inkl. grovt (5, 6 §), Rån mot ej äldre/funktionsnedsatt privatperson , Mot person 18 år eller äldre, Utan användning av skjutvapen, Inomhus",5,11522.0,"Brott mot brottsbalken, 8-12 kap. Brott mot förmögenhet, 8 kap. Stöld, rån m.m., Rån, inkl. grovt (5, 6 §)",Brott mot brottsbalken,"Brott mot brottsbalken, 8-12 kap. Brott mot förmögenhet","Brott mot brottsbalken, 8-12 kap. Brott mot förmögenhet, 8 kap. Stöld, rån m.m.","Brott mot brottsbalken, 8-12 kap. Brott mot förmögenhet, 8 kap. Stöld, rån m.m., Rån, inkl. grovt (5, 6 §)","Brott mot brottsbalken, 8-12 kap. Brott mot förmögenhet, 8 kap. Stöld, rån m.m., Rån, inkl. grovt (5, 6 §), Rån mot ej äldre/funktionsnedsatt privatperson , Mot person 18 år eller äldre, Utan användning av skjutvapen, Inomhus",False
13016,"Brott mot brottsbalken, 8-12 kap. Brott mot förmögenhet, 8 kap. Stöld, rån m.m., Rån, inkl. grovt (5, 6 §), Rån mot ej äldre/funktionsnedsatt privatperson , Mot person 18 år eller äldre, Utan användning av skjutvapen, Utomhus",5,11522.0,"Brott mot brottsbalken, 8-12 kap. Brott mot förmögenhet, 8 kap. Stöld, rån m.m., Rån, inkl. grovt (5, 6 §)",Brott mot brottsbalken,"Brott mot brottsbalken, 8-12 kap. Brott mot förmögenhet","Brott mot brottsbalken, 8-12 kap. Brott mot förmögenhet, 8 kap. Stöld, rån m.m.","Brott mot brottsbalken, 8-12 kap. Brott mot förmögenhet, 8 kap. Stöld, rån m.m., Rån, inkl. grovt (5, 6 §)","Brott mot brottsbalken, 8-12 kap. Brott mot förmögenhet, 8 kap. Stöld, rån m.m., Rån, inkl. grovt (5, 6 §), Rån mot ej äldre/funktionsnedsatt privatperson , Mot person 18 år eller äldre, Utan användning av skjutvapen, Utomhus",False
13006,"Brott mot brottsbalken, 8-12 kap. Brott mot förmögenhet, 8 kap. Stöld, rån m.m., Rån, inkl. grovt (5, 6 §), Rån mot ej äldre/funktionsnedsatt privatperson , Mot person under 18 år",5,11522.0,"Brott mot brottsbalken, 8-12 kap. Brott mot förmögenhet, 8 kap. Stöld, rån m.m., Rån, inkl. grovt (5, 6 §)",Brott mot brottsbalken,"Brott mot brottsbalken, 8-12 kap. Brott mot förmögenhet","Brott mot brottsbalken, 8-12 kap. Brott mot förmögenhet, 8 kap. Stöld, rån m.m.","Brott mot brottsbalken, 8-12 kap. Brott mot förmögenhet, 8 kap. Stöld, rån m.m., Rån, inkl. grovt (5, 6 §)","Brott mot brottsbalken, 8-12 kap. Brott mot förmögenhet, 8 kap. Stöld, rån m.m., Rån, inkl. grovt (5, 6 §), Rån mot ej äldre/funktionsnedsatt privatperson , Mot person under 18 år",False
13009,"Brott mot brottsbalken, 8-12 kap. Brott mot förmögenhet, 8 kap. Stöld, rån m.m., Rån, inkl. grovt (5, 6 §), Rån mot ej äldre/funktionsnedsatt privatperson , Mot person under 18 år, Med användning av skjutvapen",5,11522.0,"Brott mot brottsbalken, 8-12 kap. Brott mot förmögenhet, 8 kap. Stöld, rån m.m., Rån, inkl. grovt (5, 6 §)",Brott mot brottsbalken,"Brott mot brottsbalken, 8-12 kap. Brott mot förmögenhet","Brott mot brottsbalken, 8-12 kap. Brott mot förmögenhet, 8 kap. Stöld, rån m.m.","Brott mot brottsbalken, 8-12 kap. Brott mot förmögenhet, 8 kap. Stöld, rån m.m., Rån, inkl. grovt (5, 6 §)","Brott mot brottsbalken, 8-12 kap. Brott mot förmögenhet, 8 kap. Stöld, rån m.m., Rån, inkl. grovt (5, 6 §), Rån mot ej äldre/funktionsnedsatt privatperson , Mot person under 18 år, Med användning av skjutvapen",False
13017,"Brott mot brottsbalken, 8-12 kap. Brott mot förmögenhet, 8 kap. Stöld, rån m.m., Rån, inkl. grovt (5, 6 §), Rån mot ej äldre/funktionsnedsatt privatperson , Mot person under 18 år, Med användning av skjutvapen, Inomhus",5,11522.0,"Brott mot brottsbalken, 8-12 kap. Brott mot förmögenhet, 8 kap. Stöld, rån m.m., Rån, inkl. grovt (5, 6 §)",Brott mot brottsbalken,"Brott mot brottsbalken, 8-12 kap. Brott mot förmögenhet","Brott mot brottsbalken, 8-12 kap. Brott mot förmögenhet, 8 kap. Stöld, rån m.m.","Brott mot brottsbalken, 8-12 kap. Brott mot förmögenhet, 8 kap. Stöld, rån m.m., Rån, inkl. grovt (5, 6 §)","Brott mot brottsbalken, 8-12 kap. Brott mot förmögenhet, 8 kap. Stöld, rån m.m., Rån, inkl. grovt (5, 6 §), Rån mot ej äldre/funktionsnedsatt privatperson , Mot person under 18 år, Med användning av skjutvapen, Inomhus",False
13013,"Brott mot brottsbalken, 8-12 kap. Brott mot förmögenhet, 8 kap. Stöld, rån m.m., Rån, inkl. grovt (5, 6 §), Rån mot ej äldre/funktionsnedsatt privatperson , Mot person under 18 år, Med användning av skjutvapen, Utomhus",5,11522.0,"Brott mot brottsbalken, 8-12 kap. Brott mot förmögenhet, 8 kap. Stöld, rån m.m., Rån, inkl. grovt (5, 6 §)",Brott mot brottsbalken,"Brott mot brottsbalken, 8-12 kap. Brott mot förmögenhet","Brott mot brottsbalken, 8-12 kap. Brott mot förmögenhet, 8 kap. Stöld, rån m.m.","Brott mot brottsbalken, 8-12 kap. Brott mot förmögenhet, 8 kap. Stöld, rån m.m., Rån, inkl. grovt (5, 6 §)","Brott mot brottsbalken, 8-12 kap. Brott mot förmögenhet, 8 kap. Stöld, rån m.m., Rån, inkl. grovt (5, 6 §), Rån mot ej äldre/funktionsnedsatt privatperson , Mot person under 18 år, Med användning av skjutvapen, Utomhus",False
13011,"Brott mot brottsbalken, 8-12 kap. Brott mot förmögenhet, 8 kap. Stöld, rån m.m., Rån, inkl. grovt (5, 6 §), Rån mot ej äldre/funktionsnedsatt privatperson , Mot person under 18 år, Utan användning av skjutvapen",5,11522.0,"Brott mot brottsbalken, 8-12 kap. Brott mot förmögenhet, 8 kap. Stöld, rån m.m., Rån, inkl. grovt (5, 6 §)",Brott mot brottsbalken,"Brott mot brottsbalken, 8-12 kap. Brott mot förmögenhet","Brott mot brottsbalken, 8-12 kap. Brott mot förmögenhet, 8 kap. Stöld, rån m.m.","Brott mot brottsbalken, 8-12 kap. Brott mot förmögenhet, 8 kap. Stöld, rån m.m., Rån, inkl. grovt (5, 6 §)","Brott mot brottsbalken, 8-12 kap. Brott mot förmögenhet, 8 kap. Stöld, rån m.m., Rån, inkl. grovt (5, 6 §), Rån mot ej äldre/funktionsnedsatt privatperson , Mot person under 18 år, Utan användning av skjutvapen",False
13018,"Brott mot brottsbalken, 8-12 kap. Brott mot förmögenhet, 8 kap. Stöld, rån m.m., Rån, inkl. grovt (5, 6 §), Rån mot ej äldre/funktionsnedsatt privatperson , Mot person under 18 år, Utan användning av skjutvapen, Inomhus",5,11522.0,"Brott mot brottsbalken, 8-12 kap. Brott mot förmögenhet, 8 kap. Stöld, rån m.m., Rån, inkl. grovt (5, 6 §)",Brott mot brottsbalken,"Brott mot brottsbalken, 8-12 kap. Brott mot förmögenhet","Brott mot brottsbalken, 8-12 kap. Brott mot förmögenhet, 8 kap. Stöld, rån m.m.","Brott mot brottsbalken, 8-12 kap. Brott mot förmögenhet, 8 kap. Stöld, rån m.m., Rån, inkl. grovt (5, 6 §)","Brott mot brottsbalken, 8-12 kap. Brott mot förmögenhet, 8 kap. Stöld, rån m.m., Rån, inkl. grovt (5, 6 §), Rån mot ej äldre/funktionsnedsatt privatperson , Mot person under 18 år, Utan användning av skjutvapen, Inomhus",False
13014,"Brott mot brottsbalken, 8-12 kap. Brott mot förmögenhet, 8 kap. Stöld, rån m.m., Rån, inkl. grovt (5, 6 §), Rån mot ej äldre/funktionsnedsatt privatperson , Mot person under 18 år, Utan användning av skjutvapen, Utomhus",5,11522.0,"Brott mot brottsbalken, 8-12 kap. Brott mot förmögenhet, 8 kap. Stöld, rån m.m., Rån, inkl. grovt (5, 6 §)",Brott mot brottsbalken,"Brott mot brottsbalken, 8-12 kap. Brott mot förmögenhet","Brott mot brottsbalken, 8-12 kap. Brott mot förmögenhet, 8 kap. Stöld, rån m.m.","Brott mot brottsbalken, 8-12 kap. Brott mot förmögenhet, 8 kap. Stöld, rån m.m., Rån, inkl. grovt (5, 6 §)","Brott mot brottsbalken, 8-12 kap. Brott mot förmögenhet, 8 kap. Stöld, rån m.m., Rån, inkl. grovt (5, 6 §), Rån mot ej äldre/funktionsnedsatt privatperson , Mot person under 18 år, Utan användning av skjutvapen, Utomhus",False
12969,"Brott mot brottsbalken, 8-12 kap. Brott mot förmögenhet, 8 kap. Stöld, rån m.m., Rån, inkl. grovt (5, 6 §), Rån mot ej äldre/funktionsnedsatt privatperson , Utan användning av skjutvapen",5,11522.0,"Brott mot brottsbalken, 8-12 kap. Brott mot förmögenhet, 8 kap. Stöld, rån m.m., Rån, inkl. grovt (5, 6 §)",Brott mot brottsbalken,"Brott mot brottsbalken, 8-12 kap. Brott mot förmögenhet","Brott mot brottsbalken, 8-12 kap. Brott mot förmögenhet, 8 kap. Stöld, rån m.m.","Brott mot brottsbalken, 8-12 kap. Brott mot förmögenhet, 8 kap. Stöld, rån m.m., Rån, inkl. grovt (5, 6 §)","Brott mot brottsbalken, 8-12 kap. Brott mot förmögenhet, 8 kap. Stöld, rån m.m., Rån, inkl. grovt (5, 6 §), Rån mot ej äldre/funktionsnedsatt privatperson , Utan användning av skjutvapen",False
12978,"Brott mot brottsbalken, 8-12 kap. Brott mot förmögenhet, 8 kap. Stöld, rån m.m., Rån, inkl. grovt (5, 6 §), Rån mot ej äldre/funktionsnedsatt privatperson , Utan användning av skjutvapen, Inomhus",5,11522.0,"Brott mot brottsbalken, 8-12 kap. Brott mot förmögenhet, 8 kap. Stöld, rån m.m., Rån, inkl. grovt (5, 6 §)",Brott mot brottsbalken,"Brott mot brottsbalken, 8-12 kap. Brott mot förmögenhet","Brott mot brottsbalken, 8-12 kap. Brott mot förmögenhet, 8 kap. Stöld, rån m.m.","Brott mot brottsbalken, 8-12 kap. Brott mot förmögenhet, 8 kap. Stöld, rån m.m., Rån, inkl. grovt (5, 6 §)","Brott mot brottsbalken, 8-12 kap. Brott mot förmögenhet, 8 kap. Stöld, rån m.m., Rån, inkl. grovt (5, 6 §), Rån mot ej äldre/funktionsnedsatt privatperson , Utan användning av skjutvapen, Inomhus",False
12973,"Brott mot brottsbalken, 8-12 kap. Brott mot förmögenhet, 8 kap. Stöld, rån m.m., Rån, inkl. grovt (5, 6 §), Rån mot ej äldre/funktionsnedsatt privatperson , Utan användning av skjutvapen, Utomhus",5,11522.0,"Brott mot brottsbalken, 8-12 kap. Brott mot förmögenhet, 8 kap. Stöld, rån m.m., Rån, inkl. grovt (5, 6 §)",Brott mot brottsbalken,"Brott mot brottsbalken, 8-12 kap. Brott mot förmögenhet","Brott mot brottsbalken, 8-12 kap. Brott mot förmögenhet, 8 kap. Stöld, rån m.m.","Brott mot brottsbalken, 8-12 kap. Brott mot förmögenhet, 8 kap. Stöld, rån m.m., Rån, inkl. grovt (5, 6 §)","Brott mot brottsbalken, 8-12 kap. Brott mot förmögenhet, 8 kap. Stöld, rån m.m., Rån, inkl. grovt (5, 6 §), Rån mot ej äldre/funktionsnedsatt privatperson , Utan användning av skjutvapen, Utomhus",False
11527,"Brott mot brottsbalken, 8-12 kap. Brott mot förmögenhet, 8 kap. Stöld, rån m.m., Rån, inkl. grovt (5, 6 §), Rån mot värdebefordran",5,11522.0,"Brott mot brottsbalken, 8-12 kap. Brott mot förmögenhet, 8 kap. Stöld, rån m.m., Rån, inkl. grovt (5, 6 §)",Brott mot brottsbalken,"Brott mot brottsbalken, 8-12 kap. Brott mot förmögenhet","Brott mot brottsbalken, 8-12 kap. Brott mot förmögenhet, 8 kap. Stöld, rån m.m.","Brott mot brottsbalken, 8-12 kap. Brott mot förmögenhet, 8 kap. Stöld, rån m.m., Rån, inkl. grovt (5, 6 §)","Brott mot brottsbalken, 8-12 kap. Brott mot förmögenhet, 8 kap. Stöld, rån m.m., Rån, inkl. grovt (5, 6 §), Rån mot värdebefordran",False
11541,"Brott mot brottsbalken, 8-12 kap. Brott mot förmögenhet, 8 kap. Stöld, rån m.m., Rån, inkl. grovt (5, 6 §), Rån mot värdebefordran, Med användning av skjutvapen",5,11522.0,"Brott mot brottsbalken, 8-12 kap. Brott mot förmögenhet, 8 kap. Stöld, rån m.m., Rån, inkl. grovt (5, 6 §)",Brott mot brottsbalken,"Brott mot brottsbalken, 8-12 kap. Brott mot förmögenhet","Brott mot brottsbalken, 8-12 kap. Brott mot förmögenhet, 8 kap. Stöld, rån m.m.","Brott mot brottsbalken, 8-12 kap. Brott mot förmögenhet, 8 kap. Stöld, rån m.m., Rån, inkl. grovt (5, 6 §)","Brott mot brottsbalken, 8-12 kap. Brott mot förmögenhet, 8 kap. Stöld, rån m.m., Rån, inkl. grovt (5, 6 §), Rån mot värdebefordran, Med användning av skjutvapen",False
11552,"Brott mot brottsbalken, 8-12 kap. Brott mot förmögenhet, 8 kap. Stöld, rån m.m., Rån, inkl. grovt (5, 6 §), Rån mot värdebefordran, Utan användning av skjutvapen",5,11522.0,"Brott mot brottsbalken, 8-12 kap. Brott mot förmögenhet, 8 kap. Stöld, rån m.m., Rån, inkl. grovt (5, 6 §)",Brott mot brottsbalken,"Brott mot brottsbalken, 8-12 kap. Brott mot förmögenhet","Brott mot brottsbalken, 8-12 kap. Brott mot förmögenhet, 8 kap. Stöld, rån m.m.","Brott mot brottsbalken, 8-12 kap. Brott mot förmögenhet, 8 kap. Stöld, rån m.m., Rån, inkl. grovt (5, 6 §)","Brott mot brottsbalken, 8-12 kap. Brott mot förmögenhet, 8 kap. Stöld, rån m.m., Rån, inkl. grovt (5, 6 §), Rån mot värdebefordran, Utan användning av skjutvapen",False
11528,"Brott mot brottsbalken, 8-12 kap. Brott mot förmögenhet, 8 kap. Stöld, rån m.m., Rån, inkl. grovt (5, 6 §), Rån mot värdetransport",5,11522.0,"Brott mot brottsbalken, 8-12 kap. Brott mot förmögenhet, 8 kap. Stöld, rån m.m., Rån, inkl. grovt (5, 6 §)",Brott mot brottsbalken,"Brott mot brottsbalken, 8-12 kap. Brott mot förmögenhet","Brott mot brottsbalken, 8-12 kap. Brott mot förmögenhet, 8 kap. Stöld, rån m.m.","Brott mot brottsbalken, 8-12 kap. Brott mot förmögenhet, 8 kap. Stöld, rån m.m., Rån, inkl. grovt (5, 6 §)","Brott mot brottsbalken, 8-12 kap. Brott mot förmögenhet, 8 kap. Stöld, rån m.m., Rån, inkl. grovt (5, 6 §), Rån mot värdetransport",False
11542,"Brott mot brottsbalken, 8-12 kap. Brott mot förmögenhet, 8 kap. Stöld, rån m.m., Rån, inkl. grovt (5, 6 §), Rån mot värdetransport, Med användning av skjutvapen",5,11522.0,"Brott mot brottsbalken, 8-12 kap. Brott mot förmögenhet, 8 kap. Stöld, rån m.m., Rån, inkl. grovt (5, 6 §)",Brott mot brottsbalken,"Brott mot brottsbalken, 8-12 kap. Brott mot förmögenhet","Brott mot brottsbalken, 8-12 kap. Brott mot förmögenhet, 8 kap. Stöld, rån m.m.","Brott mot brottsbalken, 8-12 kap. Brott mot förmögenhet, 8 kap. Stöld, rån m.m., Rån, inkl. grovt (5, 6 §)","Brott mot brottsbalken, 8-12 kap. Brott mot förmögenhet, 8 kap. Stöld, rån m.m., Rån, inkl. grovt (5, 6 §), Rån mot värdetransport, Med användning av skjutvapen",False
11553,"Brott mot brottsbalken, 8-12 kap. Brott mot förmögenhet, 8 kap. Stöld, rån m.m., Rån, inkl. grovt (5, 6 §), Rån mot värdetransport, Utan användning av skjutvapen",5,11522.0,"Brott mot brottsbalken, 8-12 kap. Brott mot förmögenhet, 8 kap. Stöld, rån m.m., Rån, inkl. grovt (5, 6 §)",Brott mot brottsbalken,"Brott mot brottsbalken, 8-12 kap. Brott mot förmögenhet","Brott mot brottsbalken, 8-12 kap. Brott mot förmögenhet, 8 kap. Stöld, rån m.m.","Brott mot brottsbalken, 8-12 kap. Brott mot förmögenhet, 8 kap. Stöld, rån m.m., Rån, inkl. grovt (5, 6 §)","Brott mot brottsbalken, 8-12 kap. Brott mot förmögenhet, 8 kap. Stöld, rån m.m., Rån, inkl. grovt (5, 6 §), Rån mot värdetransport, Utan användning av skjutvapen",False
12964,"Brott mot brottsbalken, 8-12 kap. Brott mot förmögenhet, 8 kap. Stöld, rån m.m., Rån, inkl. grovt (5, 6 §), Rån mot äldre/funktionsnedsatt privatperson ",5,11522.0,"Brott mot brottsbalken, 8-12 kap. Brott mot förmögenhet, 8 kap. Stöld, rån m.m., Rån, inkl. grovt (5, 6 §)",Brott mot brottsbalken,"Brott mot brottsbalken, 8-12 kap. Brott mot förmögenhet","Brott mot brottsbalken, 8-12 kap. Brott mot förmögenhet, 8 kap. Stöld, rån m.m.","Brott mot brottsbalken, 8-12 kap. Brott mot förmögenhet, 8 kap. Stöld, rån m.m., Rån, inkl. grovt (5, 6 §)","Brott mot brottsbalken, 8-12 kap. Brott mot förmögenhet, 8 kap. Stöld, rån m.m., Rån, inkl. grovt (5, 6 §), Rån mot äldre/funktionsnedsatt privatperson ",False
12966,"Brott mot brottsbalken, 8-12 kap. Brott mot förmögenhet, 8 kap. Stöld, rån m.m., Rån, inkl. grovt (5, 6 §), Rån mot äldre/funktionsnedsatt privatperson , Med användning av skjutvapen",5,11522.0,"Brott mot brottsbalken, 8-12 kap. Brott mot förmögenhet, 8 kap. Stöld, rån m.m., Rån, inkl. grovt (5, 6 §)",Brott mot brottsbalken,"Brott mot brottsbalken, 8-12 kap. Brott mot förmögenhet","Brott mot brottsbalken, 8-12 kap. Brott mot förmögenhet, 8 kap. Stöld, rån m.m.","Brott mot brottsbalken, 8-12 kap. Brott mot förmögenhet, 8 kap. Stöld, rån m.m., Rån, inkl. grovt (5, 6 §)","Brott mot brottsbalken, 8-12 kap. Brott mot förmögenhet, 8 kap. Stöld, rån m.m., Rån, inkl. grovt (5, 6 §), Rån mot äldre/funktionsnedsatt privatperson , Med användning av skjutvapen",False
12968,"Brott mot brottsbalken, 8-12 kap. Brott mot förmögenhet, 8 kap. Stöld, rån m.m., Rån, inkl. grovt (5, 6 §), Rån mot äldre/funktionsnedsatt privatperson , Utan användning av skjutvapen",5,11522.0,"Brott mot brottsbalken, 8-12 kap. Brott mot förmögenhet, 8 kap. Stöld, rån m.m., Rån, inkl. grovt (5, 6 §)",Brott mot brottsbalken,"Brott mot brottsbalken, 8-12 kap. Brott mot förmögenhet","Brott mot brottsbalken, 8-12 kap. Brott mot förmögenhet, 8 kap. Stöld, rån m.m.","Brott mot brottsbalken, 8-12 kap. Brott mot förmögenhet, 8 kap. Stöld, rån m.m., Rån, inkl. grovt (5, 6 §)","Brott mot brottsbalken, 8-12 kap. Brott mot förmögenhet, 8 kap. Stöld, rån m.m., Rån, inkl. grovt (5, 6 §), Rån mot äldre/funktionsnedsatt privatperson , Utan användning av skjutvapen",False
13042,"Brott mot brottsbalken, 8-12 kap. Brott mot förmögenhet, 8 kap. Stöld, rån m.m., Rån, inkl. grovt (5, 6 §), Samtliga rån med användning av skjutvapen",5,11522.0,"Brott mot brottsbalken, 8-12 kap. Brott mot förmögenhet, 8 kap. Stöld, rån m.m., Rån, inkl. grovt (5, 6 §)",Brott mot brottsbalken,"Brott mot brottsbalken, 8-12 kap. Brott mot förmögenhet","Brott mot brottsbalken, 8-12 kap. Brott mot förmögenhet, 8 kap. Stöld, rån m.m.","Brott mot brottsbalken, 8-12 kap. Brott mot förmögenhet, 8 kap. Stöld, rån m.m., Rån, inkl. grovt (5, 6 §)","Brott mot brottsbalken, 8-12 kap. Brott mot förmögenhet, 8 kap. Stöld, rån m.m., Rån, inkl. grovt (5, 6 §), Samtliga rån med användning av skjutvapen",False
13043,"Brott mot brottsbalken, 8-12 kap. Brott mot förmögenhet, 8 kap. Stöld, rån m.m., Rån, inkl. grovt (5, 6 §), Samtliga rån utan användning av skjutvapen",5,11522.0,"Brott mot brottsbalken, 8-12 kap. Brott mot förmögenhet, 8 kap. Stöld, rån m.m., Rån, inkl. grovt (5, 6 §)",Brott mot brottsbalken,"Brott mot brottsbalken, 8-12 kap. Brott mot förmögenhet","Brott mot brottsbalken, 8-12 kap. Brott mot förmögenhet, 8 kap. Stöld, rån m.m.","Brott mot brottsbalken, 8-12 kap. Brott mot förmögenhet, 8 kap. Stöld, rån m.m., Rån, inkl. grovt (5, 6 §)","Brott mot brottsbalken, 8-12 kap. Brott mot förmögenhet, 8 kap. Stöld, rån m.m., Rån, inkl. grovt (5, 6 §), Samtliga rån utan användning av skjutvapen",False
11529,"Brott mot brottsbalken, 8-12 kap. Brott mot förmögenhet, 8 kap. Stöld, rån m.m., Rån, inkl. grovt (5, 6 §), Taxirån",5,11522.0,"Brott mot brottsbalken, 8-12 kap. Brott mot förmögenhet, 8 kap. Stöld, rån m.m., Rån, inkl. grovt (5, 6 §)",Brott mot brottsbalken,"Brott mot brottsbalken, 8-12 kap. Brott mot förmögenhet","Brott mot brottsbalken, 8-12 kap. Brott mot förmögenhet, 8 kap. Stöld, rån m.m.","Brott mot brottsbalken, 8-12 kap. Brott mot förmögenhet, 8 kap. Stöld, rån m.m., Rån, inkl. grovt (5, 6 §)","Brott mot brottsbalken, 8-12 kap. Brott mot förmögenhet, 8 kap. Stöld, rån m.m., Rån, inkl. grovt (5, 6 §), Taxirån",False
11543,"Brott mot brottsbalken, 8-12 kap. Brott mot förmögenhet, 8 kap. Stöld, rån m.m., Rån, inkl. grovt (5, 6 §), Taxirån, Med användning av skjutvapen",5,11522.0,"Brott mot brottsbalken, 8-12 kap. Brott mot förmögenhet, 8 kap. Stöld, rån m.m., Rån, inkl. grovt (5, 6 §)",Brott mot brottsbalken,"Brott mot brottsbalken, 8-12 kap. Brott mot förmögenhet","Brott mot brottsbalken, 8-12 kap. Brott mot förmögenhet, 8 kap. Stöld, rån m.m.","Brott mot brottsbalken, 8-12 kap. Brott mot förmögenhet, 8 kap. Stöld, rån m.m., Rån, inkl. grovt (5, 6 §)","Brott mot brottsbalken, 8-12 kap. Brott mot förmögenhet, 8 kap. Stöld, rån m.m., Rån, inkl. grovt (5, 6 §), Taxirån, Med användning av skjutvapen",False
11554,"Brott mot brottsbalken, 8-12 kap. Brott mot förmögenhet, 8 kap. Stöld, rån m.m., Rån, inkl. grovt (5, 6 §), Taxirån, Utan användning av skjutvapen",5,11522.0,"Brott mot brottsbalken, 8-12 kap. Brott mot förmögenhet, 8 kap. Stöld, rån m.m., Rån, inkl. grovt (5, 6 §)",Brott mot brottsbalken,"Brott mot brottsbalken, 8-12 kap. Brott mot förmögenhet","Brott mot brottsbalken, 8-12 kap. Brott mot förmögenhet, 8 kap. Stöld, rån m.m.","Brott mot brottsbalken, 8-12 kap. Brott mot förmögenhet, 8 kap. Stöld, rån m.m., Rån, inkl. grovt (5, 6 §)","Brott mot brottsbalken, 8-12 kap. Brott mot förmögenhet, 8 kap. Stöld, rån m.m., Rån, inkl. grovt (5, 6 §), Taxirån, Utan användning av skjutvapen",False
11539,"Brott mot brottsbalken, 8-12 kap. Brott mot förmögenhet, 8 kap. Stöld, rån m.m., Rån, inkl. grovt (5, 6 §), Övriga rån",5,11522.0,"Brott mot brottsbalken, 8-12 kap. Brott mot förmögenhet, 8 kap. Stöld, rån m.m., Rån, inkl. grovt (5, 6 §)",Brott mot brottsbalken,"Brott mot brottsbalken, 8-12 kap. Brott mot förmögenhet","Brott mot brottsbalken, 8-12 kap. Brott mot förmögenhet, 8 kap. Stöld, rån m.m.","Brott mot brottsbalken, 8-12 kap. Brott mot förmögenhet, 8 kap. Stöld, rån m.m., Rån, inkl. grovt (5, 6 §)","Brott mot brottsbalken, 8-12 kap. Brott mot förmögenhet, 8 kap. Stöld, rån m.m., Rån, inkl. grovt (5, 6 §), Övriga rån",False
11550,"Brott mot brottsbalken, 8-12 kap. Brott mot förmögenhet, 8 kap. Stöld, rån m.m., Rån, inkl. grovt (5, 6 §), Övriga rån, Med användning av skjutvapen",5,11522.0,"Brott mot brottsbalken, 8-12 kap. Brott mot förmögenhet, 8 kap. Stöld, rån m.m., Rån, inkl. grovt (5, 6 §)",Brott mot brottsbalken,"Brott mot brottsbalken, 8-12 kap. Brott mot förmögenhet","Brott mot brottsbalken, 8-12 kap. Brott mot förmögenhet, 8 kap. Stöld, rån m.m.","Brott mot brottsbalken, 8-12 kap. Brott mot förmögenhet, 8 kap. Stöld, rån m.m., Rån, inkl. grovt (5, 6 §)","Brott mot brottsbalken, 8-12 kap. Brott mot förmögenhet, 8 kap. Stöld, rån m.m., Rån, inkl. grovt (5, 6 §), Övriga rån, Med användning av skjutvapen",False
11561,"Brott mot brottsbalken, 8-12 kap. Brott mot förmögenhet, 8 kap. Stöld, rån m.m., Rån, inkl. grovt (5, 6 §), Övriga rån, Utan användning av skjutvapen",5,11522.0,"Brott mot brottsbalken, 8-12 kap. Brott mot förmögenhet, 8 kap. Stöld, rån m.m., Rån, inkl. grovt (5, 6 §)",Brott mot brottsbalken,"Brott mot brottsbalken, 8-12 kap. Brott mot förmögenhet","Brott mot brottsbalken, 8-12 kap. Brott mot förmögenhet, 8 kap. Stöld, rån m.m.","Brott mot brottsbalken, 8-12 kap. Brott mot förmögenhet, 8 kap. Stöld, rån m.m., Rån, inkl. grovt (5, 6 §)","Brott mot brottsbalken, 8-12 kap. Brott mot förmögenhet, 8 kap. Stöld, rån m.m., Rån, inkl. grovt (5, 6 §), Övriga rån, Utan användning av skjutvapen",False
11491,"Brott mot brottsbalken, 8-12 kap. Brott mot förmögenhet, 8 kap. Stöld, rån m.m., Stöld (även inbrott) av skjutvapen, ammunition och sprängämnen (1, 2, 4 §), Från militärt förråd/inom militärförläggning",5,11490.0,"Brott mot brottsbalken, 8-12 kap. Brott mot förmögenhet, 8 kap. Stöld, rån m.m., Stöld (även inbrott) av skjutvapen, ammunition och sprängämnen (1, 2, 4 §)",Brott mot brottsbalken,"Brott mot brottsbalken, 8-12 kap. Brott mot förmögenhet","Brott mot brottsbalken, 8-12 kap. Brott mot förmögenhet, 8 kap. Stöld, rån m.m.","Brott mot brottsbalken, 8-12 kap. Brott mot förmögenhet, 8 kap. Stöld, rån m.m., Stöld (även inbrott) av skjutvapen, ammunition och sprängämnen (1, 2, 4 §)","Brott mot brottsbalken, 8-12 kap. Brott mot förmögenhet, 8 kap. Stöld, rån m.m., Stöld (även inbrott) av skjutvapen, ammunition och sprängämnen (1, 2, 4 §), Från militärt förråd/inom militärförläggning",False
11492,"Brott mot brottsbalken, 8-12 kap. Brott mot förmögenhet, 8 kap. Stöld, rån m.m., Stöld (även inbrott) av skjutvapen, ammunition och sprängämnen (1, 2, 4 §), Från skytteorganisation, vapenhandlare och sprängämnesförråd",5,11490.0,"Brott mot brottsbalken, 8-12 kap. Brott mot förmögenhet, 8 kap. Stöld, rån m.m., Stöld (även inbrott) av skjutvapen, ammunition och sprängämnen (1, 2, 4 §)",Brott mot brottsbalken,"Brott mot brottsbalken, 8-12 kap. Brott mot förmögenhet","Brott mot brottsbalken, 8-12 kap. Brott mot förmögenhet, 8 kap. Stöld, rån m.m.","Brott mot brottsbalken, 8-12 kap. Brott mot förmögenhet, 8 kap. Stöld, rån m.m., Stöld (även inbrott) av skjutvapen, ammunition och sprängämnen (1, 2, 4 §)","Brott mot brottsbalken, 8-12 kap. Brott mot förmögenhet, 8 kap. Stöld, rån m.m., Stöld (även inbrott) av skjutvapen, ammunition och sprängämnen (1, 2, 4 §), Från skytteorganisation, vapenhandlare och sprängämnesförråd",False
11493,"Brott mot brottsbalken, 8-12 kap. Brott mot förmögenhet, 8 kap. Stöld, rån m.m., Stöld (även inbrott) av skjutvapen, ammunition och sprängämnen (1, 2, 4 §), I bostad (lägenhet, villa) och fritidshus",5,11490.0,"Brott mot brottsbalken, 8-12 kap. Brott mot förmögenhet, 8 kap. Stöld, rån m.m., Stöld (även inbrott) av skjutvapen, ammunition och sprängämnen (1, 2, 4 §)",Brott mot brottsbalken,"Brott mot brottsbalken, 8-12 kap. Brott mot förmögenhet","Brott mot brottsbalken, 8-12 kap. Brott mot förmögenhet, 8 kap. Stöld, rån m.m.","Brott mot brottsbalken, 8-12 kap. Brott mot förmögenhet, 8 kap. Stöld, rån m.m., Stöld (även inbrott) av skjutvapen, ammunition och sprängämnen (1, 2, 4 §)","Brott mot brottsbalken, 8-12 kap. Brott mot förmögenhet, 8 kap. Stöld, rån m.m., Stöld (även inbrott) av skjutvapen, ammunition och sprängämnen (1, 2, 4 §), I bostad (lägenhet, villa) och fritidshus",False
11494,"Brott mot brottsbalken, 8-12 kap. Brott mot förmögenhet, 8 kap. Stöld, rån m.m., Stöld (även inbrott) av skjutvapen, ammunition och sprängämnen (1, 2, 4 §), Övrig stöld av skjutvapen o.d.",5,11490.0,"Brott mot brottsbalken, 8-12 kap. Brott mot förmögenhet, 8 kap. Stöld, rån m.m., Stöld (även inbrott) av skjutvapen, ammunition och sprängämnen (1, 2, 4 §)",Brott mot brottsbalken,"Brott mot brottsbalken, 8-12 kap. Brott mot förmögenhet","Brott mot brottsbalken, 8-12 kap. Brott mot förmögenhet, 8 kap. Stöld, rån m.m.","Brott mot brottsbalken, 8-12 kap. Brott mot förmögenhet, 8 kap. Stöld, rån m.m., Stöld (även inbrott) av skjutvapen, ammunition och sprängämnen (1, 2, 4 §)","Brott mot brottsbalken, 8-12 kap. Brott mot förmögenhet, 8 kap. Stöld, rån m.m., Stöld (även inbrott) av skjutvapen, ammunition och sprängämnen (1, 2, 4 §), Övrig stöld av skjutvapen o.d.",False
11791,"Brott mot brottsbalken, 8-12 kap. Brott mot förmögenhet, 8 kap. Stöld, rån m.m., Stöld av icke motordrivet fortskaffningsmedel (1, 2, 4 §), Annat icke motordrivet fortskaffningsmedel",5,11788.0,"Brott mot brottsbalken, 8-12 kap. Brott mot förmögenhet, 8 kap. Stöld, rån m.m., Stöld av icke motordrivet fortskaffningsmedel (1, 2, 4 §)",Brott mot brottsbalken,"Brott mot brottsbalken, 8-12 kap. Brott mot förmögenhet","Brott mot brottsbalken, 8-12 kap. Brott mot förmögenhet, 8 kap. Stöld, rån m.m.","Brott mot brottsbalken, 8-12 kap. Brott mot förmögenhet, 8 kap. Stöld, rån m.m., Stöld av icke motordrivet fortskaffningsmedel (1, 2, 4 §)","Brott mot brottsbalken, 8-12 kap. Brott mot förmögenhet, 8 kap. Stöld, rån m.m., Stöld av icke motordrivet fortskaffningsmedel (1, 2, 4 §), Annat icke motordrivet fortskaffningsmedel",False
11790,"Brott mot brottsbalken, 8-12 kap. Brott mot förmögenhet, 8 kap. Stöld, rån m.m., Stöld av icke motordrivet fortskaffningsmedel (1, 2, 4 §), Båt ",5,11788.0,"Brott mot brottsbalken, 8-12 kap. Brott mot förmögenhet, 8 kap. Stöld, rån m.m., Stöld av icke motordrivet fortskaffningsmedel (1, 2, 4 §)",Brott mot brottsbalken,"Brott mot brottsbalken, 8-12 kap. Brott mot förmögenhet","Brott mot brottsbalken, 8-12 kap. Brott mot förmögenhet, 8 kap. Stöld, rån m.m.","Brott mot brottsbalken, 8-12 kap. Brott mot förmögenhet, 8 kap. Stöld, rån m.m., Stöld av icke motordrivet fortskaffningsmedel (1, 2, 4 §)","Brott mot brottsbalken, 8-12 kap. Brott mot förmögenhet, 8 kap. Stöld, rån m.m., Stöld av icke motordrivet fortskaffningsmedel (1, 2, 4 §), Båt ",False
11789,"Brott mot brottsbalken, 8-12 kap. Brott mot förmögenhet, 8 kap. Stöld, rån m.m., Stöld av icke motordrivet fortskaffningsmedel (1, 2, 4 §), Cykel",5,11788.0,"Brott mot brottsbalken, 8-12 kap. Brott mot förmögenhet, 8 kap. Stöld, rån m.m., Stöld av icke motordrivet fortskaffningsmedel (1, 2, 4 §)",Brott mot brottsbalken,"Brott mot brottsbalken, 8-12 kap. Brott mot förmögenhet","Brott mot brottsbalken, 8-12 kap. Brott mot förmögenhet, 8 kap. Stöld, rån m.m.","Brott mot brottsbalken, 8-12 kap. Brott mot förmögenhet, 8 kap. Stöld, rån m.m., Stöld av icke motordrivet fortskaffningsmedel (1, 2, 4 §)","Brott mot brottsbalken, 8-12 kap. Brott mot förmögenhet, 8 kap. Stöld, rån m.m., Stöld av icke motordrivet fortskaffningsmedel (1, 2, 4 §), Cykel",False
14393,"Brott mot brottsbalken, 8-12 kap. Brott mot förmögenhet, 8 kap. Stöld, rån m.m., Stöld av icke motordrivet fortskaffningsmedel (1, 2, 4 §), Cykel, Annan cykel än elcykel",5,11788.0,"Brott mot brottsbalken, 8-12 kap. Brott mot förmögenhet, 8 kap. Stöld, rån m.m., Stöld av icke motordrivet fortskaffningsmedel (1, 2, 4 §)",Brott mot brottsbalken,"Brott mot brottsbalken, 8-12 kap. Brott mot förmögenhet","Brott mot brottsbalken, 8-12 kap. Brott mot förmögenhet, 8 kap. Stöld, rån m.m.","Brott mot brottsbalken, 8-12 kap. Brott mot förmögenhet, 8 kap. Stöld, rån m.m., Stöld av icke motordrivet fortskaffningsmedel (1, 2, 4 §)","Brott mot brottsbalken, 8-12 kap. Brott mot förmögenhet, 8 kap. Stöld, rån m.m., Stöld av icke motordrivet fortskaffningsmedel (1, 2, 4 §), Cykel, Annan cykel än elcykel",False
14392,"Brott mot brottsbalken, 8-12 kap. Brott mot förmögenhet, 8 kap. Stöld, rån m.m., Stöld av icke motordrivet fortskaffningsmedel (1, 2, 4 §), Cykel, Elcykel",5,11788.0,"Brott mot brottsbalken, 8-12 kap. Brott mot förmögenhet, 8 kap. Stöld, rån m.m., Stöld av icke motordrivet fortskaffningsmedel (1, 2, 4 §)",Brott mot brottsbalken,"Brott mot brottsbalken, 8-12 kap. Brott mot förmögenhet","Brott mot brottsbalken, 8-12 kap. Brott mot förmögenhet, 8 kap. Stöld, rån m.m.","Brott mot brottsbalken, 8-12 kap. Brott mot förmögenhet, 8 kap. Stöld, rån m.m., Stöld av icke motordrivet fortskaffningsmedel (1, 2, 4 §)","Brott mot brottsbalken, 8-12 kap. Brott mot förmögenhet, 8 kap. Stöld, rån m.m., Stöld av icke motordrivet fortskaffningsmedel (1, 2, 4 §), Cykel, Elcykel",False
14825,"Brott mot brottsbalken, 8-12 kap. Brott mot förmögenhet, 8 kap. Stöld, rån m.m., Stöld av icke motordrivet fortskaffningsmedel (1, 2, 4 §), Elsparkcykel",5,11788.0,"Brott mot brottsbalken, 8-12 kap. Brott mot förmögenhet, 8 kap. Stöld, rån m.m., Stöld av icke motordrivet fortskaffningsmedel (1, 2, 4 §)",Brott mot brottsbalken,"Brott mot brottsbalken, 8-12 kap. Brott mot förmögenhet","Brott mot brottsbalken, 8-12 kap. Brott mot förmögenhet, 8 kap. Stöld, rån m.m.","Brott mot brottsbalken, 8-12 kap. Brott mot förmögenhet, 8 kap. Stöld, rån m.m., Stöld av icke motordrivet fortskaffningsmedel (1, 2, 4 §)","Brott mot brottsbalken, 8-12 kap. Brott mot förmögenhet, 8 kap. Stöld, rån m.m., Stöld av icke motordrivet fortskaffningsmedel (1, 2, 4 §), Elsparkcykel",False
11467,"Brott mot brottsbalken, 8-12 kap. Brott mot förmögenhet, 8 kap. Stöld, rån m.m., Stöld genom inbrott, inbrottsstöld i bostad, ej av skjutvapen (1, 2, 4, 4 a§), I butik, apotek, kiosk m.m.",5,11462.0,"Brott mot brottsbalken, 8-12 kap. Brott mot förmögenhet, 8 kap. Stöld, rån m.m., Stöld genom inbrott, inbrottsstöld i bostad, ej av skjutvapen (1, 2, 4, 4 a§)",Brott mot brottsbalken,"Brott mot brottsbalken, 8-12 kap. Brott mot förmögenhet","Brott mot brottsbalken, 8-12 kap. Brott mot förmögenhet, 8 kap. Stöld, rån m.m.","Brott mot brottsbalken, 8-12 kap. Brott mot förmögenhet, 8 kap. Stöld, rån m.m., Stöld genom inbrott, inbrottsstöld i bostad, ej av skjutvapen (1, 2, 4, 4 a§)","Brott mot brottsbalken, 8-12 kap. Brott mot förmögenhet, 8 kap. Stöld, rån m.m., Stöld genom inbrott, inbrottsstöld i bostad, ej av skjutvapen (1, 2, 4, 4 a§), I butik, apotek, kiosk m.m.",False
11470,"Brott mot brottsbalken, 8-12 kap. Brott mot förmögenhet, 8 kap. Stöld, rån m.m., Stöld genom inbrott, inbrottsstöld i bostad, ej av skjutvapen (1, 2, 4, 4 a§), I butik, apotek, kiosk m.m., I apotek och läkemedelsförråd",5,11462.0,"Brott mot brottsbalken, 8-12 kap. Brott mot förmögenhet, 8 kap. Stöld, rån m.m., Stöld genom inbrott, inbrottsstöld i bostad, ej av skjutvapen (1, 2, 4, 4 a§)",Brott mot brottsbalken,"Brott mot brottsbalken, 8-12 kap. Brott mot förmögenhet","Brott mot brottsbalken, 8-12 kap. Brott mot förmögenhet, 8 kap. Stöld, rån m.m.","Brott mot brottsbalken, 8-12 kap. Brott mot förmögenhet, 8 kap. Stöld, rån m.m., Stöld genom inbrott, inbrottsstöld i bostad, ej av skjutvapen (1, 2, 4, 4 a§)","Brott mot brottsbalken, 8-12 kap. Brott mot förmögenhet, 8 kap. Stöld, rån m.m., Stöld genom inbrott, inbrottsstöld i bostad, ej av skjutvapen (1, 2, 4, 4 a§), I butik, apotek, kiosk m.m., I apotek och läkemedelsförråd",False
11468,"Brott mot brottsbalken, 8-12 kap. Brott mot förmögenhet, 8 kap. Stöld, rån m.m., Stöld genom inbrott, inbrottsstöld i bostad, ej av skjutvapen (1, 2, 4, 4 a§), I butik, apotek, kiosk m.m., I butik, varuhus o.d.",5,11462.0,"Brott mot brottsbalken, 8-12 kap. Brott mot förmögenhet, 8 kap. Stöld, rån m.m., Stöld genom inbrott, inbrottsstöld i bostad, ej av skjutvapen (1, 2, 4, 4 a§)",Brott mot brottsbalken,"Brott mot brottsbalken, 8-12 kap. Brott mot förmögenhet","Brott mot brottsbalken, 8-12 kap. Brott mot förmögenhet, 8 kap. Stöld, rån m.m.","Brott mot brottsbalken, 8-12 kap. Brott mot förmögenhet, 8 kap. Stöld, rån m.m., Stöld genom inbrott, inbrottsstöld i bostad, ej av skjutvapen (1, 2, 4, 4 a§)","Brott mot brottsbalken, 8-12 kap. Brott mot förmögenhet, 8 kap. Stöld, rån m.m., Stöld genom inbrott, inbrottsstöld i bostad, ej av skjutvapen (1, 2, 4, 4 a§), I butik, apotek, kiosk m.m., I butik, varuhus o.d.",False
11469,"Brott mot brottsbalken, 8-12 kap. Brott mot förmögenhet, 8 kap. Stöld, rån m.m., Stöld genom inbrott, inbrottsstöld i bostad, ej av skjutvapen (1, 2, 4, 4 a§), I butik, apotek, kiosk m.m., I kiosk, automat och skyltskåp",5,11462.0,"Brott mot brottsbalken, 8-12 kap. Brott mot förmögenhet, 8 kap. Stöld, rån m.m., Stöld genom inbrott, inbrottsstöld i bostad, ej av skjutvapen (1, 2, 4, 4 a§)",Brott mot brottsbalken,"Brott mot brottsbalken, 8-12 kap. Brott mot förmögenhet","Brott mot brottsbalken, 8-12 kap. Brott mot förmögenhet, 8 kap. Stöld, rån m.m.","Brott mot brottsbalken, 8-12 kap. Brott mot förmögenhet, 8 kap. Stöld, rån m.m., Stöld genom inbrott, inbrottsstöld i bostad, ej av skjutvapen (1, 2, 4, 4 a§)","Brott mot brottsbalken, 8-12 kap. Brott mot förmögenhet, 8 kap. Stöld, rån m.m., Stöld genom inbrott, inbrottsstöld i bostad, ej av skjutvapen (1, 2, 4, 4 a§), I butik, apotek, kiosk m.m., I kiosk, automat och skyltskåp",False
11466,"Brott mot brottsbalken, 8-12 kap. Brott mot förmögenhet, 8 kap. Stöld, rån m.m., Stöld genom inbrott, inbrottsstöld i bostad, ej av skjutvapen (1, 2, 4, 4 a§), I hotell, kafé, restaurang, biograf, teater, nöjes-, samlingslokal m.m.",5,11462.0,"Brott mot brottsbalken, 8-12 kap. Brott mot förmögenhet, 8 kap. Stöld, rån m.m., Stöld genom inbrott, inbrottsstöld i bostad, ej av skjutvapen (1, 2, 4, 4 a§)",Brott mot brottsbalken,"Brott mot brottsbalken, 8-12 kap. Brott mot förmögenhet","Brott mot brottsbalken, 8-12 kap. Brott mot förmögenhet, 8 kap. Stöld, rån m.m.","Brott mot brottsbalken, 8-12 kap. Brott mot förmögenhet, 8 kap. Stöld, rån m.m., Stöld genom inbrott, inbrottsstöld i bostad, ej av skjutvapen (1, 2, 4, 4 a§)","Brott mot brottsbalken, 8-12 kap. Brott mot förmögenhet, 8 kap. Stöld, rån m.m., Stöld genom inbrott, inbrottsstöld i bostad, ej av skjutvapen (1, 2, 4, 4 a§), I hotell, kafé, restaurang, biograf, teater, nöjes-, samlingslokal m.m.",False
11471,"Brott mot brottsbalken, 8-12 kap. Brott mot förmögenhet, 8 kap. Stöld, rån m.m., Stöld genom inbrott, inbrottsstöld i bostad, ej av skjutvapen (1, 2, 4, 4 a§), I industri, verkstad, byggplats, lager, garage, hamnområde, kontor m.m.",5,11462.0,"Brott mot brottsbalken, 8-12 kap. Brott mot förmögenhet, 8 kap. Stöld, rån m.m., Stöld genom inbrott, inbrottsstöld i bostad, ej av skjutvapen (1, 2, 4, 4 a§)",Brott mot brottsbalken,"Brott mot brottsbalken, 8-12 kap. Brott mot förmögenhet","Brott mot brottsbalken, 8-12 kap. Brott mot förmögenhet, 8 kap. Stöld, rån m.m.","Brott mot brottsbalken, 8-12 kap. Brott mot förmögenhet, 8 kap. Stöld, rån m.m., Stöld genom inbrott, inbrottsstöld i bostad, ej av skjutvapen (1, 2, 4, 4 a§)","Brott mot brottsbalken, 8-12 kap. Brott mot förmögenhet, 8 kap. Stöld, rån m.m., Stöld genom inbrott, inbrottsstöld i bostad, ej av skjutvapen (1, 2, 4, 4 a§), I industri, verkstad, byggplats, lager, garage, hamnområde, kontor m.m.",False
11472,"Brott mot brottsbalken, 8-12 kap. Brott mot förmögenhet, 8 kap. Stöld, rån m.m., Stöld genom inbrott, inbrottsstöld i bostad, ej av skjutvapen (1, 2, 4, 4 a§), I industri, verkstad, byggplats, lager, garage, hamnområde, kontor m.m., I kontor",5,11462.0,"Brott mot brottsbalken, 8-12 kap. Brott mot förmögenhet, 8 kap. Stöld, rån m.m., Stöld genom inbrott, inbrottsstöld i bostad, ej av skjutvapen (1, 2, 4, 4 a§)",Brott mot brottsbalken,"Brott mot brottsbalken, 8-12 kap. Brott mot förmögenhet","Brott mot brottsbalken, 8-12 kap. Brott mot förmögenhet, 8 kap. Stöld, rån m.m.","Brott mot brottsbalken, 8-12 kap. Brott mot förmögenhet, 8 kap. Stöld, rån m.m., Stöld genom inbrott, inbrottsstöld i bostad, ej av skjutvapen (1, 2, 4, 4 a§)","Brott mot brottsbalken, 8-12 kap. Brott mot förmögenhet, 8 kap. Stöld, rån m.m., Stöld genom inbrott, inbrottsstöld i bostad, ej av skjutvapen (1, 2, 4, 4 a§), I industri, verkstad, byggplats, lager, garage, hamnområde, kontor m.m., I kontor",False
11473,"Brott mot brottsbalken, 8-12 kap. Brott mot förmögenhet, 8 kap. Stöld, rån m.m., Stöld genom inbrott, inbrottsstöld i bostad, ej av skjutvapen (1, 2, 4, 4 a§), I industri, verkstad, byggplats, lager, garage, hamnområde, kontor m.m., Övrigt",5,11462.0,"Brott mot brottsbalken, 8-12 kap. Brott mot förmögenhet, 8 kap. Stöld, rån m.m., Stöld genom inbrott, inbrottsstöld i bostad, ej av skjutvapen (1, 2, 4, 4 a§)",Brott mot brottsbalken,"Brott mot brottsbalken, 8-12 kap. Brott mot förmögenhet","Brott mot brottsbalken, 8-12 kap. Brott mot förmögenhet, 8 kap. Stöld, rån m.m.","Brott mot brottsbalken, 8-12 kap. Brott mot förmögenhet, 8 kap. Stöld, rån m.m., Stöld genom inbrott, inbrottsstöld i bostad, ej av skjutvapen (1, 2, 4, 4 a§)","Brott mot brottsbalken, 8-12 kap. Brott mot förmögenhet, 8 kap. Stöld, rån m.m., Stöld genom inbrott, inbrottsstöld i bostad, ej av skjutvapen (1, 2, 4, 4 a§), I industri, verkstad, byggplats, lager, garage, hamnområde, kontor m.m., Övrigt",False
11463,"Brott mot brottsbalken, 8-12 kap. Brott mot förmögenhet, 8 kap. Stöld, rån m.m., Stöld genom inbrott, inbrottsstöld i bostad, ej av skjutvapen (1, 2, 4, 4 a§), I skola, kyrka, idrottsanläggning och lokal för kultur",5,11462.0,"Brott mot brottsbalken, 8-12 kap. Brott mot förmögenhet, 8 kap. Stöld, rån m.m., Stöld genom inbrott, inbrottsstöld i bostad, ej av skjutvapen (1, 2, 4, 4 a§)",Brott mot brottsbalken,"Brott mot brottsbalken, 8-12 kap. Brott mot förmögenhet","Brott mot brottsbalken, 8-12 kap. Brott mot förmögenhet, 8 kap. Stöld, rån m.m.","Brott mot brottsbalken, 8-12 kap. Brott mot förmögenhet, 8 kap. Stöld, rån m.m., Stöld genom inbrott, inbrottsstöld i bostad, ej av skjutvapen (1, 2, 4, 4 a§)","Brott mot brottsbalken, 8-12 kap. Brott mot förmögenhet, 8 kap. Stöld, rån m.m., Stöld genom inbrott, inbrottsstöld i bostad, ej av skjutvapen (1, 2, 4, 4 a§), I skola, kyrka, idrottsanläggning och lokal för kultur",False
11465,"Brott mot brottsbalken, 8-12 kap. Brott mot förmögenhet, 8 kap. Stöld, rån m.m., Stöld genom inbrott, inbrottsstöld i bostad, ej av skjutvapen (1, 2, 4, 4 a§), I skola, kyrka, idrottsanläggning och lokal för kultur, I idrottsanläggning, kyrka, museum m.m.",5,11462.0,"Brott mot brottsbalken, 8-12 kap. Brott mot förmögenhet, 8 kap. Stöld, rån m.m., Stöld genom inbrott, inbrottsstöld i bostad, ej av skjutvapen (1, 2, 4, 4 a§)",Brott mot brottsbalken,"Brott mot brottsbalken, 8-12 kap. Brott mot förmögenhet","Brott mot brottsbalken, 8-12 kap. Brott mot förmögenhet, 8 kap. Stöld, rån m.m.","Brott mot brottsbalken, 8-12 kap. Brott mot förmögenhet, 8 kap. Stöld, rån m.m., Stöld genom inbrott, inbrottsstöld i bostad, ej av skjutvapen (1, 2, 4, 4 a§)","Brott mot brottsbalken, 8-12 kap. Brott mot förmögenhet, 8 kap. Stöld, rån m.m., Stöld genom inbrott, inbrottsstöld i bostad, ej av skjutvapen (1, 2, 4, 4 a§), I skola, kyrka, idrottsanläggning och lokal för kultur, I idrottsanläggning, kyrka, museum m.m.",False
11464,"Brott mot brottsbalken, 8-12 kap. Brott mot förmögenhet, 8 kap. Stöld, rån m.m., Stöld genom inbrott, inbrottsstöld i bostad, ej av skjutvapen (1, 2, 4, 4 a§), I skola, kyrka, idrottsanläggning och lokal för kultur, I skola, bibliotek, fritidshem m.m.",5,11462.0,"Brott mot brottsbalken, 8-12 kap. Brott mot förmögenhet, 8 kap. Stöld, rån m.m., Stöld genom inbrott, inbrottsstöld i bostad, ej av skjutvapen (1, 2, 4, 4 a§)",Brott mot brottsbalken,"Brott mot brottsbalken, 8-12 kap. Brott mot förmögenhet","Brott mot brottsbalken, 8-12 kap. Brott mot förmögenhet, 8 kap. Stöld, rån m.m.","Brott mot brottsbalken, 8-12 kap. Brott mot förmögenhet, 8 kap. Stöld, rån m.m., Stöld genom inbrott, inbrottsstöld i bostad, ej av skjutvapen (1, 2, 4, 4 a§)","Brott mot brottsbalken, 8-12 kap. Brott mot förmögenhet, 8 kap. Stöld, rån m.m., Stöld genom inbrott, inbrottsstöld i bostad, ej av skjutvapen (1, 2, 4, 4 a§), I skola, kyrka, idrottsanläggning och lokal för kultur, I skola, bibliotek, fritidshem m.m.",False
11475,"Brott mot brottsbalken, 8-12 kap. Brott mot förmögenhet, 8 kap. Stöld, rån m.m., Stöld genom inbrott, inbrottsstöld i bostad, ej av skjutvapen (1, 2, 4, 4 a§), Inbrottsstöld i bostad m.m.",5,11462.0,"Brott mot brottsbalken, 8-12 kap. Brott mot förmögenhet, 8 kap. Stöld, rån m.m., Stöld genom inbrott, inbrottsstöld i bostad, ej av skjutvapen (1, 2, 4, 4 a§)",Brott mot brottsbalken,"Brott mot brottsbalken, 8-12 kap. Brott mot förmögenhet","Brott mot brottsbalken, 8-12 kap. Brott mot förmögenhet, 8 kap. Stöld, rån m.m.","Brott mot brottsbalken, 8-12 kap. Brott mot förmögenhet, 8 kap. Stöld, rån m.m., Stöld genom inbrott, inbrottsstöld i bostad, ej av skjutvapen (1, 2, 4, 4 a§)","Brott mot brottsbalken, 8-12 kap. Brott mot förmögenhet, 8 kap. Stöld, rån m.m., Stöld genom inbrott, inbrottsstöld i bostad, ej av skjutvapen (1, 2, 4, 4 a§), Inbrottsstöld i bostad m.m.",False
11488,"Brott mot brottsbalken, 8-12 kap. Brott mot förmögenhet, 8 kap. Stöld, rån m.m., Stöld genom inbrott, inbrottsstöld i bostad, ej av skjutvapen (1, 2, 4, 4 a§), Inbrottsstöld i bostad m.m., I fritidshus",5,11462.0,"Brott mot brottsbalken, 8-12 kap. Brott mot förmögenhet, 8 kap. Stöld, rån m.m., Stöld genom inbrott, inbrottsstöld i bostad, ej av skjutvapen (1, 2, 4, 4 a§)",Brott mot brottsbalken,"Brott mot brottsbalken, 8-12 kap. Brott mot förmögenhet","Brott mot brottsbalken, 8-12 kap. Brott mot förmögenhet, 8 kap. Stöld, rån m.m.","Brott mot brottsbalken, 8-12 kap. Brott mot förmögenhet, 8 kap. Stöld, rån m.m., Stöld genom inbrott, inbrottsstöld i bostad, ej av skjutvapen (1, 2, 4, 4 a§)","Brott mot brottsbalken, 8-12 kap. Brott mot förmögenhet, 8 kap. Stöld, rån m.m., Stöld genom inbrott, inbrottsstöld i bostad, ej av skjutvapen (1, 2, 4, 4 a§), Inbrottsstöld i bostad m.m., I fritidshus",False
11486,"Brott mot brottsbalken, 8-12 kap. Brott mot förmögenhet, 8 kap. Stöld, rån m.m., Stöld genom inbrott, inbrottsstöld i bostad, ej av skjutvapen (1, 2, 4, 4 a§), Inbrottsstöld i bostad m.m., I källare och på vind",5,11462.0,"Brott mot brottsbalken, 8-12 kap. Brott mot förmögenhet, 8 kap. Stöld, rån m.m., Stöld genom inbrott, inbrottsstöld i bostad, ej av skjutvapen (1, 2, 4, 4 a§)",Brott mot brottsbalken,"Brott mot brottsbalken, 8-12 kap. Brott mot förmögenhet","Brott mot brottsbalken, 8-12 kap. Brott mot förmögenhet, 8 kap. Stöld, rån m.m.","Brott mot brottsbalken, 8-12 kap. Brott mot förmögenhet, 8 kap. Stöld, rån m.m., Stöld genom inbrott, inbrottsstöld i bostad, ej av skjutvapen (1, 2, 4, 4 a§)","Brott mot brottsbalken, 8-12 kap. Brott mot förmögenhet, 8 kap. Stöld, rån m.m., Stöld genom inbrott, inbrottsstöld i bostad, ej av skjutvapen (1, 2, 4, 4 a§), Inbrottsstöld i bostad m.m., I källare och på vind",False
11476,"Brott mot brottsbalken, 8-12 kap. Brott mot förmögenhet, 8 kap. Stöld, rån m.m., Stöld genom inbrott, inbrottsstöld i bostad, ej av skjutvapen (1, 2, 4, 4 a§), Inbrottsstöld i bostad m.m., Inbrottsstöld i bostad",5,11462.0,"Brott mot brottsbalken, 8-12 kap. Brott mot förmögenhet, 8 kap. Stöld, rån m.m., Stöld genom inbrott, inbrottsstöld i bostad, ej av skjutvapen (1, 2, 4, 4 a§)",Brott mot brottsbalken,"Brott mot brottsbalken, 8-12 kap. Brott mot förmögenhet","Brott mot brottsbalken, 8-12 kap. Brott mot förmögenhet, 8 kap. Stöld, rån m.m.","Brott mot brottsbalken, 8-12 kap. Brott mot förmögenhet, 8 kap. Stöld, rån m.m., Stöld genom inbrott, inbrottsstöld i bostad, ej av skjutvapen (1, 2, 4, 4 a§)","Brott mot brottsbalken, 8-12 kap. Brott mot förmögenhet, 8 kap. Stöld, rån m.m., Stöld genom inbrott, inbrottsstöld i bostad, ej av skjutvapen (1, 2, 4, 4 a§), Inbrottsstöld i bostad m.m., Inbrottsstöld i bostad",False
11483,"Brott mot brottsbalken, 8-12 kap. Brott mot förmögenhet, 8 kap. Stöld, rån m.m., Stöld genom inbrott, inbrottsstöld i bostad, ej av skjutvapen (1, 2, 4, 4 a§), Inbrottsstöld i bostad m.m., Inbrottsstöld i bostad, Lägenhet",5,11462.0,"Brott mot brottsbalken, 8-12 kap. Brott mot förmögenhet, 8 kap. Stöld, rån m.m., Stöld genom inbrott, inbrottsstöld i bostad, ej av skjutvapen (1, 2, 4, 4 a§)",Brott mot brottsbalken,"Brott mot brottsbalken, 8-12 kap. Brott mot förmögenhet","Brott mot brottsbalken, 8-12 kap. Brott mot förmögenhet, 8 kap. Stöld, rån m.m.","Brott mot brottsbalken, 8-12 kap. Brott mot förmögenhet, 8 kap. Stöld, rån m.m., Stöld genom inbrott, inbrottsstöld i bostad, ej av skjutvapen (1, 2, 4, 4 a§)","Brott mot brottsbalken, 8-12 kap. Brott mot förmögenhet, 8 kap. Stöld, rån m.m., Stöld genom inbrott, inbrottsstöld i bostad, ej av skjutvapen (1, 2, 4, 4 a§), Inbrottsstöld i bostad m.m., Inbrottsstöld i bostad, Lägenhet",False
11484,"Brott mot brottsbalken, 8-12 kap. Brott mot förmögenhet, 8 kap. Stöld, rån m.m., Stöld genom inbrott, inbrottsstöld i bostad, ej av skjutvapen (1, 2, 4, 4 a§), Inbrottsstöld i bostad m.m., Inbrottsstöld i bostad, Lägenhet, Fullbordat inbrott",5,11462.0,"Brott mot brottsbalken, 8-12 kap. Brott mot förmögenhet, 8 kap. Stöld, rån m.m., Stöld genom inbrott, inbrottsstöld i bostad, ej av skjutvapen (1, 2, 4, 4 a§)",Brott mot brottsbalken,"Brott mot brottsbalken, 8-12 kap. Brott mot förmögenhet","Brott mot brottsbalken, 8-12 kap. Brott mot förmögenhet, 8 kap. Stöld, rån m.m.","Brott mot brottsbalken, 8-12 kap. Brott mot förmögenhet, 8 kap. Stöld, rån m.m., Stöld genom inbrott, inbrottsstöld i bostad, ej av skjutvapen (1, 2, 4, 4 a§)","Brott mot brottsbalken, 8-12 kap. Brott mot förmögenhet, 8 kap. Stöld, rån m.m., Stöld genom inbrott, inbrottsstöld i bostad, ej av skjutvapen (1, 2, 4, 4 a§), Inbrottsstöld i bostad m.m., Inbrottsstöld i bostad, Lägenhet, Fullbordat inbrott",False
11485,"Brott mot brottsbalken, 8-12 kap. Brott mot förmögenhet, 8 kap. Stöld, rån m.m., Stöld genom inbrott, inbrottsstöld i bostad, ej av skjutvapen (1, 2, 4, 4 a§), Inbrottsstöld i bostad m.m., Inbrottsstöld i bostad, Lägenhet, Försök till inbrott",5,11462.0,"Brott mot brottsbalken, 8-12 kap. Brott mot förmögenhet, 8 kap. Stöld, rån m.m., Stöld genom inbrott, inbrottsstöld i bostad, ej av skjutvapen (1, 2, 4, 4 a§)",Brott mot brottsbalken,"Brott mot brottsbalken, 8-12 kap. Brott mot förmögenhet","Brott mot brottsbalken, 8-12 kap. Brott mot förmögenhet, 8 kap. Stöld, rån m.m.","Brott mot brottsbalken, 8-12 kap. Brott mot förmögenhet, 8 kap. Stöld, rån m.m., Stöld genom inbrott, inbrottsstöld i bostad, ej av skjutvapen (1, 2, 4, 4 a§)","Brott mot brottsbalken, 8-12 kap. Brott mot förmögenhet, 8 kap. Stöld, rån m.m., Stöld genom inbrott, inbrottsstöld i bostad, ej av skjutvapen (1, 2, 4, 4 a§), Inbrottsstöld i bostad m.m., Inbrottsstöld i bostad, Lägenhet, Försök till inbrott",False
11480,"Brott mot brottsbalken, 8-12 kap. Brott mot förmögenhet, 8 kap. Stöld, rån m.m., Stöld genom inbrott, inbrottsstöld i bostad, ej av skjutvapen (1, 2, 4, 4 a§), Inbrottsstöld i bostad m.m., Inbrottsstöld i bostad, Villa, radhus o.d.",5,11462.0,"Brott mot brottsbalken, 8-12 kap. Brott mot förmögenhet, 8 kap. Stöld, rån m.m., Stöld genom inbrott, inbrottsstöld i bostad, ej av skjutvapen (1, 2, 4, 4 a§)",Brott mot brottsbalken,"Brott mot brottsbalken, 8-12 kap. Brott mot förmögenhet","Brott mot brottsbalken, 8-12 kap. Brott mot förmögenhet, 8 kap. Stöld, rån m.m.","Brott mot brottsbalken, 8-12 kap. Brott mot förmögenhet, 8 kap. Stöld, rån m.m., Stöld genom inbrott, inbrottsstöld i bostad, ej av skjutvapen (1, 2, 4, 4 a§)","Brott mot brottsbalken, 8-12 kap. Brott mot förmögenhet, 8 kap. Stöld, rån m.m., Stöld genom inbrott, inbrottsstöld i bostad, ej av skjutvapen (1, 2, 4, 4 a§), Inbrottsstöld i bostad m.m., Inbrottsstöld i bostad, Villa, radhus o.d.",False
11481,"Brott mot brottsbalken, 8-12 kap. Brott mot förmögenhet, 8 kap. Stöld, rån m.m., Stöld genom inbrott, inbrottsstöld i bostad, ej av skjutvapen (1, 2, 4, 4 a§), Inbrottsstöld i bostad m.m., Inbrottsstöld i bostad, Villa, radhus o.d., Fullbordat inbrott",5,11462.0,"Brott mot brottsbalken, 8-12 kap. Brott mot förmögenhet, 8 kap. Stöld, rån m.m., Stöld genom inbrott, inbrottsstöld i bostad, ej av skjutvapen (1, 2, 4, 4 a§)",Brott mot brottsbalken,"Brott mot brottsbalken, 8-12 kap. Brott mot förmögenhet","Brott mot brottsbalken, 8-12 kap. Brott mot förmögenhet, 8 kap. Stöld, rån m.m.","Brott mot brottsbalken, 8-12 kap. Brott mot förmögenhet, 8 kap. Stöld, rån m.m., Stöld genom inbrott, inbrottsstöld i bostad, ej av skjutvapen (1, 2, 4, 4 a§)","Brott mot brottsbalken, 8-12 kap. Brott mot förmögenhet, 8 kap. Stöld, rån m.m., Stöld genom inbrott, inbrottsstöld i bostad, ej av skjutvapen (1, 2, 4, 4 a§), Inbrottsstöld i bostad m.m., Inbrottsstöld i bostad, Villa, radhus o.d., Fullbordat inbrott",False
11482,"Brott mot brottsbalken, 8-12 kap. Brott mot förmögenhet, 8 kap. Stöld, rån m.m., Stöld genom inbrott, inbrottsstöld i bostad, ej av skjutvapen (1, 2, 4, 4 a§), Inbrottsstöld i bostad m.m., Inbrottsstöld i bostad, Villa, radhus o.d., Försök till inbrott",5,11462.0,"Brott mot brottsbalken, 8-12 kap. Brott mot förmögenhet, 8 kap. Stöld, rån m.m., Stöld genom inbrott, inbrottsstöld i bostad, ej av skjutvapen (1, 2, 4, 4 a§)",Brott mot brottsbalken,"Brott mot brottsbalken, 8-12 kap. Brott mot förmögenhet","Brott mot brottsbalken, 8-12 kap. Brott mot förmögenhet, 8 kap. Stöld, rån m.m.","Brott mot brottsbalken, 8-12 kap. Brott mot förmögenhet, 8 kap. Stöld, rån m.m., Stöld genom inbrott, inbrottsstöld i bostad, ej av skjutvapen (1, 2, 4, 4 a§)","Brott mot brottsbalken, 8-12 kap. Brott mot förmögenhet, 8 kap. Stöld, rån m.m., Stöld genom inbrott, inbrottsstöld i bostad, ej av skjutvapen (1, 2, 4, 4 a§), Inbrottsstöld i bostad m.m., Inbrottsstöld i bostad, Villa, radhus o.d., Försök till inbrott",False
11489,"Brott mot brottsbalken, 8-12 kap. Brott mot förmögenhet, 8 kap. Stöld, rån m.m., Stöld genom inbrott, inbrottsstöld i bostad, ej av skjutvapen (1, 2, 4, 4 a§), Övrig stöld genom inbrott",5,11462.0,"Brott mot brottsbalken, 8-12 kap. Brott mot förmögenhet, 8 kap. Stöld, rån m.m., Stöld genom inbrott, inbrottsstöld i bostad, ej av skjutvapen (1, 2, 4, 4 a§)",Brott mot brottsbalken,"Brott mot brottsbalken, 8-12 kap. Brott mot förmögenhet","Brott mot brottsbalken, 8-12 kap. Brott mot förmögenhet, 8 kap. Stöld, rån m.m.","Brott mot brottsbalken, 8-12 kap. Brott mot förmögenhet, 8 kap. Stöld, rån m.m., Stöld genom inbrott, inbrottsstöld i bostad, ej av skjutvapen (1, 2, 4, 4 a§)","Brott mot brottsbalken, 8-12 kap. Brott mot förmögenhet, 8 kap. Stöld, rån m.m., Stöld genom inbrott, inbrottsstöld i bostad, ej av skjutvapen (1, 2, 4, 4 a§), Övrig stöld genom inbrott",False
11787,"Brott mot brottsbalken, 8-12 kap. Brott mot förmögenhet, 8 kap. Stöld, rån m.m., Tillgrepp av motordrivet fortskaffningsmedel (7 §), Annat motordrivet fortskaffningsmedel",5,11447.0,"Brott mot brottsbalken, 8-12 kap. Brott mot förmögenhet, 8 kap. Stöld, rån m.m., Tillgrepp av motordrivet fortskaffningsmedel (7 §)",Brott mot brottsbalken,"Brott mot brottsbalken, 8-12 kap. Brott mot förmögenhet","Brott mot brottsbalken, 8-12 kap. Brott mot förmögenhet, 8 kap. Stöld, rån m.m.","Brott mot brottsbalken, 8-12 kap. Brott mot förmögenhet, 8 kap. Stöld, rån m.m., Tillgrepp av motordrivet fortskaffningsmedel (7 §)","Brott mot brottsbalken, 8-12 kap. Brott mot förmögenhet, 8 kap. Stöld, rån m.m., Tillgrepp av motordrivet fortskaffningsmedel (7 §), Annat motordrivet fortskaffningsmedel",False
11448,"Brott mot brottsbalken, 8-12 kap. Brott mot förmögenhet, 8 kap. Stöld, rån m.m., Tillgrepp av motordrivet fortskaffningsmedel (7 §), Bil",5,11447.0,"Brott mot brottsbalken, 8-12 kap. Brott mot förmögenhet, 8 kap. Stöld, rån m.m., Tillgrepp av motordrivet fortskaffningsmedel (7 §)",Brott mot brottsbalken,"Brott mot brottsbalken, 8-12 kap. Brott mot förmögenhet","Brott mot brottsbalken, 8-12 kap. Brott mot förmögenhet, 8 kap. Stöld, rån m.m.","Brott mot brottsbalken, 8-12 kap. Brott mot förmögenhet, 8 kap. Stöld, rån m.m., Tillgrepp av motordrivet fortskaffningsmedel (7 §)","Brott mot brottsbalken, 8-12 kap. Brott mot förmögenhet, 8 kap. Stöld, rån m.m., Tillgrepp av motordrivet fortskaffningsmedel (7 §), Bil",False
11781,"Brott mot brottsbalken, 8-12 kap. Brott mot förmögenhet, 8 kap. Stöld, rån m.m., Tillgrepp av motordrivet fortskaffningsmedel (7 §), Bil, Fullbordat biltilgrepp",5,11447.0,"Brott mot brottsbalken, 8-12 kap. Brott mot förmögenhet, 8 kap. Stöld, rån m.m., Tillgrepp av motordrivet fortskaffningsmedel (7 §)",Brott mot brottsbalken,"Brott mot brottsbalken, 8-12 kap. Brott mot förmögenhet","Brott mot brottsbalken, 8-12 kap. Brott mot förmögenhet, 8 kap. Stöld, rån m.m.","Brott mot brottsbalken, 8-12 kap. Brott mot förmögenhet, 8 kap. Stöld, rån m.m., Tillgrepp av motordrivet fortskaffningsmedel (7 §)","Brott mot brottsbalken, 8-12 kap. Brott mot förmögenhet, 8 kap. Stöld, rån m.m., Tillgrepp av motordrivet fortskaffningsmedel (7 §), Bil, Fullbordat biltilgrepp",False
11782,"Brott mot brottsbalken, 8-12 kap. Brott mot förmögenhet, 8 kap. Stöld, rån m.m., Tillgrepp av motordrivet fortskaffningsmedel (7 §), Bil, Fullbordat biltilgrepp, Lastbil, släp, järnvägsv. o.d. avsedd avsedd för yrkesmässig godsbefordran",5,11447.0,"Brott mot brottsbalken, 8-12 kap. Brott mot förmögenhet, 8 kap. Stöld, rån m.m., Tillgrepp av motordrivet fortskaffningsmedel (7 §)",Brott mot brottsbalken,"Brott mot brottsbalken, 8-12 kap. Brott mot förmögenhet","Brott mot brottsbalken, 8-12 kap. Brott mot förmögenhet, 8 kap. Stöld, rån m.m.","Brott mot brottsbalken, 8-12 kap. Brott mot förmögenhet, 8 kap. Stöld, rån m.m., Tillgrepp av motordrivet fortskaffningsmedel (7 §)","Brott mot brottsbalken, 8-12 kap. Brott mot förmögenhet, 8 kap. Stöld, rån m.m., Tillgrepp av motordrivet fortskaffningsmedel (7 §), Bil, Fullbordat biltilgrepp, Lastbil, släp, järnvägsv. o.d. avsedd avsedd för yrkesmässig godsbefordran",False
11783,"Brott mot brottsbalken, 8-12 kap. Brott mot förmögenhet, 8 kap. Stöld, rån m.m., Tillgrepp av motordrivet fortskaffningsmedel (7 §), Bil, Fullbordat biltilgrepp, Övriga bilar",5,11447.0,"Brott mot brottsbalken, 8-12 kap. Brott mot förmögenhet, 8 kap. Stöld, rån m.m., Tillgrepp av motordrivet fortskaffningsmedel (7 §)",Brott mot brottsbalken,"Brott mot brottsbalken, 8-12 kap. Brott mot förmögenhet","Brott mot brottsbalken, 8-12 kap. Brott mot förmögenhet, 8 kap. Stöld, rån m.m.","Brott mot brottsbalken, 8-12 kap. Brott mot förmögenhet, 8 kap. Stöld, rån m.m., Tillgrepp av motordrivet fortskaffningsmedel (7 §)","Brott mot brottsbalken, 8-12 kap. Brott mot förmögenhet, 8 kap. Stöld, rån m.m., Tillgrepp av motordrivet fortskaffningsmedel (7 §), Bil, Fullbordat biltilgrepp, Övriga bilar",False
11450,"Brott mot brottsbalken, 8-12 kap. Brott mot förmögenhet, 8 kap. Stöld, rån m.m., Tillgrepp av motordrivet fortskaffningsmedel (7 §), Bil, Försök till biltillgrepp",5,11447.0,"Brott mot brottsbalken, 8-12 kap. Brott mot förmögenhet, 8 kap. Stöld, rån m.m., Tillgrepp av motordrivet fortskaffningsmedel (7 §)",Brott mot brottsbalken,"Brott mot brottsbalken, 8-12 kap. Brott mot förmögenhet","Brott mot brottsbalken, 8-12 kap. Brott mot förmögenhet, 8 kap. Stöld, rån m.m.","Brott mot brottsbalken, 8-12 kap. Brott mot förmögenhet, 8 kap. Stöld, rån m.m., Tillgrepp av motordrivet fortskaffningsmedel (7 §)","Brott mot brottsbalken, 8-12 kap. Brott mot förmögenhet, 8 kap. Stöld, rån m.m., Tillgrepp av motordrivet fortskaffningsmedel (7 §), Bil, Försök till biltillgrepp",False
11786,"Brott mot brottsbalken, 8-12 kap. Brott mot förmögenhet, 8 kap. Stöld, rån m.m., Tillgrepp av motordrivet fortskaffningsmedel (7 §), Båt",5,11447.0,"Brott mot brottsbalken, 8-12 kap. Brott mot förmögenhet, 8 kap. Stöld, rån m.m., Tillgrepp av motordrivet fortskaffningsmedel (7 §)",Brott mot brottsbalken,"Brott mot brottsbalken, 8-12 kap. Brott mot förmögenhet","Brott mot brottsbalken, 8-12 kap. Brott mot förmögenhet, 8 kap. Stöld, rån m.m.","Brott mot brottsbalken, 8-12 kap. Brott mot förmögenhet, 8 kap. Stöld, rån m.m., Tillgrepp av motordrivet fortskaffningsmedel (7 §)","Brott mot brottsbalken, 8-12 kap. Brott mot förmögenhet, 8 kap. Stöld, rån m.m., Tillgrepp av motordrivet fortskaffningsmedel (7 §), Båt",False
11785,"Brott mot brottsbalken, 8-12 kap. Brott mot förmögenhet, 8 kap. Stöld, rån m.m., Tillgrepp av motordrivet fortskaffningsmedel (7 §), Moped",5,11447.0,"Brott mot brottsbalken, 8-12 kap. Brott mot förmögenhet, 8 kap. Stöld, rån m.m., Tillgrepp av motordrivet fortskaffningsmedel (7 §)",Brott mot brottsbalken,"Brott mot brottsbalken, 8-12 kap. Brott mot förmögenhet","Brott mot brottsbalken, 8-12 kap. Brott mot förmögenhet, 8 kap. Stöld, rån m.m.","Brott mot brottsbalken, 8-12 kap. Brott mot förmögenhet, 8 kap. Stöld, rån m.m., Tillgrepp av motordrivet fortskaffningsmedel (7 §)","Brott mot brottsbalken, 8-12 kap. Brott mot förmögenhet, 8 kap. Stöld, rån m.m., Tillgrepp av motordrivet fortskaffningsmedel (7 §), Moped",False
11784,"Brott mot brottsbalken, 8-12 kap. Brott mot förmögenhet, 8 kap. Stöld, rån m.m., Tillgrepp av motordrivet fortskaffningsmedel (7 §), Motorcykel",5,11447.0,"Brott mot brottsbalken, 8-12 kap. Brott mot förmögenhet, 8 kap. Stöld, rån m.m., Tillgrepp av motordrivet fortskaffningsmedel (7 §)",Brott mot brottsbalken,"Brott mot brottsbalken, 8-12 kap. Brott mot förmögenhet","Brott mot brottsbalken, 8-12 kap. Brott mot förmögenhet, 8 kap. Stöld, rån m.m.","Brott mot brottsbalken, 8-12 kap. Brott mot förmögenhet, 8 kap. Stöld, rån m.m., Tillgrepp av motordrivet fortskaffningsmedel (7 §)","Brott mot brottsbalken, 8-12 kap. Brott mot förmögenhet, 8 kap. Stöld, rån m.m., Tillgrepp av motordrivet fortskaffningsmedel (7 §), Motorcykel",False
11521,"Brott mot brottsbalken, 8-12 kap. Brott mot förmögenhet, 8 kap. Stöld, rån m.m., Övrig stöld (1, 2, 4 §), Annan stöld (1, 2, 4 §)",5,11495.0,"Brott mot brottsbalken, 8-12 kap. Brott mot förmögenhet, 8 kap. Stöld, rån m.m., Övrig stöld (1, 2, 4 §)",Brott mot brottsbalken,"Brott mot brottsbalken, 8-12 kap. Brott mot förmögenhet","Brott mot brottsbalken, 8-12 kap. Brott mot förmögenhet, 8 kap. Stöld, rån m.m.","Brott mot brottsbalken, 8-12 kap. Brott mot förmögenhet, 8 kap. Stöld, rån m.m., Övrig stöld (1, 2, 4 §)","Brott mot brottsbalken, 8-12 kap. Brott mot förmögenhet, 8 kap. Stöld, rån m.m., Övrig stöld (1, 2, 4 §), Annan stöld (1, 2, 4 §)",False
11518,"Brott mot brottsbalken, 8-12 kap. Brott mot förmögenhet, 8 kap. Stöld, rån m.m., Övrig stöld (1, 2, 4 §), Fickstöld",5,11495.0,"Brott mot brottsbalken, 8-12 kap. Brott mot förmögenhet, 8 kap. Stöld, rån m.m., Övrig stöld (1, 2, 4 §)",Brott mot brottsbalken,"Brott mot brottsbalken, 8-12 kap. Brott mot förmögenhet","Brott mot brottsbalken, 8-12 kap. Brott mot förmögenhet, 8 kap. Stöld, rån m.m.","Brott mot brottsbalken, 8-12 kap. Brott mot förmögenhet, 8 kap. Stöld, rån m.m., Övrig stöld (1, 2, 4 §)","Brott mot brottsbalken, 8-12 kap. Brott mot förmögenhet, 8 kap. Stöld, rån m.m., Övrig stöld (1, 2, 4 §), Fickstöld",False
11520,"Brott mot brottsbalken, 8-12 kap. Brott mot förmögenhet, 8 kap. Stöld, rån m.m., Övrig stöld (1, 2, 4 §), Fickstöld, Mot ej äldre/funktionsnedsatt ",5,11495.0,"Brott mot brottsbalken, 8-12 kap. Brott mot förmögenhet, 8 kap. Stöld, rån m.m., Övrig stöld (1, 2, 4 §)",Brott mot brottsbalken,"Brott mot brottsbalken, 8-12 kap. Brott mot förmögenhet","Brott mot brottsbalken, 8-12 kap. Brott mot förmögenhet, 8 kap. Stöld, rån m.m.","Brott mot brottsbalken, 8-12 kap. Brott mot förmögenhet, 8 kap. Stöld, rån m.m., Övrig stöld (1, 2, 4 §)","Brott mot brottsbalken, 8-12 kap. Brott mot förmögenhet, 8 kap. Stöld, rån m.m., Övrig stöld (1, 2, 4 §), Fickstöld, Mot ej äldre/funktionsnedsatt ",False
11519,"Brott mot brottsbalken, 8-12 kap. Brott mot förmögenhet, 8 kap. Stöld, rån m.m., Övrig stöld (1, 2, 4 §), Fickstöld, Mot äldre/funktionsnedsatt ",5,11495.0,"Brott mot brottsbalken, 8-12 kap. Brott mot förmögenhet, 8 kap. Stöld, rån m.m., Övrig stöld (1, 2, 4 §)",Brott mot brottsbalken,"Brott mot brottsbalken, 8-12 kap. Brott mot förmögenhet","Brott mot brottsbalken, 8-12 kap. Brott mot förmögenhet, 8 kap. Stöld, rån m.m.","Brott mot brottsbalken, 8-12 kap. Brott mot förmögenhet, 8 kap. Stöld, rån m.m., Övrig stöld (1, 2, 4 §)","Brott mot brottsbalken, 8-12 kap. Brott mot förmögenhet, 8 kap. Stöld, rån m.m., Övrig stöld (1, 2, 4 §), Fickstöld, Mot äldre/funktionsnedsatt ",False
11496,"Brott mot brottsbalken, 8-12 kap. Brott mot förmögenhet, 8 kap. Stöld, rån m.m., Övrig stöld (1, 2, 4 §), Från fordon m.m.",5,11495.0,"Brott mot brottsbalken, 8-12 kap. Brott mot förmögenhet, 8 kap. Stöld, rån m.m., Övrig stöld (1, 2, 4 §)",Brott mot brottsbalken,"Brott mot brottsbalken, 8-12 kap. Brott mot förmögenhet","Brott mot brottsbalken, 8-12 kap. Brott mot förmögenhet, 8 kap. Stöld, rån m.m.","Brott mot brottsbalken, 8-12 kap. Brott mot förmögenhet, 8 kap. Stöld, rån m.m., Övrig stöld (1, 2, 4 §)","Brott mot brottsbalken, 8-12 kap. Brott mot förmögenhet, 8 kap. Stöld, rån m.m., Övrig stöld (1, 2, 4 §), Från fordon m.m.",False
11500,"Brott mot brottsbalken, 8-12 kap. Brott mot förmögenhet, 8 kap. Stöld, rån m.m., Övrig stöld (1, 2, 4 §), Från fordon m.m., Av båtmotor",5,11495.0,"Brott mot brottsbalken, 8-12 kap. Brott mot förmögenhet, 8 kap. Stöld, rån m.m., Övrig stöld (1, 2, 4 §)",Brott mot brottsbalken,"Brott mot brottsbalken, 8-12 kap. Brott mot förmögenhet","Brott mot brottsbalken, 8-12 kap. Brott mot förmögenhet, 8 kap. Stöld, rån m.m.","Brott mot brottsbalken, 8-12 kap. Brott mot förmögenhet, 8 kap. Stöld, rån m.m., Övrig stöld (1, 2, 4 §)","Brott mot brottsbalken, 8-12 kap. Brott mot förmögenhet, 8 kap. Stöld, rån m.m., Övrig stöld (1, 2, 4 §), Från fordon m.m., Av båtmotor",False
11499,"Brott mot brottsbalken, 8-12 kap. Brott mot förmögenhet, 8 kap. Stöld, rån m.m., Övrig stöld (1, 2, 4 §), Från fordon m.m., Från båt (annat än båtmotor)",5,11495.0,"Brott mot brottsbalken, 8-12 kap. Brott mot förmögenhet, 8 kap. Stöld, rån m.m., Övrig stöld (1, 2, 4 §)",Brott mot brottsbalken,"Brott mot brottsbalken, 8-12 kap. Brott mot förmögenhet","Brott mot brottsbalken, 8-12 kap. Brott mot förmögenhet, 8 kap. Stöld, rån m.m.","Brott mot brottsbalken, 8-12 kap. Brott mot förmögenhet, 8 kap. Stöld, rån m.m., Övrig stöld (1, 2, 4 §)","Brott mot brottsbalken, 8-12 kap. Brott mot förmögenhet, 8 kap. Stöld, rån m.m., Övrig stöld (1, 2, 4 §), Från fordon m.m., Från båt (annat än båtmotor)",False
11498,"Brott mot brottsbalken, 8-12 kap. Brott mot förmögenhet, 8 kap. Stöld, rån m.m., Övrig stöld (1, 2, 4 §), Från fordon m.m., Från cykel",5,11495.0,"Brott mot brottsbalken, 8-12 kap. Brott mot förmögenhet, 8 kap. Stöld, rån m.m., Övrig stöld (1, 2, 4 §)",Brott mot brottsbalken,"Brott mot brottsbalken, 8-12 kap. Brott mot förmögenhet","Brott mot brottsbalken, 8-12 kap. Brott mot förmögenhet, 8 kap. Stöld, rån m.m.","Brott mot brottsbalken, 8-12 kap. Brott mot förmögenhet, 8 kap. Stöld, rån m.m., Övrig stöld (1, 2, 4 §)","Brott mot brottsbalken, 8-12 kap. Brott mot förmögenhet, 8 kap. Stöld, rån m.m., Övrig stöld (1, 2, 4 §), Från fordon m.m., Från cykel",False
11501,"Brott mot brottsbalken, 8-12 kap. Brott mot förmögenhet, 8 kap. Stöld, rån m.m., Övrig stöld (1, 2, 4 §), Från fordon m.m., Under ykesmässig transport",5,11495.0,"Brott mot brottsbalken, 8-12 kap. Brott mot förmögenhet, 8 kap. Stöld, rån m.m., Övrig stöld (1, 2, 4 §)",Brott mot brottsbalken,"Brott mot brottsbalken, 8-12 kap. Brott mot förmögenhet","Brott mot brottsbalken, 8-12 kap. Brott mot förmögenhet, 8 kap. Stöld, rån m.m.","Brott mot brottsbalken, 8-12 kap. Brott mot förmögenhet, 8 kap. Stöld, rån m.m., Övrig stöld (1, 2, 4 §)","Brott mot brottsbalken, 8-12 kap. Brott mot förmögenhet, 8 kap. Stöld, rån m.m., Övrig stöld (1, 2, 4 §), Från fordon m.m., Under ykesmässig transport",False
11503,"Brott mot brottsbalken, 8-12 kap. Brott mot förmögenhet, 8 kap. Stöld, rån m.m., Övrig stöld (1, 2, 4 §), Från fordon m.m., Under ykesmässig transport, Under övrig yrkesmässig transport",5,11495.0,"Brott mot brottsbalken, 8-12 kap. Brott mot förmögenhet, 8 kap. Stöld, rån m.m., Övrig stöld (1, 2, 4 §)",Brott mot brottsbalken,"Brott mot brottsbalken, 8-12 kap. Brott mot förmögenhet","Brott mot brottsbalken, 8-12 kap. Brott mot förmögenhet, 8 kap. Stöld, rån m.m.","Brott mot brottsbalken, 8-12 kap. Brott mot förmögenhet, 8 kap. Stöld, rån m.m., Övrig stöld (1, 2, 4 §)","Brott mot brottsbalken, 8-12 kap. Brott mot förmögenhet, 8 kap. Stöld, rån m.m., Övrig stöld (1, 2, 4 §), Från fordon m.m., Under ykesmässig transport, Under övrig yrkesmässig transport",False
11502,"Brott mot brottsbalken, 8-12 kap. Brott mot förmögenhet, 8 kap. Stöld, rån m.m., Övrig stöld (1, 2, 4 §), Från fordon m.m., Under ykesmässig transport, Ur/från lastbil, släp, järnvägsv. o d yrkesm godsbeford",5,11495.0,"Brott mot brottsbalken, 8-12 kap. Brott mot förmögenhet, 8 kap. Stöld, rån m.m., Övrig stöld (1, 2, 4 §)",Brott mot brottsbalken,"Brott mot brottsbalken, 8-12 kap. Brott mot förmögenhet","Brott mot brottsbalken, 8-12 kap. Brott mot förmögenhet, 8 kap. Stöld, rån m.m.","Brott mot brottsbalken, 8-12 kap. Brott mot förmögenhet, 8 kap. Stöld, rån m.m., Övrig stöld (1, 2, 4 §)","Brott mot brottsbalken, 8-12 kap. Brott mot förmögenhet, 8 kap. Stöld, rån m.m., Övrig stöld (1, 2, 4 §), Från fordon m.m., Under ykesmässig transport, Ur/från lastbil, släp, järnvägsv. o d yrkesm godsbeford",False
11497,"Brott mot brottsbalken, 8-12 kap. Brott mot förmögenhet, 8 kap. Stöld, rån m.m., Övrig stöld (1, 2, 4 §), Från fordon m.m., Ur och från motordrivet fordon",5,11495.0,"Brott mot brottsbalken, 8-12 kap. Brott mot förmögenhet, 8 kap. Stöld, rån m.m., Övrig stöld (1, 2, 4 §)",Brott mot brottsbalken,"Brott mot brottsbalken, 8-12 kap. Brott mot förmögenhet","Brott mot brottsbalken, 8-12 kap. Brott mot förmögenhet, 8 kap. Stöld, rån m.m.","Brott mot brottsbalken, 8-12 kap. Brott mot förmögenhet, 8 kap. Stöld, rån m.m., Övrig stöld (1, 2, 4 §)","Brott mot brottsbalken, 8-12 kap. Brott mot förmögenhet, 8 kap. Stöld, rån m.m., Övrig stöld (1, 2, 4 §), Från fordon m.m., Ur och från motordrivet fordon",False
5060,"Brott mot brottsbalken, 8-12 kap. Brott mot förmögenhet, 8 kap. Stöld, rån m.m., Övrig stöld (1, 2, 4 §), Från fordon m.m., Ur och från motordrivet fordon, Av andra föremål (ej fast interiö/exteriör)",5,11495.0,"Brott mot brottsbalken, 8-12 kap. Brott mot förmögenhet, 8 kap. Stöld, rån m.m., Övrig stöld (1, 2, 4 §)",Brott mot brottsbalken,"Brott mot brottsbalken, 8-12 kap. Brott mot förmögenhet","Brott mot brottsbalken, 8-12 kap. Brott mot förmögenhet, 8 kap. Stöld, rån m.m.","Brott mot brottsbalken, 8-12 kap. Brott mot förmögenhet, 8 kap. Stöld, rån m.m., Övrig stöld (1, 2, 4 §)","Brott mot brottsbalken, 8-12 kap. Brott mot förmögenhet, 8 kap. Stöld, rån m.m., Övrig stöld (1, 2, 4 §), Från fordon m.m., Ur och från motordrivet fordon, Av andra föremål (ej fast interiö/exteriör)",False
5059,"Brott mot brottsbalken, 8-12 kap. Brott mot förmögenhet, 8 kap. Stöld, rån m.m., Övrig stöld (1, 2, 4 §), Från fordon m.m., Ur och från motordrivet fordon, Av fast interiör/exteriör",5,11495.0,"Brott mot brottsbalken, 8-12 kap. Brott mot förmögenhet, 8 kap. Stöld, rån m.m., Övrig stöld (1, 2, 4 §)",Brott mot brottsbalken,"Brott mot brottsbalken, 8-12 kap. Brott mot förmögenhet","Brott mot brottsbalken, 8-12 kap. Brott mot förmögenhet, 8 kap. Stöld, rån m.m.","Brott mot brottsbalken, 8-12 kap. Brott mot förmögenhet, 8 kap. Stöld, rån m.m., Övrig stöld (1, 2, 4 §)","Brott mot brottsbalken, 8-12 kap. Brott mot förmögenhet, 8 kap. Stöld, rån m.m., Övrig stöld (1, 2, 4 §), Från fordon m.m., Ur och från motordrivet fordon, Av fast interiör/exteriör",False
11512,"Brott mot brottsbalken, 8-12 kap. Brott mot förmögenhet, 8 kap. Stöld, rån m.m., Övrig stöld (1, 2, 4 §), I bostad m.m.",5,11495.0,"Brott mot brottsbalken, 8-12 kap. Brott mot förmögenhet, 8 kap. Stöld, rån m.m., Övrig stöld (1, 2, 4 §)",Brott mot brottsbalken,"Brott mot brottsbalken, 8-12 kap. Brott mot förmögenhet","Brott mot brottsbalken, 8-12 kap. Brott mot förmögenhet, 8 kap. Stöld, rån m.m.","Brott mot brottsbalken, 8-12 kap. Brott mot förmögenhet, 8 kap. Stöld, rån m.m., Övrig stöld (1, 2, 4 §)","Brott mot brottsbalken, 8-12 kap. Brott mot förmögenhet, 8 kap. Stöld, rån m.m., Övrig stöld (1, 2, 4 §), I bostad m.m.",False
11513,"Brott mot brottsbalken, 8-12 kap. Brott mot förmögenhet, 8 kap. Stöld, rån m.m., Övrig stöld (1, 2, 4 §), I bostad m.m., I bostad (lägenhet, villa)",5,11495.0,"Brott mot brottsbalken, 8-12 kap. Brott mot förmögenhet, 8 kap. Stöld, rån m.m., Övrig stöld (1, 2, 4 §)",Brott mot brottsbalken,"Brott mot brottsbalken, 8-12 kap. Brott mot förmögenhet","Brott mot brottsbalken, 8-12 kap. Brott mot förmögenhet, 8 kap. Stöld, rån m.m.","Brott mot brottsbalken, 8-12 kap. Brott mot förmögenhet, 8 kap. Stöld, rån m.m., Övrig stöld (1, 2, 4 §)","Brott mot brottsbalken, 8-12 kap. Brott mot förmögenhet, 8 kap. Stöld, rån m.m., Övrig stöld (1, 2, 4 §), I bostad m.m., I bostad (lägenhet, villa)",False
5100,"Brott mot brottsbalken, 8-12 kap. Brott mot förmögenhet, 8 kap. Stöld, rån m.m., Övrig stöld (1, 2, 4 §), I bostad m.m., I bostad (lägenhet, villa), Mot ej funktionsnedsatt",5,11495.0,"Brott mot brottsbalken, 8-12 kap. Brott mot förmögenhet, 8 kap. Stöld, rån m.m., Övrig stöld (1, 2, 4 §)",Brott mot brottsbalken,"Brott mot brottsbalken, 8-12 kap. Brott mot förmögenhet","Brott mot brottsbalken, 8-12 kap. Brott mot förmögenhet, 8 kap. Stöld, rån m.m.","Brott mot brottsbalken, 8-12 kap. Brott mot förmögenhet, 8 kap. Stöld, rån m.m., Övrig stöld (1, 2, 4 §)","Brott mot brottsbalken, 8-12 kap. Brott mot förmögenhet, 8 kap. Stöld, rån m.m., Övrig stöld (1, 2, 4 §), I bostad m.m., I bostad (lägenhet, villa), Mot ej funktionsnedsatt",False
5099,"Brott mot brottsbalken, 8-12 kap. Brott mot förmögenhet, 8 kap. Stöld, rån m.m., Övrig stöld (1, 2, 4 §), I bostad m.m., I bostad (lägenhet, villa), Mot funktionsnedsatt",5,11495.0,"Brott mot brottsbalken, 8-12 kap. Brott mot förmögenhet, 8 kap. Stöld, rån m.m., Övrig stöld (1, 2, 4 §)",Brott mot brottsbalken,"Brott mot brottsbalken, 8-12 kap. Brott mot förmögenhet","Brott mot brottsbalken, 8-12 kap. Brott mot förmögenhet, 8 kap. Stöld, rån m.m.","Brott mot brottsbalken, 8-12 kap. Brott mot förmögenhet, 8 kap. Stöld, rån m.m., Övrig stöld (1, 2, 4 §)","Brott mot brottsbalken, 8-12 kap. Brott mot förmögenhet, 8 kap. Stöld, rån m.m., Övrig stöld (1, 2, 4 §), I bostad m.m., I bostad (lägenhet, villa), Mot funktionsnedsatt",False
11514,"Brott mot brottsbalken, 8-12 kap. Brott mot förmögenhet, 8 kap. Stöld, rån m.m., Övrig stöld (1, 2, 4 §), I bostad m.m., I källare och på vind",5,11495.0,"Brott mot brottsbalken, 8-12 kap. Brott mot förmögenhet, 8 kap. Stöld, rån m.m., Övrig stöld (1, 2, 4 §)",Brott mot brottsbalken,"Brott mot brottsbalken, 8-12 kap. Brott mot förmögenhet","Brott mot brottsbalken, 8-12 kap. Brott mot förmögenhet, 8 kap. Stöld, rån m.m.","Brott mot brottsbalken, 8-12 kap. Brott mot förmögenhet, 8 kap. Stöld, rån m.m., Övrig stöld (1, 2, 4 §)","Brott mot brottsbalken, 8-12 kap. Brott mot förmögenhet, 8 kap. Stöld, rån m.m., Övrig stöld (1, 2, 4 §), I bostad m.m., I källare och på vind",False
11508,"Brott mot brottsbalken, 8-12 kap. Brott mot förmögenhet, 8 kap. Stöld, rån m.m., Övrig stöld (1, 2, 4 §), I butik, varuhus o. d.",5,11495.0,"Brott mot brottsbalken, 8-12 kap. Brott mot förmögenhet, 8 kap. Stöld, rån m.m., Övrig stöld (1, 2, 4 §)",Brott mot brottsbalken,"Brott mot brottsbalken, 8-12 kap. Brott mot förmögenhet","Brott mot brottsbalken, 8-12 kap. Brott mot förmögenhet, 8 kap. Stöld, rån m.m.","Brott mot brottsbalken, 8-12 kap. Brott mot förmögenhet, 8 kap. Stöld, rån m.m., Övrig stöld (1, 2, 4 §)","Brott mot brottsbalken, 8-12 kap. Brott mot förmögenhet, 8 kap. Stöld, rån m.m., Övrig stöld (1, 2, 4 §), I butik, varuhus o. d.",False
11507,"Brott mot brottsbalken, 8-12 kap. Brott mot förmögenhet, 8 kap. Stöld, rån m.m., Övrig stöld (1, 2, 4 §), I hotell, kafé, restaurang, biograf, teater, nöjes-, samlingslokal m.m.",5,11495.0,"Brott mot brottsbalken, 8-12 kap. Brott mot förmögenhet, 8 kap. Stöld, rån m.m., Övrig stöld (1, 2, 4 §)",Brott mot brottsbalken,"Brott mot brottsbalken, 8-12 kap. Brott mot förmögenhet","Brott mot brottsbalken, 8-12 kap. Brott mot förmögenhet, 8 kap. Stöld, rån m.m.","Brott mot brottsbalken, 8-12 kap. Brott mot förmögenhet, 8 kap. Stöld, rån m.m., Övrig stöld (1, 2, 4 §)","Brott mot brottsbalken, 8-12 kap. Brott mot förmögenhet, 8 kap. Stöld, rån m.m., Övrig stöld (1, 2, 4 §), I hotell, kafé, restaurang, biograf, teater, nöjes-, samlingslokal m.m.",False
11509,"Brott mot brottsbalken, 8-12 kap. Brott mot förmögenhet, 8 kap. Stöld, rån m.m., Övrig stöld (1, 2, 4 §), I industri, verkstad, byggplats, lager, garage, hamnområde, kontor m.m.",5,11495.0,"Brott mot brottsbalken, 8-12 kap. Brott mot förmögenhet, 8 kap. Stöld, rån m.m., Övrig stöld (1, 2, 4 §)",Brott mot brottsbalken,"Brott mot brottsbalken, 8-12 kap. Brott mot förmögenhet","Brott mot brottsbalken, 8-12 kap. Brott mot förmögenhet, 8 kap. Stöld, rån m.m.","Brott mot brottsbalken, 8-12 kap. Brott mot förmögenhet, 8 kap. Stöld, rån m.m., Övrig stöld (1, 2, 4 §)","Brott mot brottsbalken, 8-12 kap. Brott mot förmögenhet, 8 kap. Stöld, rån m.m., Övrig stöld (1, 2, 4 §), I industri, verkstad, byggplats, lager, garage, hamnområde, kontor m.m.",False
11510,"Brott mot brottsbalken, 8-12 kap. Brott mot förmögenhet, 8 kap. Stöld, rån m.m., Övrig stöld (1, 2, 4 §), I industri, verkstad, byggplats, lager, garage, hamnområde, kontor m.m., I kontor",5,11495.0,"Brott mot brottsbalken, 8-12 kap. Brott mot förmögenhet, 8 kap. Stöld, rån m.m., Övrig stöld (1, 2, 4 §)",Brott mot brottsbalken,"Brott mot brottsbalken, 8-12 kap. Brott mot förmögenhet","Brott mot brottsbalken, 8-12 kap. Brott mot förmögenhet, 8 kap. Stöld, rån m.m.","Brott mot brottsbalken, 8-12 kap. Brott mot förmögenhet, 8 kap. Stöld, rån m.m., Övrig stöld (1, 2, 4 §)","Brott mot brottsbalken, 8-12 kap. Brott mot förmögenhet, 8 kap. Stöld, rån m.m., Övrig stöld (1, 2, 4 §), I industri, verkstad, byggplats, lager, garage, hamnområde, kontor m.m., I kontor",False
11511,"Brott mot brottsbalken, 8-12 kap. Brott mot förmögenhet, 8 kap. Stöld, rån m.m., Övrig stöld (1, 2, 4 §), I industri, verkstad, byggplats, lager, garage, hamnområde, kontor m.m., Övrigt",5,11495.0,"Brott mot brottsbalken, 8-12 kap. Brott mot förmögenhet, 8 kap. Stöld, rån m.m., Övrig stöld (1, 2, 4 §)",Brott mot brottsbalken,"Brott mot brottsbalken, 8-12 kap. Brott mot förmögenhet","Brott mot brottsbalken, 8-12 kap. Brott mot förmögenhet, 8 kap. Stöld, rån m.m.","Brott mot brottsbalken, 8-12 kap. Brott mot förmögenhet, 8 kap. Stöld, rån m.m., Övrig stöld (1, 2, 4 §)","Brott mot brottsbalken, 8-12 kap. Brott mot förmögenhet, 8 kap. Stöld, rån m.m., Övrig stöld (1, 2, 4 §), I industri, verkstad, byggplats, lager, garage, hamnområde, kontor m.m., Övrigt",False
11504,"Brott mot brottsbalken, 8-12 kap. Brott mot förmögenhet, 8 kap. Stöld, rån m.m., Övrig stöld (1, 2, 4 §), I skola, kyrka, idrottsanläggning och lokal för kultur",5,11495.0,"Brott mot brottsbalken, 8-12 kap. Brott mot förmögenhet, 8 kap. Stöld, rån m.m., Övrig stöld (1, 2, 4 §)",Brott mot brottsbalken,"Brott mot brottsbalken, 8-12 kap. Brott mot förmögenhet","Brott mot brottsbalken, 8-12 kap. Brott mot förmögenhet, 8 kap. Stöld, rån m.m.","Brott mot brottsbalken, 8-12 kap. Brott mot förmögenhet, 8 kap. Stöld, rån m.m., Övrig stöld (1, 2, 4 §)","Brott mot brottsbalken, 8-12 kap. Brott mot förmögenhet, 8 kap. Stöld, rån m.m., Övrig stöld (1, 2, 4 §), I skola, kyrka, idrottsanläggning och lokal för kultur",False
11506,"Brott mot brottsbalken, 8-12 kap. Brott mot förmögenhet, 8 kap. Stöld, rån m.m., Övrig stöld (1, 2, 4 §), I skola, kyrka, idrottsanläggning och lokal för kultur, I idrottsanläggning, kyrka, museum m.m.",5,11495.0,"Brott mot brottsbalken, 8-12 kap. Brott mot förmögenhet, 8 kap. Stöld, rån m.m., Övrig stöld (1, 2, 4 §)",Brott mot brottsbalken,"Brott mot brottsbalken, 8-12 kap. Brott mot förmögenhet","Brott mot brottsbalken, 8-12 kap. Brott mot förmögenhet, 8 kap. Stöld, rån m.m.","Brott mot brottsbalken, 8-12 kap. Brott mot förmögenhet, 8 kap. Stöld, rån m.m., Övrig stöld (1, 2, 4 §)","Brott mot brottsbalken, 8-12 kap. Brott mot förmögenhet, 8 kap. Stöld, rån m.m., Övrig stöld (1, 2, 4 §), I skola, kyrka, idrottsanläggning och lokal för kultur, I idrottsanläggning, kyrka, museum m.m.",False
11505,"Brott mot brottsbalken, 8-12 kap. Brott mot förmögenhet, 8 kap. Stöld, rån m.m., Övrig stöld (1, 2, 4 §), I skola, kyrka, idrottsanläggning och lokal för kultur, I skola, bibliotek, fritidshem m.m.",5,11495.0,"Brott mot brottsbalken, 8-12 kap. Brott mot förmögenhet, 8 kap. Stöld, rån m.m., Övrig stöld (1, 2, 4 §)",Brott mot brottsbalken,"Brott mot brottsbalken, 8-12 kap. Brott mot förmögenhet","Brott mot brottsbalken, 8-12 kap. Brott mot förmögenhet, 8 kap. Stöld, rån m.m.","Brott mot brottsbalken, 8-12 kap. Brott mot förmögenhet, 8 kap. Stöld, rån m.m., Övrig stöld (1, 2, 4 §)","Brott mot brottsbalken, 8-12 kap. Brott mot förmögenhet, 8 kap. Stöld, rån m.m., Övrig stöld (1, 2, 4 §), I skola, kyrka, idrottsanläggning och lokal för kultur, I skola, bibliotek, fritidshem m.m.",False
13027,"Brott mot brottsbalken, 8-12 kap. Brott mot förmögenhet, 8 kap. Stöld, rån m.m., Övrig stöld (1, 2, 4 §), Stöld av drivmedel (1, 2, 4 §)",5,11495.0,"Brott mot brottsbalken, 8-12 kap. Brott mot förmögenhet, 8 kap. Stöld, rån m.m., Övrig stöld (1, 2, 4 §)",Brott mot brottsbalken,"Brott mot brottsbalken, 8-12 kap. Brott mot förmögenhet","Brott mot brottsbalken, 8-12 kap. Brott mot förmögenhet, 8 kap. Stöld, rån m.m.","Brott mot brottsbalken, 8-12 kap. Brott mot förmögenhet, 8 kap. Stöld, rån m.m., Övrig stöld (1, 2, 4 §)","Brott mot brottsbalken, 8-12 kap. Brott mot förmögenhet, 8 kap. Stöld, rån m.m., Övrig stöld (1, 2, 4 §), Stöld av drivmedel (1, 2, 4 §)",False
13183,"Brott mot brottsbalken, 8-12 kap. Brott mot förmögenhet, 8 kap. Stöld, rån m.m., Övrig stöld (1, 2, 4 §), Stöld av drivmedel (1, 2, 4 §), Stöld av andra drivmedel (t.o.m. 2015-12)",5,11495.0,"Brott mot brottsbalken, 8-12 kap. Brott mot förmögenhet, 8 kap. Stöld, rån m.m., Övrig stöld (1, 2, 4 §)",Brott mot brottsbalken,"Brott mot brottsbalken, 8-12 kap. Brott mot förmögenhet","Brott mot brottsbalken, 8-12 kap. Brott mot förmögenhet, 8 kap. Stöld, rån m.m.","Brott mot brottsbalken, 8-12 kap. Brott mot förmögenhet, 8 kap. Stöld, rån m.m., Övrig stöld (1, 2, 4 §)","Brott mot brottsbalken, 8-12 kap. Brott mot förmögenhet, 8 kap. Stöld, rån m.m., Övrig stöld (1, 2, 4 §), Stöld av drivmedel (1, 2, 4 §), Stöld av andra drivmedel (t.o.m. 2015-12)",False
13169,"Brott mot brottsbalken, 8-12 kap. Brott mot förmögenhet, 8 kap. Stöld, rån m.m., Övrig stöld (1, 2, 4 §), Stöld av drivmedel (1, 2, 4 §), Stöld av diesel",5,11495.0,"Brott mot brottsbalken, 8-12 kap. Brott mot förmögenhet, 8 kap. Stöld, rån m.m., Övrig stöld (1, 2, 4 §)",Brott mot brottsbalken,"Brott mot brottsbalken, 8-12 kap. Brott mot förmögenhet","Brott mot brottsbalken, 8-12 kap. Brott mot förmögenhet, 8 kap. Stöld, rån m.m.","Brott mot brottsbalken, 8-12 kap. Brott mot förmögenhet, 8 kap. Stöld, rån m.m., Övrig stöld (1, 2, 4 §)","Brott mot brottsbalken, 8-12 kap. Brott mot förmögenhet, 8 kap. Stöld, rån m.m., Övrig stöld (1, 2, 4 §), Stöld av drivmedel (1, 2, 4 §), Stöld av diesel",False
13182,"Brott mot brottsbalken, 8-12 kap. Brott mot förmögenhet, 8 kap. Stöld, rån m.m., Övrig stöld (1, 2, 4 §), Stöld av drivmedel (1, 2, 4 §), Stöld av diesel (t.o.m. 2015-12)",5,11495.0,"Brott mot brottsbalken, 8-12 kap. Brott mot förmögenhet, 8 kap. Stöld, rån m.m., Övrig stöld (1, 2, 4 §)",Brott mot brottsbalken,"Brott mot brottsbalken, 8-12 kap. Brott mot förmögenhet","Brott mot brottsbalken, 8-12 kap. Brott mot förmögenhet, 8 kap. Stöld, rån m.m.","Brott mot brottsbalken, 8-12 kap. Brott mot förmögenhet, 8 kap. Stöld, rån m.m., Övrig stöld (1, 2, 4 §)","Brott mot brottsbalken, 8-12 kap. Brott mot förmögenhet, 8 kap. Stöld, rån m.m., Övrig stöld (1, 2, 4 §), Stöld av drivmedel (1, 2, 4 §), Stöld av diesel (t.o.m. 2015-12)",False
13171,"Brott mot brottsbalken, 8-12 kap. Brott mot förmögenhet, 8 kap. Stöld, rån m.m., Övrig stöld (1, 2, 4 §), Stöld av drivmedel (1, 2, 4 §), Stöld av diesel, Ur fordonstank (även entrepenadmaskin m.m.)",5,11495.0,"Brott mot brottsbalken, 8-12 kap. Brott mot förmögenhet, 8 kap. Stöld, rån m.m., Övrig stöld (1, 2, 4 §)",Brott mot brottsbalken,"Brott mot brottsbalken, 8-12 kap. Brott mot förmögenhet","Brott mot brottsbalken, 8-12 kap. Brott mot förmögenhet, 8 kap. Stöld, rån m.m.","Brott mot brottsbalken, 8-12 kap. Brott mot förmögenhet, 8 kap. Stöld, rån m.m., Övrig stöld (1, 2, 4 §)","Brott mot brottsbalken, 8-12 kap. Brott mot förmögenhet, 8 kap. Stöld, rån m.m., Övrig stöld (1, 2, 4 §), Stöld av drivmedel (1, 2, 4 §), Stöld av diesel, Ur fordonstank (även entrepenadmaskin m.m.)",False
13172,"Brott mot brottsbalken, 8-12 kap. Brott mot förmögenhet, 8 kap. Stöld, rån m.m., Övrig stöld (1, 2, 4 §), Stöld av drivmedel (1, 2, 4 §), Stöld av diesel, Ur större tankar (ej kopplade till fordon)",5,11495.0,"Brott mot brottsbalken, 8-12 kap. Brott mot förmögenhet, 8 kap. Stöld, rån m.m., Övrig stöld (1, 2, 4 §)",Brott mot brottsbalken,"Brott mot brottsbalken, 8-12 kap. Brott mot förmögenhet","Brott mot brottsbalken, 8-12 kap. Brott mot förmögenhet, 8 kap. Stöld, rån m.m.","Brott mot brottsbalken, 8-12 kap. Brott mot förmögenhet, 8 kap. Stöld, rån m.m., Övrig stöld (1, 2, 4 §)","Brott mot brottsbalken, 8-12 kap. Brott mot förmögenhet, 8 kap. Stöld, rån m.m., Övrig stöld (1, 2, 4 §), Stöld av drivmedel (1, 2, 4 §), Stöld av diesel, Ur större tankar (ej kopplade till fordon)",False
13170,"Brott mot brottsbalken, 8-12 kap. Brott mot förmögenhet, 8 kap. Stöld, rån m.m., Övrig stöld (1, 2, 4 §), Stöld av drivmedel (1, 2, 4 §), Stöld av drivmedel (även diesel)",5,11495.0,"Brott mot brottsbalken, 8-12 kap. Brott mot förmögenhet, 8 kap. Stöld, rån m.m., Övrig stöld (1, 2, 4 §)",Brott mot brottsbalken,"Brott mot brottsbalken, 8-12 kap. Brott mot förmögenhet","Brott mot brottsbalken, 8-12 kap. Brott mot förmögenhet, 8 kap. Stöld, rån m.m.","Brott mot brottsbalken, 8-12 kap. Brott mot förmögenhet, 8 kap. Stöld, rån m.m., Övrig stöld (1, 2, 4 §)","Brott mot brottsbalken, 8-12 kap. Brott mot förmögenhet, 8 kap. Stöld, rån m.m., Övrig stöld (1, 2, 4 §), Stöld av drivmedel (1, 2, 4 §), Stöld av drivmedel (även diesel)",False
13174,"Brott mot brottsbalken, 8-12 kap. Brott mot förmögenhet, 8 kap. Stöld, rån m.m., Övrig stöld (1, 2, 4 §), Stöld av drivmedel (1, 2, 4 §), Stöld av drivmedel (även diesel), Ej genom smitning",5,11495.0,"Brott mot brottsbalken, 8-12 kap. Brott mot förmögenhet, 8 kap. Stöld, rån m.m., Övrig stöld (1, 2, 4 §)",Brott mot brottsbalken,"Brott mot brottsbalken, 8-12 kap. Brott mot förmögenhet","Brott mot brottsbalken, 8-12 kap. Brott mot förmögenhet, 8 kap. Stöld, rån m.m.","Brott mot brottsbalken, 8-12 kap. Brott mot förmögenhet, 8 kap. Stöld, rån m.m., Övrig stöld (1, 2, 4 §)","Brott mot brottsbalken, 8-12 kap. Brott mot förmögenhet, 8 kap. Stöld, rån m.m., Övrig stöld (1, 2, 4 §), Stöld av drivmedel (1, 2, 4 §), Stöld av drivmedel (även diesel), Ej genom smitning",False
13173,"Brott mot brottsbalken, 8-12 kap. Brott mot förmögenhet, 8 kap. Stöld, rån m.m., Övrig stöld (1, 2, 4 §), Stöld av drivmedel (1, 2, 4 §), Stöld av drivmedel (även diesel), Genom smitning (från bensinstation)",5,11495.0,"Brott mot brottsbalken, 8-12 kap. Brott mot förmögenhet, 8 kap. Stöld, rån m.m., Övrig stöld (1, 2, 4 §)",Brott mot brottsbalken,"Brott mot brottsbalken, 8-12 kap. Brott mot förmögenhet","Brott mot brottsbalken, 8-12 kap. Brott mot förmögenhet, 8 kap. Stöld, rån m.m.","Brott mot brottsbalken, 8-12 kap. Brott mot förmögenhet, 8 kap. Stöld, rån m.m., Övrig stöld (1, 2, 4 §)","Brott mot brottsbalken, 8-12 kap. Brott mot förmögenhet, 8 kap. Stöld, rån m.m., Övrig stöld (1, 2, 4 §), Stöld av drivmedel (1, 2, 4 §), Stöld av drivmedel (även diesel), Genom smitning (från bensinstation)",False
11515,"Brott mot brottsbalken, 8-12 kap. Brott mot förmögenhet, 8 kap. Stöld, rån m.m., Övrig stöld (1, 2, 4 §), Väskryckning (ej rån)",5,11495.0,"Brott mot brottsbalken, 8-12 kap. Brott mot förmögenhet, 8 kap. Stöld, rån m.m., Övrig stöld (1, 2, 4 §)",Brott mot brottsbalken,"Brott mot brottsbalken, 8-12 kap. Brott mot förmögenhet","Brott mot brottsbalken, 8-12 kap. Brott mot förmögenhet, 8 kap. Stöld, rån m.m.","Brott mot brottsbalken, 8-12 kap. Brott mot förmögenhet, 8 kap. Stöld, rån m.m., Övrig stöld (1, 2, 4 §)","Brott mot brottsbalken, 8-12 kap. Brott mot förmögenhet, 8 kap. Stöld, rån m.m., Övrig stöld (1, 2, 4 §), Väskryckning (ej rån)",False
11517,"Brott mot brottsbalken, 8-12 kap. Brott mot förmögenhet, 8 kap. Stöld, rån m.m., Övrig stöld (1, 2, 4 §), Väskryckning (ej rån), Mot ej äldre/funktionsnedsatt ",5,11495.0,"Brott mot brottsbalken, 8-12 kap. Brott mot förmögenhet, 8 kap. Stöld, rån m.m., Övrig stöld (1, 2, 4 §)",Brott mot brottsbalken,"Brott mot brottsbalken, 8-12 kap. Brott mot förmögenhet","Brott mot brottsbalken, 8-12 kap. Brott mot förmögenhet, 8 kap. Stöld, rån m.m.","Brott mot brottsbalken, 8-12 kap. Brott mot förmögenhet, 8 kap. Stöld, rån m.m., Övrig stöld (1, 2, 4 §)","Brott mot brottsbalken, 8-12 kap. Brott mot förmögenhet, 8 kap. Stöld, rån m.m., Övrig stöld (1, 2, 4 §), Väskryckning (ej rån), Mot ej äldre/funktionsnedsatt ",False
11516,"Brott mot brottsbalken, 8-12 kap. Brott mot förmögenhet, 8 kap. Stöld, rån m.m., Övrig stöld (1, 2, 4 §), Väskryckning (ej rån), Mot äldre/funktionsnedsatt ",5,11495.0,"Brott mot brottsbalken, 8-12 kap. Brott mot förmögenhet, 8 kap. Stöld, rån m.m., Övrig stöld (1, 2, 4 §)",Brott mot brottsbalken,"Brott mot brottsbalken, 8-12 kap. Brott mot förmögenhet","Brott mot brottsbalken, 8-12 kap. Brott mot förmögenhet, 8 kap. Stöld, rån m.m.","Brott mot brottsbalken, 8-12 kap. Brott mot förmögenhet, 8 kap. Stöld, rån m.m., Övrig stöld (1, 2, 4 §)","Brott mot brottsbalken, 8-12 kap. Brott mot förmögenhet, 8 kap. Stöld, rån m.m., Övrig stöld (1, 2, 4 §), Väskryckning (ej rån), Mot äldre/funktionsnedsatt ",False
12255,"Brott mot brottsbalken, 3-7 kap. Brott mot person, 3 kap. Brott mot liv och hälsa, Misshandel inkl. grov (5, 6 §), Indelat efter kön (ej mot barn under 15 år t.o.m. 2007), Mot flickor och kvinnor (ej mot barn under 15 år t.o.m. 2007)",6,12141.0,"Brott mot brottsbalken, 3-7 kap. Brott mot person, 3 kap. Brott mot liv och hälsa, Misshandel inkl. grov (5, 6 §), Indelat efter kön (ej mot barn under 15 år t.o.m. 2007)",Brott mot brottsbalken,"Brott mot brottsbalken, 3-7 kap. Brott mot person","Brott mot brottsbalken, 3-7 kap. Brott mot person, 3 kap. Brott mot liv och hälsa","Brott mot brottsbalken, 3-7 kap. Brott mot person, 3 kap. Brott mot liv och hälsa, Misshandel inkl. grov (5, 6 §)","Brott mot brottsbalken, 3-7 kap. Brott mot person, 3 kap. Brott mot liv och hälsa, Misshandel inkl. grov (5, 6 §), Indelat efter kön (ej mot barn under 15 år t.o.m. 2007)",False
12626,"Brott mot brottsbalken, 3-7 kap. Brott mot person, 3 kap. Brott mot liv och hälsa, Misshandel inkl. grov (5, 6 §), Indelat efter kön (ej mot barn under 15 år t.o.m. 2007), Mot flickor och kvinnor (ej mot barn under 15 år t.o.m. 2007), Inomhus",6,12141.0,"Brott mot brottsbalken, 3-7 kap. Brott mot person, 3 kap. Brott mot liv och hälsa, Misshandel inkl. grov (5, 6 §), Indelat efter kön (ej mot barn under 15 år t.o.m. 2007)",Brott mot brottsbalken,"Brott mot brottsbalken, 3-7 kap. Brott mot person","Brott mot brottsbalken, 3-7 kap. Brott mot person, 3 kap. Brott mot liv och hälsa","Brott mot brottsbalken, 3-7 kap. Brott mot person, 3 kap. Brott mot liv och hälsa, Misshandel inkl. grov (5, 6 §)","Brott mot brottsbalken, 3-7 kap. Brott mot person, 3 kap. Brott mot liv och hälsa, Misshandel inkl. grov (5, 6 §), Indelat efter kön (ej mot barn under 15 år t.o.m. 2007)",False
12634,"Brott mot brottsbalken, 3-7 kap. Brott mot person, 3 kap. Brott mot liv och hälsa, Misshandel inkl. grov (5, 6 §), Indelat efter kön (ej mot barn under 15 år t.o.m. 2007), Mot flickor och kvinnor (ej mot barn under 15 år t.o.m. 2007), Inomhus, Bekant med offret",6,12141.0,"Brott mot brottsbalken, 3-7 kap. Brott mot person, 3 kap. Brott mot liv och hälsa, Misshandel inkl. grov (5, 6 §), Indelat efter kön (ej mot barn under 15 år t.o.m. 2007)",Brott mot brottsbalken,"Brott mot brottsbalken, 3-7 kap. Brott mot person","Brott mot brottsbalken, 3-7 kap. Brott mot person, 3 kap. Brott mot liv och hälsa","Brott mot brottsbalken, 3-7 kap. Brott mot person, 3 kap. Brott mot liv och hälsa, Misshandel inkl. grov (5, 6 §)","Brott mot brottsbalken, 3-7 kap. Brott mot person, 3 kap. Brott mot liv och hälsa, Misshandel inkl. grov (5, 6 §), Indelat efter kön (ej mot barn under 15 år t.o.m. 2007)",False
12640,"Brott mot brottsbalken, 3-7 kap. Brott mot person, 3 kap. Brott mot liv och hälsa, Misshandel inkl. grov (5, 6 §), Indelat efter kön (ej mot barn under 15 år t.o.m. 2007), Mot flickor och kvinnor (ej mot barn under 15 år t.o.m. 2007), Inomhus, Bekant med offret, Mot flicka 0-6 år",6,12141.0,"Brott mot brottsbalken, 3-7 kap. Brott mot person, 3 kap. Brott mot liv och hälsa, Misshandel inkl. grov (5, 6 §), Indelat efter kön (ej mot barn under 15 år t.o.m. 2007)",Brott mot brottsbalken,"Brott mot brottsbalken, 3-7 kap. Brott mot person","Brott mot brottsbalken, 3-7 kap. Brott mot person, 3 kap. Brott mot liv och hälsa","Brott mot brottsbalken, 3-7 kap. Brott mot person, 3 kap. Brott mot liv och hälsa, Misshandel inkl. grov (5, 6 §)","Brott mot brottsbalken, 3-7 kap. Brott mot person, 3 kap. Brott mot liv och hälsa, Misshandel inkl. grov (5, 6 §), Indelat efter kön (ej mot barn under 15 år t.o.m. 2007)",False
12657,"Brott mot brottsbalken, 3-7 kap. Brott mot person, 3 kap. Brott mot liv och hälsa, Misshandel inkl. grov (5, 6 §), Indelat efter kön (ej mot barn under 15 år t.o.m. 2007), Mot flickor och kvinnor (ej mot barn under 15 år t.o.m. 2007), Inomhus, Bekant med offret, Mot flicka 15-17 år",6,12141.0,"Brott mot brottsbalken, 3-7 kap. Brott mot person, 3 kap. Brott mot liv och hälsa, Misshandel inkl. grov (5, 6 §), Indelat efter kön (ej mot barn under 15 år t.o.m. 2007)",Brott mot brottsbalken,"Brott mot brottsbalken, 3-7 kap. Brott mot person","Brott mot brottsbalken, 3-7 kap. Brott mot person, 3 kap. Brott mot liv och hälsa","Brott mot brottsbalken, 3-7 kap. Brott mot person, 3 kap. Brott mot liv och hälsa, Misshandel inkl. grov (5, 6 §)","Brott mot brottsbalken, 3-7 kap. Brott mot person, 3 kap. Brott mot liv och hälsa, Misshandel inkl. grov (5, 6 §), Indelat efter kön (ej mot barn under 15 år t.o.m. 2007)",False
12649,"Brott mot brottsbalken, 3-7 kap. Brott mot person, 3 kap. Brott mot liv och hälsa, Misshandel inkl. grov (5, 6 §), Indelat efter kön (ej mot barn under 15 år t.o.m. 2007), Mot flickor och kvinnor (ej mot barn under 15 år t.o.m. 2007), Inomhus, Bekant med offret, Mot flicka 7-14 år",6,12141.0,"Brott mot brottsbalken, 3-7 kap. Brott mot person, 3 kap. Brott mot liv och hälsa, Misshandel inkl. grov (5, 6 §), Indelat efter kön (ej mot barn under 15 år t.o.m. 2007)",Brott mot brottsbalken,"Brott mot brottsbalken, 3-7 kap. Brott mot person","Brott mot brottsbalken, 3-7 kap. Brott mot person, 3 kap. Brott mot liv och hälsa","Brott mot brottsbalken, 3-7 kap. Brott mot person, 3 kap. Brott mot liv och hälsa, Misshandel inkl. grov (5, 6 §)","Brott mot brottsbalken, 3-7 kap. Brott mot person, 3 kap. Brott mot liv och hälsa, Misshandel inkl. grov (5, 6 §), Indelat efter kön (ej mot barn under 15 år t.o.m. 2007)",False
12673,"Brott mot brottsbalken, 3-7 kap. Brott mot person, 3 kap. Brott mot liv och hälsa, Misshandel inkl. grov (5, 6 §), Indelat efter kön (ej mot barn under 15 år t.o.m. 2007), Mot flickor och kvinnor (ej mot barn under 15 år t.o.m. 2007), Inomhus, Bekant med offret, Mot kvinna 15 år och äldre ",6,12141.0,"Brott mot brottsbalken, 3-7 kap. Brott mot person, 3 kap. Brott mot liv och hälsa, Misshandel inkl. grov (5, 6 §), Indelat efter kön (ej mot barn under 15 år t.o.m. 2007)",Brott mot brottsbalken,"Brott mot brottsbalken, 3-7 kap. Brott mot person","Brott mot brottsbalken, 3-7 kap. Brott mot person, 3 kap. Brott mot liv och hälsa","Brott mot brottsbalken, 3-7 kap. Brott mot person, 3 kap. Brott mot liv och hälsa, Misshandel inkl. grov (5, 6 §)","Brott mot brottsbalken, 3-7 kap. Brott mot person, 3 kap. Brott mot liv och hälsa, Misshandel inkl. grov (5, 6 §), Indelat efter kön (ej mot barn under 15 år t.o.m. 2007)",False
12663,"Brott mot brottsbalken, 3-7 kap. Brott mot person, 3 kap. Brott mot liv och hälsa, Misshandel inkl. grov (5, 6 §), Indelat efter kön (ej mot barn under 15 år t.o.m. 2007), Mot flickor och kvinnor (ej mot barn under 15 år t.o.m. 2007), Inomhus, Bekant med offret, Mot kvinna 18 år och äldre (15 år och äldre t.o.m. 2006)",6,12141.0,"Brott mot brottsbalken, 3-7 kap. Brott mot person, 3 kap. Brott mot liv och hälsa, Misshandel inkl. grov (5, 6 §), Indelat efter kön (ej mot barn under 15 år t.o.m. 2007)",Brott mot brottsbalken,"Brott mot brottsbalken, 3-7 kap. Brott mot person","Brott mot brottsbalken, 3-7 kap. Brott mot person, 3 kap. Brott mot liv och hälsa","Brott mot brottsbalken, 3-7 kap. Brott mot person, 3 kap. Brott mot liv och hälsa, Misshandel inkl. grov (5, 6 §)","Brott mot brottsbalken, 3-7 kap. Brott mot person, 3 kap. Brott mot liv och hälsa, Misshandel inkl. grov (5, 6 §), Indelat efter kön (ej mot barn under 15 år t.o.m. 2007)",False
12679,"Brott mot brottsbalken, 3-7 kap. Brott mot person, 3 kap. Brott mot liv och hälsa, Misshandel inkl. grov (5, 6 §), Indelat efter kön (ej mot barn under 15 år t.o.m. 2007), Mot flickor och kvinnor (ej mot barn under 15 år t.o.m. 2007), Inomhus, Bekant med offret, Mot kvinna 18 år och äldre (15 år och äldre t.o.m. 2006), Annan slags relation (uppgift saknas)",6,12141.0,"Brott mot brottsbalken, 3-7 kap. Brott mot person, 3 kap. Brott mot liv och hälsa, Misshandel inkl. grov (5, 6 §), Indelat efter kön (ej mot barn under 15 år t.o.m. 2007)",Brott mot brottsbalken,"Brott mot brottsbalken, 3-7 kap. Brott mot person","Brott mot brottsbalken, 3-7 kap. Brott mot person, 3 kap. Brott mot liv och hälsa","Brott mot brottsbalken, 3-7 kap. Brott mot person, 3 kap. Brott mot liv och hälsa, Misshandel inkl. grov (5, 6 §)","Brott mot brottsbalken, 3-7 kap. Brott mot person, 3 kap. Brott mot liv och hälsa, Misshandel inkl. grov (5, 6 §), Indelat efter kön (ej mot barn under 15 år t.o.m. 2007)",False
12678,"Brott mot brottsbalken, 3-7 kap. Brott mot person, 3 kap. Brott mot liv och hälsa, Misshandel inkl. grov (5, 6 §), Indelat efter kön (ej mot barn under 15 år t.o.m. 2007), Mot flickor och kvinnor (ej mot barn under 15 år t.o.m. 2007), Inomhus, Bekant med offret, Mot kvinna 18 år och äldre (15 år och äldre t.o.m. 2006), Närstående genom parrelation (uppgift saknas)",6,12141.0,"Brott mot brottsbalken, 3-7 kap. Brott mot person, 3 kap. Brott mot liv och hälsa, Misshandel inkl. grov (5, 6 §), Indelat efter kön (ej mot barn under 15 år t.o.m. 2007)",Brott mot brottsbalken,"Brott mot brottsbalken, 3-7 kap. Brott mot person","Brott mot brottsbalken, 3-7 kap. Brott mot person, 3 kap. Brott mot liv och hälsa","Brott mot brottsbalken, 3-7 kap. Brott mot person, 3 kap. Brott mot liv och hälsa, Misshandel inkl. grov (5, 6 §)","Brott mot brottsbalken, 3-7 kap. Brott mot person, 3 kap. Brott mot liv och hälsa, Misshandel inkl. grov (5, 6 §), Indelat efter kön (ej mot barn under 15 år t.o.m. 2007)",False
13935,"Brott mot brottsbalken, 3-7 kap. Brott mot person, 3 kap. Brott mot liv och hälsa, Misshandel inkl. grov (5, 6 §), Indelat efter kön (ej mot barn under 15 år t.o.m. 2007), Mot flickor och kvinnor (ej mot barn under 15 år t.o.m. 2007), Inomhus, Bekant med offret, Mot kvinna 18 år och äldre (15 år och äldre t.o.m. 2006), Närstående genom släktskap/familj (uppgift saknas)",6,12141.0,"Brott mot brottsbalken, 3-7 kap. Brott mot person, 3 kap. Brott mot liv och hälsa, Misshandel inkl. grov (5, 6 §), Indelat efter kön (ej mot barn under 15 år t.o.m. 2007)",Brott mot brottsbalken,"Brott mot brottsbalken, 3-7 kap. Brott mot person","Brott mot brottsbalken, 3-7 kap. Brott mot person, 3 kap. Brott mot liv och hälsa","Brott mot brottsbalken, 3-7 kap. Brott mot person, 3 kap. Brott mot liv och hälsa, Misshandel inkl. grov (5, 6 §)","Brott mot brottsbalken, 3-7 kap. Brott mot person, 3 kap. Brott mot liv och hälsa, Misshandel inkl. grov (5, 6 §), Indelat efter kön (ej mot barn under 15 år t.o.m. 2007)",False
12630,"Brott mot brottsbalken, 3-7 kap. Brott mot person, 3 kap. Brott mot liv och hälsa, Misshandel inkl. grov (5, 6 §), Indelat efter kön (ej mot barn under 15 år t.o.m. 2007), Mot flickor och kvinnor (ej mot barn under 15 år t.o.m. 2007), Inomhus, Obekant med offret",6,12141.0,"Brott mot brottsbalken, 3-7 kap. Brott mot person, 3 kap. Brott mot liv och hälsa, Misshandel inkl. grov (5, 6 §), Indelat efter kön (ej mot barn under 15 år t.o.m. 2007)",Brott mot brottsbalken,"Brott mot brottsbalken, 3-7 kap. Brott mot person","Brott mot brottsbalken, 3-7 kap. Brott mot person, 3 kap. Brott mot liv och hälsa","Brott mot brottsbalken, 3-7 kap. Brott mot person, 3 kap. Brott mot liv och hälsa, Misshandel inkl. grov (5, 6 §)","Brott mot brottsbalken, 3-7 kap. Brott mot person, 3 kap. Brott mot liv och hälsa, Misshandel inkl. grov (5, 6 §), Indelat efter kön (ej mot barn under 15 år t.o.m. 2007)",False
12639,"Brott mot brottsbalken, 3-7 kap. Brott mot person, 3 kap. Brott mot liv och hälsa, Misshandel inkl. grov (5, 6 §), Indelat efter kön (ej mot barn under 15 år t.o.m. 2007), Mot flickor och kvinnor (ej mot barn under 15 år t.o.m. 2007), Inomhus, Obekant med offret, Mot flicka 0-6 år",6,12141.0,"Brott mot brottsbalken, 3-7 kap. Brott mot person, 3 kap. Brott mot liv och hälsa, Misshandel inkl. grov (5, 6 §), Indelat efter kön (ej mot barn under 15 år t.o.m. 2007)",Brott mot brottsbalken,"Brott mot brottsbalken, 3-7 kap. Brott mot person","Brott mot brottsbalken, 3-7 kap. Brott mot person, 3 kap. Brott mot liv och hälsa","Brott mot brottsbalken, 3-7 kap. Brott mot person, 3 kap. Brott mot liv och hälsa, Misshandel inkl. grov (5, 6 §)","Brott mot brottsbalken, 3-7 kap. Brott mot person, 3 kap. Brott mot liv och hälsa, Misshandel inkl. grov (5, 6 §), Indelat efter kön (ej mot barn under 15 år t.o.m. 2007)",False
12656,"Brott mot brottsbalken, 3-7 kap. Brott mot person, 3 kap. Brott mot liv och hälsa, Misshandel inkl. grov (5, 6 §), Indelat efter kön (ej mot barn under 15 år t.o.m. 2007), Mot flickor och kvinnor (ej mot barn under 15 år t.o.m. 2007), Inomhus, Obekant med offret, Mot flicka 15-17 år",6,12141.0,"Brott mot brottsbalken, 3-7 kap. Brott mot person, 3 kap. Brott mot liv och hälsa, Misshandel inkl. grov (5, 6 §), Indelat efter kön (ej mot barn under 15 år t.o.m. 2007)",Brott mot brottsbalken,"Brott mot brottsbalken, 3-7 kap. Brott mot person","Brott mot brottsbalken, 3-7 kap. Brott mot person, 3 kap. Brott mot liv och hälsa","Brott mot brottsbalken, 3-7 kap. Brott mot person, 3 kap. Brott mot liv och hälsa, Misshandel inkl. grov (5, 6 §)","Brott mot brottsbalken, 3-7 kap. Brott mot person, 3 kap. Brott mot liv och hälsa, Misshandel inkl. grov (5, 6 §), Indelat efter kön (ej mot barn under 15 år t.o.m. 2007)",False
12648,"Brott mot brottsbalken, 3-7 kap. Brott mot person, 3 kap. Brott mot liv och hälsa, Misshandel inkl. grov (5, 6 §), Indelat efter kön (ej mot barn under 15 år t.o.m. 2007), Mot flickor och kvinnor (ej mot barn under 15 år t.o.m. 2007), Inomhus, Obekant med offret, Mot flicka 7-14 år",6,12141.0,"Brott mot brottsbalken, 3-7 kap. Brott mot person, 3 kap. Brott mot liv och hälsa, Misshandel inkl. grov (5, 6 §), Indelat efter kön (ej mot barn under 15 år t.o.m. 2007)",Brott mot brottsbalken,"Brott mot brottsbalken, 3-7 kap. Brott mot person","Brott mot brottsbalken, 3-7 kap. Brott mot person, 3 kap. Brott mot liv och hälsa","Brott mot brottsbalken, 3-7 kap. Brott mot person, 3 kap. Brott mot liv och hälsa, Misshandel inkl. grov (5, 6 §)","Brott mot brottsbalken, 3-7 kap. Brott mot person, 3 kap. Brott mot liv och hälsa, Misshandel inkl. grov (5, 6 §), Indelat efter kön (ej mot barn under 15 år t.o.m. 2007)",False
12672,"Brott mot brottsbalken, 3-7 kap. Brott mot person, 3 kap. Brott mot liv och hälsa, Misshandel inkl. grov (5, 6 §), Indelat efter kön (ej mot barn under 15 år t.o.m. 2007), Mot flickor och kvinnor (ej mot barn under 15 år t.o.m. 2007), Inomhus, Obekant med offret, Mot kvinna 15 år och äldre",6,12141.0,"Brott mot brottsbalken, 3-7 kap. Brott mot person, 3 kap. Brott mot liv och hälsa, Misshandel inkl. grov (5, 6 §), Indelat efter kön (ej mot barn under 15 år t.o.m. 2007)",Brott mot brottsbalken,"Brott mot brottsbalken, 3-7 kap. Brott mot person","Brott mot brottsbalken, 3-7 kap. Brott mot person, 3 kap. Brott mot liv och hälsa","Brott mot brottsbalken, 3-7 kap. Brott mot person, 3 kap. Brott mot liv och hälsa, Misshandel inkl. grov (5, 6 §)","Brott mot brottsbalken, 3-7 kap. Brott mot person, 3 kap. Brott mot liv och hälsa, Misshandel inkl. grov (5, 6 §), Indelat efter kön (ej mot barn under 15 år t.o.m. 2007)",False
12662,"Brott mot brottsbalken, 3-7 kap. Brott mot person, 3 kap. Brott mot liv och hälsa, Misshandel inkl. grov (5, 6 §), Indelat efter kön (ej mot barn under 15 år t.o.m. 2007), Mot flickor och kvinnor (ej mot barn under 15 år t.o.m. 2007), Inomhus, Obekant med offret, Mot kvinna 18 år och äldre (15 år och äldre t.o.m. 2006)",6,12141.0,"Brott mot brottsbalken, 3-7 kap. Brott mot person, 3 kap. Brott mot liv och hälsa, Misshandel inkl. grov (5, 6 §), Indelat efter kön (ej mot barn under 15 år t.o.m. 2007)",Brott mot brottsbalken,"Brott mot brottsbalken, 3-7 kap. Brott mot person","Brott mot brottsbalken, 3-7 kap. Brott mot person, 3 kap. Brott mot liv och hälsa","Brott mot brottsbalken, 3-7 kap. Brott mot person, 3 kap. Brott mot liv och hälsa, Misshandel inkl. grov (5, 6 §)","Brott mot brottsbalken, 3-7 kap. Brott mot person, 3 kap. Brott mot liv och hälsa, Misshandel inkl. grov (5, 6 §), Indelat efter kön (ej mot barn under 15 år t.o.m. 2007)",False
12625,"Brott mot brottsbalken, 3-7 kap. Brott mot person, 3 kap. Brott mot liv och hälsa, Misshandel inkl. grov (5, 6 §), Indelat efter kön (ej mot barn under 15 år t.o.m. 2007), Mot flickor och kvinnor (ej mot barn under 15 år t.o.m. 2007), Utomhus",6,12141.0,"Brott mot brottsbalken, 3-7 kap. Brott mot person, 3 kap. Brott mot liv och hälsa, Misshandel inkl. grov (5, 6 §), Indelat efter kön (ej mot barn under 15 år t.o.m. 2007)",Brott mot brottsbalken,"Brott mot brottsbalken, 3-7 kap. Brott mot person","Brott mot brottsbalken, 3-7 kap. Brott mot person, 3 kap. Brott mot liv och hälsa","Brott mot brottsbalken, 3-7 kap. Brott mot person, 3 kap. Brott mot liv och hälsa, Misshandel inkl. grov (5, 6 §)","Brott mot brottsbalken, 3-7 kap. Brott mot person, 3 kap. Brott mot liv och hälsa, Misshandel inkl. grov (5, 6 §), Indelat efter kön (ej mot barn under 15 år t.o.m. 2007)",False
12633,"Brott mot brottsbalken, 3-7 kap. Brott mot person, 3 kap. Brott mot liv och hälsa, Misshandel inkl. grov (5, 6 §), Indelat efter kön (ej mot barn under 15 år t.o.m. 2007), Mot flickor och kvinnor (ej mot barn under 15 år t.o.m. 2007), Utomhus, Bekant med offret",6,12141.0,"Brott mot brottsbalken, 3-7 kap. Brott mot person, 3 kap. Brott mot liv och hälsa, Misshandel inkl. grov (5, 6 §), Indelat efter kön (ej mot barn under 15 år t.o.m. 2007)",Brott mot brottsbalken,"Brott mot brottsbalken, 3-7 kap. Brott mot person","Brott mot brottsbalken, 3-7 kap. Brott mot person, 3 kap. Brott mot liv och hälsa","Brott mot brottsbalken, 3-7 kap. Brott mot person, 3 kap. Brott mot liv och hälsa, Misshandel inkl. grov (5, 6 §)","Brott mot brottsbalken, 3-7 kap. Brott mot person, 3 kap. Brott mot liv och hälsa, Misshandel inkl. grov (5, 6 §), Indelat efter kön (ej mot barn under 15 år t.o.m. 2007)",False
12638,"Brott mot brottsbalken, 3-7 kap. Brott mot person, 3 kap. Brott mot liv och hälsa, Misshandel inkl. grov (5, 6 §), Indelat efter kön (ej mot barn under 15 år t.o.m. 2007), Mot flickor och kvinnor (ej mot barn under 15 år t.o.m. 2007), Utomhus, Bekant med offret, Mot flicka 0-6 år",6,12141.0,"Brott mot brottsbalken, 3-7 kap. Brott mot person, 3 kap. Brott mot liv och hälsa, Misshandel inkl. grov (5, 6 §), Indelat efter kön (ej mot barn under 15 år t.o.m. 2007)",Brott mot brottsbalken,"Brott mot brottsbalken, 3-7 kap. Brott mot person","Brott mot brottsbalken, 3-7 kap. Brott mot person, 3 kap. Brott mot liv och hälsa","Brott mot brottsbalken, 3-7 kap. Brott mot person, 3 kap. Brott mot liv och hälsa, Misshandel inkl. grov (5, 6 §)","Brott mot brottsbalken, 3-7 kap. Brott mot person, 3 kap. Brott mot liv och hälsa, Misshandel inkl. grov (5, 6 §), Indelat efter kön (ej mot barn under 15 år t.o.m. 2007)",False
12655,"Brott mot brottsbalken, 3-7 kap. Brott mot person, 3 kap. Brott mot liv och hälsa, Misshandel inkl. grov (5, 6 §), Indelat efter kön (ej mot barn under 15 år t.o.m. 2007), Mot flickor och kvinnor (ej mot barn under 15 år t.o.m. 2007), Utomhus, Bekant med offret, Mot flicka 15-17 år",6,12141.0,"Brott mot brottsbalken, 3-7 kap. Brott mot person, 3 kap. Brott mot liv och hälsa, Misshandel inkl. grov (5, 6 §), Indelat efter kön (ej mot barn under 15 år t.o.m. 2007)",Brott mot brottsbalken,"Brott mot brottsbalken, 3-7 kap. Brott mot person","Brott mot brottsbalken, 3-7 kap. Brott mot person, 3 kap. Brott mot liv och hälsa","Brott mot brottsbalken, 3-7 kap. Brott mot person, 3 kap. Brott mot liv och hälsa, Misshandel inkl. grov (5, 6 §)","Brott mot brottsbalken, 3-7 kap. Brott mot person, 3 kap. Brott mot liv och hälsa, Misshandel inkl. grov (5, 6 §), Indelat efter kön (ej mot barn under 15 år t.o.m. 2007)",False
12647,"Brott mot brottsbalken, 3-7 kap. Brott mot person, 3 kap. Brott mot liv och hälsa, Misshandel inkl. grov (5, 6 §), Indelat efter kön (ej mot barn under 15 år t.o.m. 2007), Mot flickor och kvinnor (ej mot barn under 15 år t.o.m. 2007), Utomhus, Bekant med offret, Mot flicka 7-14 år",6,12141.0,"Brott mot brottsbalken, 3-7 kap. Brott mot person, 3 kap. Brott mot liv och hälsa, Misshandel inkl. grov (5, 6 §), Indelat efter kön (ej mot barn under 15 år t.o.m. 2007)",Brott mot brottsbalken,"Brott mot brottsbalken, 3-7 kap. Brott mot person","Brott mot brottsbalken, 3-7 kap. Brott mot person, 3 kap. Brott mot liv och hälsa","Brott mot brottsbalken, 3-7 kap. Brott mot person, 3 kap. Brott mot liv och hälsa, Misshandel inkl. grov (5, 6 §)","Brott mot brottsbalken, 3-7 kap. Brott mot person, 3 kap. Brott mot liv och hälsa, Misshandel inkl. grov (5, 6 §), Indelat efter kön (ej mot barn under 15 år t.o.m. 2007)",False
12671,"Brott mot brottsbalken, 3-7 kap. Brott mot person, 3 kap. Brott mot liv och hälsa, Misshandel inkl. grov (5, 6 §), Indelat efter kön (ej mot barn under 15 år t.o.m. 2007), Mot flickor och kvinnor (ej mot barn under 15 år t.o.m. 2007), Utomhus, Bekant med offret, Mot kvinna 15 år och äldre",6,12141.0,"Brott mot brottsbalken, 3-7 kap. Brott mot person, 3 kap. Brott mot liv och hälsa, Misshandel inkl. grov (5, 6 §), Indelat efter kön (ej mot barn under 15 år t.o.m. 2007)",Brott mot brottsbalken,"Brott mot brottsbalken, 3-7 kap. Brott mot person","Brott mot brottsbalken, 3-7 kap. Brott mot person, 3 kap. Brott mot liv och hälsa","Brott mot brottsbalken, 3-7 kap. Brott mot person, 3 kap. Brott mot liv och hälsa, Misshandel inkl. grov (5, 6 §)","Brott mot brottsbalken, 3-7 kap. Brott mot person, 3 kap. Brott mot liv och hälsa, Misshandel inkl. grov (5, 6 §), Indelat efter kön (ej mot barn under 15 år t.o.m. 2007)",False
12661,"Brott mot brottsbalken, 3-7 kap. Brott mot person, 3 kap. Brott mot liv och hälsa, Misshandel inkl. grov (5, 6 §), Indelat efter kön (ej mot barn under 15 år t.o.m. 2007), Mot flickor och kvinnor (ej mot barn under 15 år t.o.m. 2007), Utomhus, Bekant med offret, Mot kvinna 18 år och äldre (15 år och äldre t.o.m. 2006)",6,12141.0,"Brott mot brottsbalken, 3-7 kap. Brott mot person, 3 kap. Brott mot liv och hälsa, Misshandel inkl. grov (5, 6 §), Indelat efter kön (ej mot barn under 15 år t.o.m. 2007)",Brott mot brottsbalken,"Brott mot brottsbalken, 3-7 kap. Brott mot person","Brott mot brottsbalken, 3-7 kap. Brott mot person, 3 kap. Brott mot liv och hälsa","Brott mot brottsbalken, 3-7 kap. Brott mot person, 3 kap. Brott mot liv och hälsa, Misshandel inkl. grov (5, 6 §)","Brott mot brottsbalken, 3-7 kap. Brott mot person, 3 kap. Brott mot liv och hälsa, Misshandel inkl. grov (5, 6 §), Indelat efter kön (ej mot barn under 15 år t.o.m. 2007)",False
5043,"Brott mot brottsbalken, 3-7 kap. Brott mot person, 3 kap. Brott mot liv och hälsa, Misshandel inkl. grov (5, 6 §), Indelat efter kön (ej mot barn under 15 år t.o.m. 2007), Mot flickor och kvinnor (ej mot barn under 15 år t.o.m. 2007), Utomhus, Bekant med offret, Mot kvinna 18 år och äldre (15 år och äldre t.o.m. 2006), Annan slags relation (uppgift saknas)",6,12141.0,"Brott mot brottsbalken, 3-7 kap. Brott mot person, 3 kap. Brott mot liv och hälsa, Misshandel inkl. grov (5, 6 §), Indelat efter kön (ej mot barn under 15 år t.o.m. 2007)",Brott mot brottsbalken,"Brott mot brottsbalken, 3-7 kap. Brott mot person","Brott mot brottsbalken, 3-7 kap. Brott mot person, 3 kap. Brott mot liv och hälsa","Brott mot brottsbalken, 3-7 kap. Brott mot person, 3 kap. Brott mot liv och hälsa, Misshandel inkl. grov (5, 6 §)","Brott mot brottsbalken, 3-7 kap. Brott mot person, 3 kap. Brott mot liv och hälsa, Misshandel inkl. grov (5, 6 §), Indelat efter kön (ej mot barn under 15 år t.o.m. 2007)",False
5042,"Brott mot brottsbalken, 3-7 kap. Brott mot person, 3 kap. Brott mot liv och hälsa, Misshandel inkl. grov (5, 6 §), Indelat efter kön (ej mot barn under 15 år t.o.m. 2007), Mot flickor och kvinnor (ej mot barn under 15 år t.o.m. 2007), Utomhus, Bekant med offret, Mot kvinna 18 år och äldre (15 år och äldre t.o.m. 2006), Närstående genom parrelation (uppgift saknas)",6,12141.0,"Brott mot brottsbalken, 3-7 kap. Brott mot person, 3 kap. Brott mot liv och hälsa, Misshandel inkl. grov (5, 6 §), Indelat efter kön (ej mot barn under 15 år t.o.m. 2007)",Brott mot brottsbalken,"Brott mot brottsbalken, 3-7 kap. Brott mot person","Brott mot brottsbalken, 3-7 kap. Brott mot person, 3 kap. Brott mot liv och hälsa","Brott mot brottsbalken, 3-7 kap. Brott mot person, 3 kap. Brott mot liv och hälsa, Misshandel inkl. grov (5, 6 §)","Brott mot brottsbalken, 3-7 kap. Brott mot person, 3 kap. Brott mot liv och hälsa, Misshandel inkl. grov (5, 6 §), Indelat efter kön (ej mot barn under 15 år t.o.m. 2007)",False
13933,"Brott mot brottsbalken, 3-7 kap. Brott mot person, 3 kap. Brott mot liv och hälsa, Misshandel inkl. grov (5, 6 §), Indelat efter kön (ej mot barn under 15 år t.o.m. 2007), Mot flickor och kvinnor (ej mot barn under 15 år t.o.m. 2007), Utomhus, Bekant med offret, Mot kvinna 18 år och äldre (15 år och äldre t.o.m. 2006), Närstående genom släktskap/familj (uppgift saknas)",6,12141.0,"Brott mot brottsbalken, 3-7 kap. Brott mot person, 3 kap. Brott mot liv och hälsa, Misshandel inkl. grov (5, 6 §), Indelat efter kön (ej mot barn under 15 år t.o.m. 2007)",Brott mot brottsbalken,"Brott mot brottsbalken, 3-7 kap. Brott mot person","Brott mot brottsbalken, 3-7 kap. Brott mot person, 3 kap. Brott mot liv och hälsa","Brott mot brottsbalken, 3-7 kap. Brott mot person, 3 kap. Brott mot liv och hälsa, Misshandel inkl. grov (5, 6 §)","Brott mot brottsbalken, 3-7 kap. Brott mot person, 3 kap. Brott mot liv och hälsa, Misshandel inkl. grov (5, 6 §), Indelat efter kön (ej mot barn under 15 år t.o.m. 2007)",False
12629,"Brott mot brottsbalken, 3-7 kap. Brott mot person, 3 kap. Brott mot liv och hälsa, Misshandel inkl. grov (5, 6 §), Indelat efter kön (ej mot barn under 15 år t.o.m. 2007), Mot flickor och kvinnor (ej mot barn under 15 år t.o.m. 2007), Utomhus, Obekant med offret",6,12141.0,"Brott mot brottsbalken, 3-7 kap. Brott mot person, 3 kap. Brott mot liv och hälsa, Misshandel inkl. grov (5, 6 §), Indelat efter kön (ej mot barn under 15 år t.o.m. 2007)",Brott mot brottsbalken,"Brott mot brottsbalken, 3-7 kap. Brott mot person","Brott mot brottsbalken, 3-7 kap. Brott mot person, 3 kap. Brott mot liv och hälsa","Brott mot brottsbalken, 3-7 kap. Brott mot person, 3 kap. Brott mot liv och hälsa, Misshandel inkl. grov (5, 6 §)","Brott mot brottsbalken, 3-7 kap. Brott mot person, 3 kap. Brott mot liv och hälsa, Misshandel inkl. grov (5, 6 §), Indelat efter kön (ej mot barn under 15 år t.o.m. 2007)",False
12637,"Brott mot brottsbalken, 3-7 kap. Brott mot person, 3 kap. Brott mot liv och hälsa, Misshandel inkl. grov (5, 6 §), Indelat efter kön (ej mot barn under 15 år t.o.m. 2007), Mot flickor och kvinnor (ej mot barn under 15 år t.o.m. 2007), Utomhus, Obekant med offret, Mot flicka 0-6 år",6,12141.0,"Brott mot brottsbalken, 3-7 kap. Brott mot person, 3 kap. Brott mot liv och hälsa, Misshandel inkl. grov (5, 6 §), Indelat efter kön (ej mot barn under 15 år t.o.m. 2007)",Brott mot brottsbalken,"Brott mot brottsbalken, 3-7 kap. Brott mot person","Brott mot brottsbalken, 3-7 kap. Brott mot person, 3 kap. Brott mot liv och hälsa","Brott mot brottsbalken, 3-7 kap. Brott mot person, 3 kap. Brott mot liv och hälsa, Misshandel inkl. grov (5, 6 §)","Brott mot brottsbalken, 3-7 kap. Brott mot person, 3 kap. Brott mot liv och hälsa, Misshandel inkl. grov (5, 6 §), Indelat efter kön (ej mot barn under 15 år t.o.m. 2007)",False
12654,"Brott mot brottsbalken, 3-7 kap. Brott mot person, 3 kap. Brott mot liv och hälsa, Misshandel inkl. grov (5, 6 §), Indelat efter kön (ej mot barn under 15 år t.o.m. 2007), Mot flickor och kvinnor (ej mot barn under 15 år t.o.m. 2007), Utomhus, Obekant med offret, Mot flicka 15-17 år",6,12141.0,"Brott mot brottsbalken, 3-7 kap. Brott mot person, 3 kap. Brott mot liv och hälsa, Misshandel inkl. grov (5, 6 §), Indelat efter kön (ej mot barn under 15 år t.o.m. 2007)",Brott mot brottsbalken,"Brott mot brottsbalken, 3-7 kap. Brott mot person","Brott mot brottsbalken, 3-7 kap. Brott mot person, 3 kap. Brott mot liv och hälsa","Brott mot brottsbalken, 3-7 kap. Brott mot person, 3 kap. Brott mot liv och hälsa, Misshandel inkl. grov (5, 6 §)","Brott mot brottsbalken, 3-7 kap. Brott mot person, 3 kap. Brott mot liv och hälsa, Misshandel inkl. grov (5, 6 §), Indelat efter kön (ej mot barn under 15 år t.o.m. 2007)",False
12646,"Brott mot brottsbalken, 3-7 kap. Brott mot person, 3 kap. Brott mot liv och hälsa, Misshandel inkl. grov (5, 6 §), Indelat efter kön (ej mot barn under 15 år t.o.m. 2007), Mot flickor och kvinnor (ej mot barn under 15 år t.o.m. 2007), Utomhus, Obekant med offret, Mot flicka 7-14 år",6,12141.0,"Brott mot brottsbalken, 3-7 kap. Brott mot person, 3 kap. Brott mot liv och hälsa, Misshandel inkl. grov (5, 6 §), Indelat efter kön (ej mot barn under 15 år t.o.m. 2007)",Brott mot brottsbalken,"Brott mot brottsbalken, 3-7 kap. Brott mot person","Brott mot brottsbalken, 3-7 kap. Brott mot person, 3 kap. Brott mot liv och hälsa","Brott mot brottsbalken, 3-7 kap. Brott mot person, 3 kap. Brott mot liv och hälsa, Misshandel inkl. grov (5, 6 §)","Brott mot brottsbalken, 3-7 kap. Brott mot person, 3 kap. Brott mot liv och hälsa, Misshandel inkl. grov (5, 6 §), Indelat efter kön (ej mot barn under 15 år t.o.m. 2007)",False
12670,"Brott mot brottsbalken, 3-7 kap. Brott mot person, 3 kap. Brott mot liv och hälsa, Misshandel inkl. grov (5, 6 §), Indelat efter kön (ej mot barn under 15 år t.o.m. 2007), Mot flickor och kvinnor (ej mot barn under 15 år t.o.m. 2007), Utomhus, Obekant med offret, Mot kvinna 15 år och äldre ",6,12141.0,"Brott mot brottsbalken, 3-7 kap. Brott mot person, 3 kap. Brott mot liv och hälsa, Misshandel inkl. grov (5, 6 §), Indelat efter kön (ej mot barn under 15 år t.o.m. 2007)",Brott mot brottsbalken,"Brott mot brottsbalken, 3-7 kap. Brott mot person","Brott mot brottsbalken, 3-7 kap. Brott mot person, 3 kap. Brott mot liv och hälsa","Brott mot brottsbalken, 3-7 kap. Brott mot person, 3 kap. Brott mot liv och hälsa, Misshandel inkl. grov (5, 6 §)","Brott mot brottsbalken, 3-7 kap. Brott mot person, 3 kap. Brott mot liv och hälsa, Misshandel inkl. grov (5, 6 §), Indelat efter kön (ej mot barn under 15 år t.o.m. 2007)",False
12660,"Brott mot brottsbalken, 3-7 kap. Brott mot person, 3 kap. Brott mot liv och hälsa, Misshandel inkl. grov (5, 6 §), Indelat efter kön (ej mot barn under 15 år t.o.m. 2007), Mot flickor och kvinnor (ej mot barn under 15 år t.o.m. 2007), Utomhus, Obekant med offret, Mot kvinna 18 år och äldre (15 år och äldre t.o.m. 2006)",6,12141.0,"Brott mot brottsbalken, 3-7 kap. Brott mot person, 3 kap. Brott mot liv och hälsa, Misshandel inkl. grov (5, 6 §), Indelat efter kön (ej mot barn under 15 år t.o.m. 2007)",Brott mot brottsbalken,"Brott mot brottsbalken, 3-7 kap. Brott mot person","Brott mot brottsbalken, 3-7 kap. Brott mot person, 3 kap. Brott mot liv och hälsa","Brott mot brottsbalken, 3-7 kap. Brott mot person, 3 kap. Brott mot liv och hälsa, Misshandel inkl. grov (5, 6 §)","Brott mot brottsbalken, 3-7 kap. Brott mot person, 3 kap. Brott mot liv och hälsa, Misshandel inkl. grov (5, 6 §), Indelat efter kön (ej mot barn under 15 år t.o.m. 2007)",False
12256,"Brott mot brottsbalken, 3-7 kap. Brott mot person, 3 kap. Brott mot liv och hälsa, Misshandel inkl. grov (5, 6 §), Indelat efter kön (ej mot barn under 15 år t.o.m. 2007), Mot pojkar och män (ej mot barn under 15 år t.o.m. 2007)",6,12141.0,"Brott mot brottsbalken, 3-7 kap. Brott mot person, 3 kap. Brott mot liv och hälsa, Misshandel inkl. grov (5, 6 §), Indelat efter kön (ej mot barn under 15 år t.o.m. 2007)",Brott mot brottsbalken,"Brott mot brottsbalken, 3-7 kap. Brott mot person","Brott mot brottsbalken, 3-7 kap. Brott mot person, 3 kap. Brott mot liv och hälsa","Brott mot brottsbalken, 3-7 kap. Brott mot person, 3 kap. Brott mot liv och hälsa, Misshandel inkl. grov (5, 6 §)","Brott mot brottsbalken, 3-7 kap. Brott mot person, 3 kap. Brott mot liv och hälsa, Misshandel inkl. grov (5, 6 §), Indelat efter kön (ej mot barn under 15 år t.o.m. 2007)",False
12628,"Brott mot brottsbalken, 3-7 kap. Brott mot person, 3 kap. Brott mot liv och hälsa, Misshandel inkl. grov (5, 6 §), Indelat efter kön (ej mot barn under 15 år t.o.m. 2007), Mot pojkar och män (ej mot barn under 15 år t.o.m. 2007), Inomhus",6,12141.0,"Brott mot brottsbalken, 3-7 kap. Brott mot person, 3 kap. Brott mot liv och hälsa, Misshandel inkl. grov (5, 6 §), Indelat efter kön (ej mot barn under 15 år t.o.m. 2007)",Brott mot brottsbalken,"Brott mot brottsbalken, 3-7 kap. Brott mot person","Brott mot brottsbalken, 3-7 kap. Brott mot person, 3 kap. Brott mot liv och hälsa","Brott mot brottsbalken, 3-7 kap. Brott mot person, 3 kap. Brott mot liv och hälsa, Misshandel inkl. grov (5, 6 §)","Brott mot brottsbalken, 3-7 kap. Brott mot person, 3 kap. Brott mot liv och hälsa, Misshandel inkl. grov (5, 6 §), Indelat efter kön (ej mot barn under 15 år t.o.m. 2007)",False
12636,"Brott mot brottsbalken, 3-7 kap. Brott mot person, 3 kap. Brott mot liv och hälsa, Misshandel inkl. grov (5, 6 §), Indelat efter kön (ej mot barn under 15 år t.o.m. 2007), Mot pojkar och män (ej mot barn under 15 år t.o.m. 2007), Inomhus, Bekant med offret",6,12141.0,"Brott mot brottsbalken, 3-7 kap. Brott mot person, 3 kap. Brott mot liv och hälsa, Misshandel inkl. grov (5, 6 §), Indelat efter kön (ej mot barn under 15 år t.o.m. 2007)",Brott mot brottsbalken,"Brott mot brottsbalken, 3-7 kap. Brott mot person","Brott mot brottsbalken, 3-7 kap. Brott mot person, 3 kap. Brott mot liv och hälsa","Brott mot brottsbalken, 3-7 kap. Brott mot person, 3 kap. Brott mot liv och hälsa, Misshandel inkl. grov (5, 6 §)","Brott mot brottsbalken, 3-7 kap. Brott mot person, 3 kap. Brott mot liv och hälsa, Misshandel inkl. grov (5, 6 §), Indelat efter kön (ej mot barn under 15 år t.o.m. 2007)",False
12677,"Brott mot brottsbalken, 3-7 kap. Brott mot person, 3 kap. Brott mot liv och hälsa, Misshandel inkl. grov (5, 6 §), Indelat efter kön (ej mot barn under 15 år t.o.m. 2007), Mot pojkar och män (ej mot barn under 15 år t.o.m. 2007), Inomhus, Bekant med offret, Mot man 15 år och äldre ",6,12141.0,"Brott mot brottsbalken, 3-7 kap. Brott mot person, 3 kap. Brott mot liv och hälsa, Misshandel inkl. grov (5, 6 §), Indelat efter kön (ej mot barn under 15 år t.o.m. 2007)",Brott mot brottsbalken,"Brott mot brottsbalken, 3-7 kap. Brott mot person","Brott mot brottsbalken, 3-7 kap. Brott mot person, 3 kap. Brott mot liv och hälsa","Brott mot brottsbalken, 3-7 kap. Brott mot person, 3 kap. Brott mot liv och hälsa, Misshandel inkl. grov (5, 6 §)","Brott mot brottsbalken, 3-7 kap. Brott mot person, 3 kap. Brott mot liv och hälsa, Misshandel inkl. grov (5, 6 §), Indelat efter kön (ej mot barn under 15 år t.o.m. 2007)",False
12667,"Brott mot brottsbalken, 3-7 kap. Brott mot person, 3 kap. Brott mot liv och hälsa, Misshandel inkl. grov (5, 6 §), Indelat efter kön (ej mot barn under 15 år t.o.m. 2007), Mot pojkar och män (ej mot barn under 15 år t.o.m. 2007), Inomhus, Bekant med offret, Mot man 18 år och äldre (15 år och äldre t.o.m. 2006)",6,12141.0,"Brott mot brottsbalken, 3-7 kap. Brott mot person, 3 kap. Brott mot liv och hälsa, Misshandel inkl. grov (5, 6 §), Indelat efter kön (ej mot barn under 15 år t.o.m. 2007)",Brott mot brottsbalken,"Brott mot brottsbalken, 3-7 kap. Brott mot person","Brott mot brottsbalken, 3-7 kap. Brott mot person, 3 kap. Brott mot liv och hälsa","Brott mot brottsbalken, 3-7 kap. Brott mot person, 3 kap. Brott mot liv och hälsa, Misshandel inkl. grov (5, 6 §)","Brott mot brottsbalken, 3-7 kap. Brott mot person, 3 kap. Brott mot liv och hälsa, Misshandel inkl. grov (5, 6 §), Indelat efter kön (ej mot barn under 15 år t.o.m. 2007)",False
12681,"Brott mot brottsbalken, 3-7 kap. Brott mot person, 3 kap. Brott mot liv och hälsa, Misshandel inkl. grov (5, 6 §), Indelat efter kön (ej mot barn under 15 år t.o.m. 2007), Mot pojkar och män (ej mot barn under 15 år t.o.m. 2007), Inomhus, Bekant med offret, Mot man 18 år och äldre (15 år och äldre t.o.m. 2006), Annan slags relation (uppgift saknas)",6,12141.0,"Brott mot brottsbalken, 3-7 kap. Brott mot person, 3 kap. Brott mot liv och hälsa, Misshandel inkl. grov (5, 6 §), Indelat efter kön (ej mot barn under 15 år t.o.m. 2007)",Brott mot brottsbalken,"Brott mot brottsbalken, 3-7 kap. Brott mot person","Brott mot brottsbalken, 3-7 kap. Brott mot person, 3 kap. Brott mot liv och hälsa","Brott mot brottsbalken, 3-7 kap. Brott mot person, 3 kap. Brott mot liv och hälsa, Misshandel inkl. grov (5, 6 §)","Brott mot brottsbalken, 3-7 kap. Brott mot person, 3 kap. Brott mot liv och hälsa, Misshandel inkl. grov (5, 6 §), Indelat efter kön (ej mot barn under 15 år t.o.m. 2007)",False
12680,"Brott mot brottsbalken, 3-7 kap. Brott mot person, 3 kap. Brott mot liv och hälsa, Misshandel inkl. grov (5, 6 §), Indelat efter kön (ej mot barn under 15 år t.o.m. 2007), Mot pojkar och män (ej mot barn under 15 år t.o.m. 2007), Inomhus, Bekant med offret, Mot man 18 år och äldre (15 år och äldre t.o.m. 2006), Närstående genom parrelation (uppgift saknas)",6,12141.0,"Brott mot brottsbalken, 3-7 kap. Brott mot person, 3 kap. Brott mot liv och hälsa, Misshandel inkl. grov (5, 6 §), Indelat efter kön (ej mot barn under 15 år t.o.m. 2007)",Brott mot brottsbalken,"Brott mot brottsbalken, 3-7 kap. Brott mot person","Brott mot brottsbalken, 3-7 kap. Brott mot person, 3 kap. Brott mot liv och hälsa","Brott mot brottsbalken, 3-7 kap. Brott mot person, 3 kap. Brott mot liv och hälsa, Misshandel inkl. grov (5, 6 §)","Brott mot brottsbalken, 3-7 kap. Brott mot person, 3 kap. Brott mot liv och hälsa, Misshandel inkl. grov (5, 6 §), Indelat efter kön (ej mot barn under 15 år t.o.m. 2007)",False
13936,"Brott mot brottsbalken, 3-7 kap. Brott mot person, 3 kap. Brott mot liv och hälsa, Misshandel inkl. grov (5, 6 §), Indelat efter kön (ej mot barn under 15 år t.o.m. 2007), Mot pojkar och män (ej mot barn under 15 år t.o.m. 2007), Inomhus, Bekant med offret, Mot man 18 år och äldre (15 år och äldre t.o.m. 2006), Närstående genom släktskap/familj (uppgift saknas)",6,12141.0,"Brott mot brottsbalken, 3-7 kap. Brott mot person, 3 kap. Brott mot liv och hälsa, Misshandel inkl. grov (5, 6 §), Indelat efter kön (ej mot barn under 15 år t.o.m. 2007)",Brott mot brottsbalken,"Brott mot brottsbalken, 3-7 kap. Brott mot person","Brott mot brottsbalken, 3-7 kap. Brott mot person, 3 kap. Brott mot liv och hälsa","Brott mot brottsbalken, 3-7 kap. Brott mot person, 3 kap. Brott mot liv och hälsa, Misshandel inkl. grov (5, 6 §)","Brott mot brottsbalken, 3-7 kap. Brott mot person, 3 kap. Brott mot liv och hälsa, Misshandel inkl. grov (5, 6 §), Indelat efter kön (ej mot barn under 15 år t.o.m. 2007)",False
12644,"Brott mot brottsbalken, 3-7 kap. Brott mot person, 3 kap. Brott mot liv och hälsa, Misshandel inkl. grov (5, 6 §), Indelat efter kön (ej mot barn under 15 år t.o.m. 2007), Mot pojkar och män (ej mot barn under 15 år t.o.m. 2007), Inomhus, Bekant med offret, Mot pojke 0-6 år",6,12141.0,"Brott mot brottsbalken, 3-7 kap. Brott mot person, 3 kap. Brott mot liv och hälsa, Misshandel inkl. grov (5, 6 §), Indelat efter kön (ej mot barn under 15 år t.o.m. 2007)",Brott mot brottsbalken,"Brott mot brottsbalken, 3-7 kap. Brott mot person","Brott mot brottsbalken, 3-7 kap. Brott mot person, 3 kap. Brott mot liv och hälsa","Brott mot brottsbalken, 3-7 kap. Brott mot person, 3 kap. Brott mot liv och hälsa, Misshandel inkl. grov (5, 6 §)","Brott mot brottsbalken, 3-7 kap. Brott mot person, 3 kap. Brott mot liv och hälsa, Misshandel inkl. grov (5, 6 §), Indelat efter kön (ej mot barn under 15 år t.o.m. 2007)",False
12669,"Brott mot brottsbalken, 3-7 kap. Brott mot person, 3 kap. Brott mot liv och hälsa, Misshandel inkl. grov (5, 6 §), Indelat efter kön (ej mot barn under 15 år t.o.m. 2007), Mot pojkar och män (ej mot barn under 15 år t.o.m. 2007), Inomhus, Bekant med offret, Mot pojke 15-17 år ",6,12141.0,"Brott mot brottsbalken, 3-7 kap. Brott mot person, 3 kap. Brott mot liv och hälsa, Misshandel inkl. grov (5, 6 §), Indelat efter kön (ej mot barn under 15 år t.o.m. 2007)",Brott mot brottsbalken,"Brott mot brottsbalken, 3-7 kap. Brott mot person","Brott mot brottsbalken, 3-7 kap. Brott mot person, 3 kap. Brott mot liv och hälsa","Brott mot brottsbalken, 3-7 kap. Brott mot person, 3 kap. Brott mot liv och hälsa, Misshandel inkl. grov (5, 6 §)","Brott mot brottsbalken, 3-7 kap. Brott mot person, 3 kap. Brott mot liv och hälsa, Misshandel inkl. grov (5, 6 §), Indelat efter kön (ej mot barn under 15 år t.o.m. 2007)",False
12653,"Brott mot brottsbalken, 3-7 kap. Brott mot person, 3 kap. Brott mot liv och hälsa, Misshandel inkl. grov (5, 6 §), Indelat efter kön (ej mot barn under 15 år t.o.m. 2007), Mot pojkar och män (ej mot barn under 15 år t.o.m. 2007), Inomhus, Bekant med offret, Mot pojke 7-14 år",6,12141.0,"Brott mot brottsbalken, 3-7 kap. Brott mot person, 3 kap. Brott mot liv och hälsa, Misshandel inkl. grov (5, 6 §), Indelat efter kön (ej mot barn under 15 år t.o.m. 2007)",Brott mot brottsbalken,"Brott mot brottsbalken, 3-7 kap. Brott mot person","Brott mot brottsbalken, 3-7 kap. Brott mot person, 3 kap. Brott mot liv och hälsa","Brott mot brottsbalken, 3-7 kap. Brott mot person, 3 kap. Brott mot liv och hälsa, Misshandel inkl. grov (5, 6 §)","Brott mot brottsbalken, 3-7 kap. Brott mot person, 3 kap. Brott mot liv och hälsa, Misshandel inkl. grov (5, 6 §), Indelat efter kön (ej mot barn under 15 år t.o.m. 2007)",False
12632,"Brott mot brottsbalken, 3-7 kap. Brott mot person, 3 kap. Brott mot liv och hälsa, Misshandel inkl. grov (5, 6 §), Indelat efter kön (ej mot barn under 15 år t.o.m. 2007), Mot pojkar och män (ej mot barn under 15 år t.o.m. 2007), Inomhus, Obekant med offret",6,12141.0,"Brott mot brottsbalken, 3-7 kap. Brott mot person, 3 kap. Brott mot liv och hälsa, Misshandel inkl. grov (5, 6 §), Indelat efter kön (ej mot barn under 15 år t.o.m. 2007)",Brott mot brottsbalken,"Brott mot brottsbalken, 3-7 kap. Brott mot person","Brott mot brottsbalken, 3-7 kap. Brott mot person, 3 kap. Brott mot liv och hälsa","Brott mot brottsbalken, 3-7 kap. Brott mot person, 3 kap. Brott mot liv och hälsa, Misshandel inkl. grov (5, 6 §)","Brott mot brottsbalken, 3-7 kap. Brott mot person, 3 kap. Brott mot liv och hälsa, Misshandel inkl. grov (5, 6 §), Indelat efter kön (ej mot barn under 15 år t.o.m. 2007)",False
12676,"Brott mot brottsbalken, 3-7 kap. Brott mot person, 3 kap. Brott mot liv och hälsa, Misshandel inkl. grov (5, 6 §), Indelat efter kön (ej mot barn under 15 år t.o.m. 2007), Mot pojkar och män (ej mot barn under 15 år t.o.m. 2007), Inomhus, Obekant med offret, Mot man 15 år och äldre",6,12141.0,"Brott mot brottsbalken, 3-7 kap. Brott mot person, 3 kap. Brott mot liv och hälsa, Misshandel inkl. grov (5, 6 §), Indelat efter kön (ej mot barn under 15 år t.o.m. 2007)",Brott mot brottsbalken,"Brott mot brottsbalken, 3-7 kap. Brott mot person","Brott mot brottsbalken, 3-7 kap. Brott mot person, 3 kap. Brott mot liv och hälsa","Brott mot brottsbalken, 3-7 kap. Brott mot person, 3 kap. Brott mot liv och hälsa, Misshandel inkl. grov (5, 6 §)","Brott mot brottsbalken, 3-7 kap. Brott mot person, 3 kap. Brott mot liv och hälsa, Misshandel inkl. grov (5, 6 §), Indelat efter kön (ej mot barn under 15 år t.o.m. 2007)",False
12666,"Brott mot brottsbalken, 3-7 kap. Brott mot person, 3 kap. Brott mot liv och hälsa, Misshandel inkl. grov (5, 6 §), Indelat efter kön (ej mot barn under 15 år t.o.m. 2007), Mot pojkar och män (ej mot barn under 15 år t.o.m. 2007), Inomhus, Obekant med offret, Mot man 18 år och äldre (15 år och äldre t.o.m. 2006)",6,12141.0,"Brott mot brottsbalken, 3-7 kap. Brott mot person, 3 kap. Brott mot liv och hälsa, Misshandel inkl. grov (5, 6 §), Indelat efter kön (ej mot barn under 15 år t.o.m. 2007)",Brott mot brottsbalken,"Brott mot brottsbalken, 3-7 kap. Brott mot person","Brott mot brottsbalken, 3-7 kap. Brott mot person, 3 kap. Brott mot liv och hälsa","Brott mot brottsbalken, 3-7 kap. Brott mot person, 3 kap. Brott mot liv och hälsa, Misshandel inkl. grov (5, 6 §)","Brott mot brottsbalken, 3-7 kap. Brott mot person, 3 kap. Brott mot liv och hälsa, Misshandel inkl. grov (5, 6 §), Indelat efter kön (ej mot barn under 15 år t.o.m. 2007)",False
12643,"Brott mot brottsbalken, 3-7 kap. Brott mot person, 3 kap. Brott mot liv och hälsa, Misshandel inkl. grov (5, 6 §), Indelat efter kön (ej mot barn under 15 år t.o.m. 2007), Mot pojkar och män (ej mot barn under 15 år t.o.m. 2007), Inomhus, Obekant med offret, Mot pojke 0-6 år",6,12141.0,"Brott mot brottsbalken, 3-7 kap. Brott mot person, 3 kap. Brott mot liv och hälsa, Misshandel inkl. grov (5, 6 §), Indelat efter kön (ej mot barn under 15 år t.o.m. 2007)",Brott mot brottsbalken,"Brott mot brottsbalken, 3-7 kap. Brott mot person","Brott mot brottsbalken, 3-7 kap. Brott mot person, 3 kap. Brott mot liv och hälsa","Brott mot brottsbalken, 3-7 kap. Brott mot person, 3 kap. Brott mot liv och hälsa, Misshandel inkl. grov (5, 6 §)","Brott mot brottsbalken, 3-7 kap. Brott mot person, 3 kap. Brott mot liv och hälsa, Misshandel inkl. grov (5, 6 §), Indelat efter kön (ej mot barn under 15 år t.o.m. 2007)",False
12668,"Brott mot brottsbalken, 3-7 kap. Brott mot person, 3 kap. Brott mot liv och hälsa, Misshandel inkl. grov (5, 6 §), Indelat efter kön (ej mot barn under 15 år t.o.m. 2007), Mot pojkar och män (ej mot barn under 15 år t.o.m. 2007), Inomhus, Obekant med offret, Mot pojke 15-17 år ",6,12141.0,"Brott mot brottsbalken, 3-7 kap. Brott mot person, 3 kap. Brott mot liv och hälsa, Misshandel inkl. grov (5, 6 §), Indelat efter kön (ej mot barn under 15 år t.o.m. 2007)",Brott mot brottsbalken,"Brott mot brottsbalken, 3-7 kap. Brott mot person","Brott mot brottsbalken, 3-7 kap. Brott mot person, 3 kap. Brott mot liv och hälsa","Brott mot brottsbalken, 3-7 kap. Brott mot person, 3 kap. Brott mot liv och hälsa, Misshandel inkl. grov (5, 6 §)","Brott mot brottsbalken, 3-7 kap. Brott mot person, 3 kap. Brott mot liv och hälsa, Misshandel inkl. grov (5, 6 §), Indelat efter kön (ej mot barn under 15 år t.o.m. 2007)",False
12652,"Brott mot brottsbalken, 3-7 kap. Brott mot person, 3 kap. Brott mot liv och hälsa, Misshandel inkl. grov (5, 6 §), Indelat efter kön (ej mot barn under 15 år t.o.m. 2007), Mot pojkar och män (ej mot barn under 15 år t.o.m. 2007), Inomhus, Obekant med offret, Mot pojke 7-14 år",6,12141.0,"Brott mot brottsbalken, 3-7 kap. Brott mot person, 3 kap. Brott mot liv och hälsa, Misshandel inkl. grov (5, 6 §), Indelat efter kön (ej mot barn under 15 år t.o.m. 2007)",Brott mot brottsbalken,"Brott mot brottsbalken, 3-7 kap. Brott mot person","Brott mot brottsbalken, 3-7 kap. Brott mot person, 3 kap. Brott mot liv och hälsa","Brott mot brottsbalken, 3-7 kap. Brott mot person, 3 kap. Brott mot liv och hälsa, Misshandel inkl. grov (5, 6 §)","Brott mot brottsbalken, 3-7 kap. Brott mot person, 3 kap. Brott mot liv och hälsa, Misshandel inkl. grov (5, 6 §), Indelat efter kön (ej mot barn under 15 år t.o.m. 2007)",False
12627,"Brott mot brottsbalken, 3-7 kap. Brott mot person, 3 kap. Brott mot liv och hälsa, Misshandel inkl. grov (5, 6 §), Indelat efter kön (ej mot barn under 15 år t.o.m. 2007), Mot pojkar och män (ej mot barn under 15 år t.o.m. 2007), Utomhus",6,12141.0,"Brott mot brottsbalken, 3-7 kap. Brott mot person, 3 kap. Brott mot liv och hälsa, Misshandel inkl. grov (5, 6 §), Indelat efter kön (ej mot barn under 15 år t.o.m. 2007)",Brott mot brottsbalken,"Brott mot brottsbalken, 3-7 kap. Brott mot person","Brott mot brottsbalken, 3-7 kap. Brott mot person, 3 kap. Brott mot liv och hälsa","Brott mot brottsbalken, 3-7 kap. Brott mot person, 3 kap. Brott mot liv och hälsa, Misshandel inkl. grov (5, 6 §)","Brott mot brottsbalken, 3-7 kap. Brott mot person, 3 kap. Brott mot liv och hälsa, Misshandel inkl. grov (5, 6 §), Indelat efter kön (ej mot barn under 15 år t.o.m. 2007)",False
12635,"Brott mot brottsbalken, 3-7 kap. Brott mot person, 3 kap. Brott mot liv och hälsa, Misshandel inkl. grov (5, 6 §), Indelat efter kön (ej mot barn under 15 år t.o.m. 2007), Mot pojkar och män (ej mot barn under 15 år t.o.m. 2007), Utomhus, Bekant med offret",6,12141.0,"Brott mot brottsbalken, 3-7 kap. Brott mot person, 3 kap. Brott mot liv och hälsa, Misshandel inkl. grov (5, 6 §), Indelat efter kön (ej mot barn under 15 år t.o.m. 2007)",Brott mot brottsbalken,"Brott mot brottsbalken, 3-7 kap. Brott mot person","Brott mot brottsbalken, 3-7 kap. Brott mot person, 3 kap. Brott mot liv och hälsa","Brott mot brottsbalken, 3-7 kap. Brott mot person, 3 kap. Brott mot liv och hälsa, Misshandel inkl. grov (5, 6 §)","Brott mot brottsbalken, 3-7 kap. Brott mot person, 3 kap. Brott mot liv och hälsa, Misshandel inkl. grov (5, 6 §), Indelat efter kön (ej mot barn under 15 år t.o.m. 2007)",False
12675,"Brott mot brottsbalken, 3-7 kap. Brott mot person, 3 kap. Brott mot liv och hälsa, Misshandel inkl. grov (5, 6 §), Indelat efter kön (ej mot barn under 15 år t.o.m. 2007), Mot pojkar och män (ej mot barn under 15 år t.o.m. 2007), Utomhus, Bekant med offret, Mot man 15 år och äldre",6,12141.0,"Brott mot brottsbalken, 3-7 kap. Brott mot person, 3 kap. Brott mot liv och hälsa, Misshandel inkl. grov (5, 6 §), Indelat efter kön (ej mot barn under 15 år t.o.m. 2007)",Brott mot brottsbalken,"Brott mot brottsbalken, 3-7 kap. Brott mot person","Brott mot brottsbalken, 3-7 kap. Brott mot person, 3 kap. Brott mot liv och hälsa","Brott mot brottsbalken, 3-7 kap. Brott mot person, 3 kap. Brott mot liv och hälsa, Misshandel inkl. grov (5, 6 §)","Brott mot brottsbalken, 3-7 kap. Brott mot person, 3 kap. Brott mot liv och hälsa, Misshandel inkl. grov (5, 6 §), Indelat efter kön (ej mot barn under 15 år t.o.m. 2007)",False
12665,"Brott mot brottsbalken, 3-7 kap. Brott mot person, 3 kap. Brott mot liv och hälsa, Misshandel inkl. grov (5, 6 §), Indelat efter kön (ej mot barn under 15 år t.o.m. 2007), Mot pojkar och män (ej mot barn under 15 år t.o.m. 2007), Utomhus, Bekant med offret, Mot man 18 år och äldre (15 år och äldre t.o.m. 2006)",6,12141.0,"Brott mot brottsbalken, 3-7 kap. Brott mot person, 3 kap. Brott mot liv och hälsa, Misshandel inkl. grov (5, 6 §), Indelat efter kön (ej mot barn under 15 år t.o.m. 2007)",Brott mot brottsbalken,"Brott mot brottsbalken, 3-7 kap. Brott mot person","Brott mot brottsbalken, 3-7 kap. Brott mot person, 3 kap. Brott mot liv och hälsa","Brott mot brottsbalken, 3-7 kap. Brott mot person, 3 kap. Brott mot liv och hälsa, Misshandel inkl. grov (5, 6 §)","Brott mot brottsbalken, 3-7 kap. Brott mot person, 3 kap. Brott mot liv och hälsa, Misshandel inkl. grov (5, 6 §), Indelat efter kön (ej mot barn under 15 år t.o.m. 2007)",False
5044,"Brott mot brottsbalken, 3-7 kap. Brott mot person, 3 kap. Brott mot liv och hälsa, Misshandel inkl. grov (5, 6 §), Indelat efter kön (ej mot barn under 15 år t.o.m. 2007), Mot pojkar och män (ej mot barn under 15 år t.o.m. 2007), Utomhus, Bekant med offret, Mot man 18 år och äldre (15 år och äldre t.o.m. 2006), Annan slags relation (uppgift saknas)",6,12141.0,"Brott mot brottsbalken, 3-7 kap. Brott mot person, 3 kap. Brott mot liv och hälsa, Misshandel inkl. grov (5, 6 §), Indelat efter kön (ej mot barn under 15 år t.o.m. 2007)",Brott mot brottsbalken,"Brott mot brottsbalken, 3-7 kap. Brott mot person","Brott mot brottsbalken, 3-7 kap. Brott mot person, 3 kap. Brott mot liv och hälsa","Brott mot brottsbalken, 3-7 kap. Brott mot person, 3 kap. Brott mot liv och hälsa, Misshandel inkl. grov (5, 6 §)","Brott mot brottsbalken, 3-7 kap. Brott mot person, 3 kap. Brott mot liv och hälsa, Misshandel inkl. grov (5, 6 §), Indelat efter kön (ej mot barn under 15 år t.o.m. 2007)",False
5045,"Brott mot brottsbalken, 3-7 kap. Brott mot person, 3 kap. Brott mot liv och hälsa, Misshandel inkl. grov (5, 6 §), Indelat efter kön (ej mot barn under 15 år t.o.m. 2007), Mot pojkar och män (ej mot barn under 15 år t.o.m. 2007), Utomhus, Bekant med offret, Mot man 18 år och äldre (15 år och äldre t.o.m. 2006), Närstående genom parrelation (uppgift saknas)",6,12141.0,"Brott mot brottsbalken, 3-7 kap. Brott mot person, 3 kap. Brott mot liv och hälsa, Misshandel inkl. grov (5, 6 §), Indelat efter kön (ej mot barn under 15 år t.o.m. 2007)",Brott mot brottsbalken,"Brott mot brottsbalken, 3-7 kap. Brott mot person","Brott mot brottsbalken, 3-7 kap. Brott mot person, 3 kap. Brott mot liv och hälsa","Brott mot brottsbalken, 3-7 kap. Brott mot person, 3 kap. Brott mot liv och hälsa, Misshandel inkl. grov (5, 6 §)","Brott mot brottsbalken, 3-7 kap. Brott mot person, 3 kap. Brott mot liv och hälsa, Misshandel inkl. grov (5, 6 §), Indelat efter kön (ej mot barn under 15 år t.o.m. 2007)",False
13934,"Brott mot brottsbalken, 3-7 kap. Brott mot person, 3 kap. Brott mot liv och hälsa, Misshandel inkl. grov (5, 6 §), Indelat efter kön (ej mot barn under 15 år t.o.m. 2007), Mot pojkar och män (ej mot barn under 15 år t.o.m. 2007), Utomhus, Bekant med offret, Mot man 18 år och äldre (15 år och äldre t.o.m. 2006), Närstående genom släktskap/familj (uppgift saknas)",6,12141.0,"Brott mot brottsbalken, 3-7 kap. Brott mot person, 3 kap. Brott mot liv och hälsa, Misshandel inkl. grov (5, 6 §), Indelat efter kön (ej mot barn under 15 år t.o.m. 2007)",Brott mot brottsbalken,"Brott mot brottsbalken, 3-7 kap. Brott mot person","Brott mot brottsbalken, 3-7 kap. Brott mot person, 3 kap. Brott mot liv och hälsa","Brott mot brottsbalken, 3-7 kap. Brott mot person, 3 kap. Brott mot liv och hälsa, Misshandel inkl. grov (5, 6 §)","Brott mot brottsbalken, 3-7 kap. Brott mot person, 3 kap. Brott mot liv och hälsa, Misshandel inkl. grov (5, 6 §), Indelat efter kön (ej mot barn under 15 år t.o.m. 2007)",False
12642,"Brott mot brottsbalken, 3-7 kap. Brott mot person, 3 kap. Brott mot liv och hälsa, Misshandel inkl. grov (5, 6 §), Indelat efter kön (ej mot barn under 15 år t.o.m. 2007), Mot pojkar och män (ej mot barn under 15 år t.o.m. 2007), Utomhus, Bekant med offret, Mot pojke 0-6 år",6,12141.0,"Brott mot brottsbalken, 3-7 kap. Brott mot person, 3 kap. Brott mot liv och hälsa, Misshandel inkl. grov (5, 6 §), Indelat efter kön (ej mot barn under 15 år t.o.m. 2007)",Brott mot brottsbalken,"Brott mot brottsbalken, 3-7 kap. Brott mot person","Brott mot brottsbalken, 3-7 kap. Brott mot person, 3 kap. Brott mot liv och hälsa","Brott mot brottsbalken, 3-7 kap. Brott mot person, 3 kap. Brott mot liv och hälsa, Misshandel inkl. grov (5, 6 §)","Brott mot brottsbalken, 3-7 kap. Brott mot person, 3 kap. Brott mot liv och hälsa, Misshandel inkl. grov (5, 6 §), Indelat efter kön (ej mot barn under 15 år t.o.m. 2007)",False
12659,"Brott mot brottsbalken, 3-7 kap. Brott mot person, 3 kap. Brott mot liv och hälsa, Misshandel inkl. grov (5, 6 §), Indelat efter kön (ej mot barn under 15 år t.o.m. 2007), Mot pojkar och män (ej mot barn under 15 år t.o.m. 2007), Utomhus, Bekant med offret, Mot pojke 15-17 år",6,12141.0,"Brott mot brottsbalken, 3-7 kap. Brott mot person, 3 kap. Brott mot liv och hälsa, Misshandel inkl. grov (5, 6 §), Indelat efter kön (ej mot barn under 15 år t.o.m. 2007)",Brott mot brottsbalken,"Brott mot brottsbalken, 3-7 kap. Brott mot person","Brott mot brottsbalken, 3-7 kap. Brott mot person, 3 kap. Brott mot liv och hälsa","Brott mot brottsbalken, 3-7 kap. Brott mot person, 3 kap. Brott mot liv och hälsa, Misshandel inkl. grov (5, 6 §)","Brott mot brottsbalken, 3-7 kap. Brott mot person, 3 kap. Brott mot liv och hälsa, Misshandel inkl. grov (5, 6 §), Indelat efter kön (ej mot barn under 15 år t.o.m. 2007)",False
12651,"Brott mot brottsbalken, 3-7 kap. Brott mot person, 3 kap. Brott mot liv och hälsa, Misshandel inkl. grov (5, 6 §), Indelat efter kön (ej mot barn under 15 år t.o.m. 2007), Mot pojkar och män (ej mot barn under 15 år t.o.m. 2007), Utomhus, Bekant med offret, Mot pojke 7-14 år",6,12141.0,"Brott mot brottsbalken, 3-7 kap. Brott mot person, 3 kap. Brott mot liv och hälsa, Misshandel inkl. grov (5, 6 §), Indelat efter kön (ej mot barn under 15 år t.o.m. 2007)",Brott mot brottsbalken,"Brott mot brottsbalken, 3-7 kap. Brott mot person","Brott mot brottsbalken, 3-7 kap. Brott mot person, 3 kap. Brott mot liv och hälsa","Brott mot brottsbalken, 3-7 kap. Brott mot person, 3 kap. Brott mot liv och hälsa, Misshandel inkl. grov (5, 6 §)","Brott mot brottsbalken, 3-7 kap. Brott mot person, 3 kap. Brott mot liv och hälsa, Misshandel inkl. grov (5, 6 §), Indelat efter kön (ej mot barn under 15 år t.o.m. 2007)",False
12631,"Brott mot brottsbalken, 3-7 kap. Brott mot person, 3 kap. Brott mot liv och hälsa, Misshandel inkl. grov (5, 6 §), Indelat efter kön (ej mot barn under 15 år t.o.m. 2007), Mot pojkar och män (ej mot barn under 15 år t.o.m. 2007), Utomhus, Obekant med offret",6,12141.0,"Brott mot brottsbalken, 3-7 kap. Brott mot person, 3 kap. Brott mot liv och hälsa, Misshandel inkl. grov (5, 6 §), Indelat efter kön (ej mot barn under 15 år t.o.m. 2007)",Brott mot brottsbalken,"Brott mot brottsbalken, 3-7 kap. Brott mot person","Brott mot brottsbalken, 3-7 kap. Brott mot person, 3 kap. Brott mot liv och hälsa","Brott mot brottsbalken, 3-7 kap. Brott mot person, 3 kap. Brott mot liv och hälsa, Misshandel inkl. grov (5, 6 §)","Brott mot brottsbalken, 3-7 kap. Brott mot person, 3 kap. Brott mot liv och hälsa, Misshandel inkl. grov (5, 6 §), Indelat efter kön (ej mot barn under 15 år t.o.m. 2007)",False
12674,"Brott mot brottsbalken, 3-7 kap. Brott mot person, 3 kap. Brott mot liv och hälsa, Misshandel inkl. grov (5, 6 §), Indelat efter kön (ej mot barn under 15 år t.o.m. 2007), Mot pojkar och män (ej mot barn under 15 år t.o.m. 2007), Utomhus, Obekant med offret, Mot man 15 år och äldre",6,12141.0,"Brott mot brottsbalken, 3-7 kap. Brott mot person, 3 kap. Brott mot liv och hälsa, Misshandel inkl. grov (5, 6 §), Indelat efter kön (ej mot barn under 15 år t.o.m. 2007)",Brott mot brottsbalken,"Brott mot brottsbalken, 3-7 kap. Brott mot person","Brott mot brottsbalken, 3-7 kap. Brott mot person, 3 kap. Brott mot liv och hälsa","Brott mot brottsbalken, 3-7 kap. Brott mot person, 3 kap. Brott mot liv och hälsa, Misshandel inkl. grov (5, 6 §)","Brott mot brottsbalken, 3-7 kap. Brott mot person, 3 kap. Brott mot liv och hälsa, Misshandel inkl. grov (5, 6 §), Indelat efter kön (ej mot barn under 15 år t.o.m. 2007)",False
12664,"Brott mot brottsbalken, 3-7 kap. Brott mot person, 3 kap. Brott mot liv och hälsa, Misshandel inkl. grov (5, 6 §), Indelat efter kön (ej mot barn under 15 år t.o.m. 2007), Mot pojkar och män (ej mot barn under 15 år t.o.m. 2007), Utomhus, Obekant med offret, Mot man 18 år och äldre (15 år och äldre t.o.m. 2006)",6,12141.0,"Brott mot brottsbalken, 3-7 kap. Brott mot person, 3 kap. Brott mot liv och hälsa, Misshandel inkl. grov (5, 6 §), Indelat efter kön (ej mot barn under 15 år t.o.m. 2007)",Brott mot brottsbalken,"Brott mot brottsbalken, 3-7 kap. Brott mot person","Brott mot brottsbalken, 3-7 kap. Brott mot person, 3 kap. Brott mot liv och hälsa","Brott mot brottsbalken, 3-7 kap. Brott mot person, 3 kap. Brott mot liv och hälsa, Misshandel inkl. grov (5, 6 §)","Brott mot brottsbalken, 3-7 kap. Brott mot person, 3 kap. Brott mot liv och hälsa, Misshandel inkl. grov (5, 6 §), Indelat efter kön (ej mot barn under 15 år t.o.m. 2007)",False
12641,"Brott mot brottsbalken, 3-7 kap. Brott mot person, 3 kap. Brott mot liv och hälsa, Misshandel inkl. grov (5, 6 §), Indelat efter kön (ej mot barn under 15 år t.o.m. 2007), Mot pojkar och män (ej mot barn under 15 år t.o.m. 2007), Utomhus, Obekant med offret, Mot pojke 0-6 år",6,12141.0,"Brott mot brottsbalken, 3-7 kap. Brott mot person, 3 kap. Brott mot liv och hälsa, Misshandel inkl. grov (5, 6 §), Indelat efter kön (ej mot barn under 15 år t.o.m. 2007)",Brott mot brottsbalken,"Brott mot brottsbalken, 3-7 kap. Brott mot person","Brott mot brottsbalken, 3-7 kap. Brott mot person, 3 kap. Brott mot liv och hälsa","Brott mot brottsbalken, 3-7 kap. Brott mot person, 3 kap. Brott mot liv och hälsa, Misshandel inkl. grov (5, 6 §)","Brott mot brottsbalken, 3-7 kap. Brott mot person, 3 kap. Brott mot liv och hälsa, Misshandel inkl. grov (5, 6 §), Indelat efter kön (ej mot barn under 15 år t.o.m. 2007)",False
12658,"Brott mot brottsbalken, 3-7 kap. Brott mot person, 3 kap. Brott mot liv och hälsa, Misshandel inkl. grov (5, 6 §), Indelat efter kön (ej mot barn under 15 år t.o.m. 2007), Mot pojkar och män (ej mot barn under 15 år t.o.m. 2007), Utomhus, Obekant med offret, Mot pojke 15-17 år",6,12141.0,"Brott mot brottsbalken, 3-7 kap. Brott mot person, 3 kap. Brott mot liv och hälsa, Misshandel inkl. grov (5, 6 §), Indelat efter kön (ej mot barn under 15 år t.o.m. 2007)",Brott mot brottsbalken,"Brott mot brottsbalken, 3-7 kap. Brott mot person","Brott mot brottsbalken, 3-7 kap. Brott mot person, 3 kap. Brott mot liv och hälsa","Brott mot brottsbalken, 3-7 kap. Brott mot person, 3 kap. Brott mot liv och hälsa, Misshandel inkl. grov (5, 6 §)","Brott mot brottsbalken, 3-7 kap. Brott mot person, 3 kap. Brott mot liv och hälsa, Misshandel inkl. grov (5, 6 §), Indelat efter kön (ej mot barn under 15 år t.o.m. 2007)",False
12650,"Brott mot brottsbalken, 3-7 kap. Brott mot person, 3 kap. Brott mot liv och hälsa, Misshandel inkl. grov (5, 6 §), Indelat efter kön (ej mot barn under 15 år t.o.m. 2007), Mot pojkar och män (ej mot barn under 15 år t.o.m. 2007), Utomhus, Obekant med offret, Mot pojke 7-14 år",6,12141.0,"Brott mot brottsbalken, 3-7 kap. Brott mot person, 3 kap. Brott mot liv och hälsa, Misshandel inkl. grov (5, 6 §), Indelat efter kön (ej mot barn under 15 år t.o.m. 2007)",Brott mot brottsbalken,"Brott mot brottsbalken, 3-7 kap. Brott mot person","Brott mot brottsbalken, 3-7 kap. Brott mot person, 3 kap. Brott mot liv och hälsa","Brott mot brottsbalken, 3-7 kap. Brott mot person, 3 kap. Brott mot liv och hälsa, Misshandel inkl. grov (5, 6 §)","Brott mot brottsbalken, 3-7 kap. Brott mot person, 3 kap. Brott mot liv och hälsa, Misshandel inkl. grov (5, 6 §), Indelat efter kön (ej mot barn under 15 år t.o.m. 2007)",False
12144,"Brott mot brottsbalken, 3-7 kap. Brott mot person, 3 kap. Brott mot liv och hälsa, Misshandel inkl. grov (5, 6 §), Indelat efter ålder, Mot barn 0-6 år",6,12140.0,"Brott mot brottsbalken, 3-7 kap. Brott mot person, 3 kap. Brott mot liv och hälsa, Misshandel inkl. grov (5, 6 §), Indelat efter ålder",Brott mot brottsbalken,"Brott mot brottsbalken, 3-7 kap. Brott mot person","Brott mot brottsbalken, 3-7 kap. Brott mot person, 3 kap. Brott mot liv och hälsa","Brott mot brottsbalken, 3-7 kap. Brott mot person, 3 kap. Brott mot liv och hälsa, Misshandel inkl. grov (5, 6 §)","Brott mot brottsbalken, 3-7 kap. Brott mot person, 3 kap. Brott mot liv och hälsa, Misshandel inkl. grov (5, 6 §), Indelat efter ålder",False
12560,"Brott mot brottsbalken, 3-7 kap. Brott mot person, 3 kap. Brott mot liv och hälsa, Misshandel inkl. grov (5, 6 §), Indelat efter ålder, Mot barn 0-6 år, Inomhus",6,12140.0,"Brott mot brottsbalken, 3-7 kap. Brott mot person, 3 kap. Brott mot liv och hälsa, Misshandel inkl. grov (5, 6 §), Indelat efter ålder",Brott mot brottsbalken,"Brott mot brottsbalken, 3-7 kap. Brott mot person","Brott mot brottsbalken, 3-7 kap. Brott mot person, 3 kap. Brott mot liv och hälsa","Brott mot brottsbalken, 3-7 kap. Brott mot person, 3 kap. Brott mot liv och hälsa, Misshandel inkl. grov (5, 6 §)","Brott mot brottsbalken, 3-7 kap. Brott mot person, 3 kap. Brott mot liv och hälsa, Misshandel inkl. grov (5, 6 §), Indelat efter ålder",False
12582,"Brott mot brottsbalken, 3-7 kap. Brott mot person, 3 kap. Brott mot liv och hälsa, Misshandel inkl. grov (5, 6 §), Indelat efter ålder, Mot barn 0-6 år, Inomhus, Bekant med offret",6,12140.0,"Brott mot brottsbalken, 3-7 kap. Brott mot person, 3 kap. Brott mot liv och hälsa, Misshandel inkl. grov (5, 6 §), Indelat efter ålder",Brott mot brottsbalken,"Brott mot brottsbalken, 3-7 kap. Brott mot person","Brott mot brottsbalken, 3-7 kap. Brott mot person, 3 kap. Brott mot liv och hälsa","Brott mot brottsbalken, 3-7 kap. Brott mot person, 3 kap. Brott mot liv och hälsa, Misshandel inkl. grov (5, 6 §)","Brott mot brottsbalken, 3-7 kap. Brott mot person, 3 kap. Brott mot liv och hälsa, Misshandel inkl. grov (5, 6 §), Indelat efter ålder",False
12599,"Brott mot brottsbalken, 3-7 kap. Brott mot person, 3 kap. Brott mot liv och hälsa, Misshandel inkl. grov (5, 6 §), Indelat efter ålder, Mot barn 0-6 år, Inomhus, Bekant med offret, Mot flicka 0-6 år",6,12140.0,"Brott mot brottsbalken, 3-7 kap. Brott mot person, 3 kap. Brott mot liv och hälsa, Misshandel inkl. grov (5, 6 §), Indelat efter ålder",Brott mot brottsbalken,"Brott mot brottsbalken, 3-7 kap. Brott mot person","Brott mot brottsbalken, 3-7 kap. Brott mot person, 3 kap. Brott mot liv och hälsa","Brott mot brottsbalken, 3-7 kap. Brott mot person, 3 kap. Brott mot liv och hälsa, Misshandel inkl. grov (5, 6 §)","Brott mot brottsbalken, 3-7 kap. Brott mot person, 3 kap. Brott mot liv och hälsa, Misshandel inkl. grov (5, 6 §), Indelat efter ålder",False
12603,"Brott mot brottsbalken, 3-7 kap. Brott mot person, 3 kap. Brott mot liv och hälsa, Misshandel inkl. grov (5, 6 §), Indelat efter ålder, Mot barn 0-6 år, Inomhus, Bekant med offret, Mot pojke 0-6 år",6,12140.0,"Brott mot brottsbalken, 3-7 kap. Brott mot person, 3 kap. Brott mot liv och hälsa, Misshandel inkl. grov (5, 6 §), Indelat efter ålder",Brott mot brottsbalken,"Brott mot brottsbalken, 3-7 kap. Brott mot person","Brott mot brottsbalken, 3-7 kap. Brott mot person, 3 kap. Brott mot liv och hälsa","Brott mot brottsbalken, 3-7 kap. Brott mot person, 3 kap. Brott mot liv och hälsa, Misshandel inkl. grov (5, 6 §)","Brott mot brottsbalken, 3-7 kap. Brott mot person, 3 kap. Brott mot liv och hälsa, Misshandel inkl. grov (5, 6 §), Indelat efter ålder",False
12568,"Brott mot brottsbalken, 3-7 kap. Brott mot person, 3 kap. Brott mot liv och hälsa, Misshandel inkl. grov (5, 6 §), Indelat efter ålder, Mot barn 0-6 år, Inomhus, Obekant med offret",6,12140.0,"Brott mot brottsbalken, 3-7 kap. Brott mot person, 3 kap. Brott mot liv och hälsa, Misshandel inkl. grov (5, 6 §), Indelat efter ålder",Brott mot brottsbalken,"Brott mot brottsbalken, 3-7 kap. Brott mot person","Brott mot brottsbalken, 3-7 kap. Brott mot person, 3 kap. Brott mot liv och hälsa","Brott mot brottsbalken, 3-7 kap. Brott mot person, 3 kap. Brott mot liv och hälsa, Misshandel inkl. grov (5, 6 §)","Brott mot brottsbalken, 3-7 kap. Brott mot person, 3 kap. Brott mot liv och hälsa, Misshandel inkl. grov (5, 6 §), Indelat efter ålder",False
12598,"Brott mot brottsbalken, 3-7 kap. Brott mot person, 3 kap. Brott mot liv och hälsa, Misshandel inkl. grov (5, 6 §), Indelat efter ålder, Mot barn 0-6 år, Inomhus, Obekant med offret, Mot flicka 0-6 år",6,12140.0,"Brott mot brottsbalken, 3-7 kap. Brott mot person, 3 kap. Brott mot liv och hälsa, Misshandel inkl. grov (5, 6 §), Indelat efter ålder",Brott mot brottsbalken,"Brott mot brottsbalken, 3-7 kap. Brott mot person","Brott mot brottsbalken, 3-7 kap. Brott mot person, 3 kap. Brott mot liv och hälsa","Brott mot brottsbalken, 3-7 kap. Brott mot person, 3 kap. Brott mot liv och hälsa, Misshandel inkl. grov (5, 6 §)","Brott mot brottsbalken, 3-7 kap. Brott mot person, 3 kap. Brott mot liv och hälsa, Misshandel inkl. grov (5, 6 §), Indelat efter ålder",False
12602,"Brott mot brottsbalken, 3-7 kap. Brott mot person, 3 kap. Brott mot liv och hälsa, Misshandel inkl. grov (5, 6 §), Indelat efter ålder, Mot barn 0-6 år, Inomhus, Obekant med offret, Mot pojke 0-6 år",6,12140.0,"Brott mot brottsbalken, 3-7 kap. Brott mot person, 3 kap. Brott mot liv och hälsa, Misshandel inkl. grov (5, 6 §), Indelat efter ålder",Brott mot brottsbalken,"Brott mot brottsbalken, 3-7 kap. Brott mot person","Brott mot brottsbalken, 3-7 kap. Brott mot person, 3 kap. Brott mot liv och hälsa","Brott mot brottsbalken, 3-7 kap. Brott mot person, 3 kap. Brott mot liv och hälsa, Misshandel inkl. grov (5, 6 §)","Brott mot brottsbalken, 3-7 kap. Brott mot person, 3 kap. Brott mot liv och hälsa, Misshandel inkl. grov (5, 6 §), Indelat efter ålder",False
12553,"Brott mot brottsbalken, 3-7 kap. Brott mot person, 3 kap. Brott mot liv och hälsa, Misshandel inkl. grov (5, 6 §), Indelat efter ålder, Mot barn 0-6 år, Utomhus",6,12140.0,"Brott mot brottsbalken, 3-7 kap. Brott mot person, 3 kap. Brott mot liv och hälsa, Misshandel inkl. grov (5, 6 §), Indelat efter ålder",Brott mot brottsbalken,"Brott mot brottsbalken, 3-7 kap. Brott mot person","Brott mot brottsbalken, 3-7 kap. Brott mot person, 3 kap. Brott mot liv och hälsa","Brott mot brottsbalken, 3-7 kap. Brott mot person, 3 kap. Brott mot liv och hälsa, Misshandel inkl. grov (5, 6 §)","Brott mot brottsbalken, 3-7 kap. Brott mot person, 3 kap. Brott mot liv och hälsa, Misshandel inkl. grov (5, 6 §), Indelat efter ålder",False
12581,"Brott mot brottsbalken, 3-7 kap. Brott mot person, 3 kap. Brott mot liv och hälsa, Misshandel inkl. grov (5, 6 §), Indelat efter ålder, Mot barn 0-6 år, Utomhus, Bekant med offret",6,12140.0,"Brott mot brottsbalken, 3-7 kap. Brott mot person, 3 kap. Brott mot liv och hälsa, Misshandel inkl. grov (5, 6 §), Indelat efter ålder",Brott mot brottsbalken,"Brott mot brottsbalken, 3-7 kap. Brott mot person","Brott mot brottsbalken, 3-7 kap. Brott mot person, 3 kap. Brott mot liv och hälsa","Brott mot brottsbalken, 3-7 kap. Brott mot person, 3 kap. Brott mot liv och hälsa, Misshandel inkl. grov (5, 6 §)","Brott mot brottsbalken, 3-7 kap. Brott mot person, 3 kap. Brott mot liv och hälsa, Misshandel inkl. grov (5, 6 §), Indelat efter ålder",False
12597,"Brott mot brottsbalken, 3-7 kap. Brott mot person, 3 kap. Brott mot liv och hälsa, Misshandel inkl. grov (5, 6 §), Indelat efter ålder, Mot barn 0-6 år, Utomhus, Bekant med offret, Mot flicka 0-6 år",6,12140.0,"Brott mot brottsbalken, 3-7 kap. Brott mot person, 3 kap. Brott mot liv och hälsa, Misshandel inkl. grov (5, 6 §), Indelat efter ålder",Brott mot brottsbalken,"Brott mot brottsbalken, 3-7 kap. Brott mot person","Brott mot brottsbalken, 3-7 kap. Brott mot person, 3 kap. Brott mot liv och hälsa","Brott mot brottsbalken, 3-7 kap. Brott mot person, 3 kap. Brott mot liv och hälsa, Misshandel inkl. grov (5, 6 §)","Brott mot brottsbalken, 3-7 kap. Brott mot person, 3 kap. Brott mot liv och hälsa, Misshandel inkl. grov (5, 6 §), Indelat efter ålder",False
12601,"Brott mot brottsbalken, 3-7 kap. Brott mot person, 3 kap. Brott mot liv och hälsa, Misshandel inkl. grov (5, 6 §), Indelat efter ålder, Mot barn 0-6 år, Utomhus, Bekant med offret, Mot pojke 0-6 år",6,12140.0,"Brott mot brottsbalken, 3-7 kap. Brott mot person, 3 kap. Brott mot liv och hälsa, Misshandel inkl. grov (5, 6 §), Indelat efter ålder",Brott mot brottsbalken,"Brott mot brottsbalken, 3-7 kap. Brott mot person","Brott mot brottsbalken, 3-7 kap. Brott mot person, 3 kap. Brott mot liv och hälsa","Brott mot brottsbalken, 3-7 kap. Brott mot person, 3 kap. Brott mot liv och hälsa, Misshandel inkl. grov (5, 6 §)","Brott mot brottsbalken, 3-7 kap. Brott mot person, 3 kap. Brott mot liv och hälsa, Misshandel inkl. grov (5, 6 §), Indelat efter ålder",False
12567,"Brott mot brottsbalken, 3-7 kap. Brott mot person, 3 kap. Brott mot liv och hälsa, Misshandel inkl. grov (5, 6 §), Indelat efter ålder, Mot barn 0-6 år, Utomhus, Obekant med offret",6,12140.0,"Brott mot brottsbalken, 3-7 kap. Brott mot person, 3 kap. Brott mot liv och hälsa, Misshandel inkl. grov (5, 6 §), Indelat efter ålder",Brott mot brottsbalken,"Brott mot brottsbalken, 3-7 kap. Brott mot person","Brott mot brottsbalken, 3-7 kap. Brott mot person, 3 kap. Brott mot liv och hälsa","Brott mot brottsbalken, 3-7 kap. Brott mot person, 3 kap. Brott mot liv och hälsa, Misshandel inkl. grov (5, 6 §)","Brott mot brottsbalken, 3-7 kap. Brott mot person, 3 kap. Brott mot liv och hälsa, Misshandel inkl. grov (5, 6 §), Indelat efter ålder",False
12596,"Brott mot brottsbalken, 3-7 kap. Brott mot person, 3 kap. Brott mot liv och hälsa, Misshandel inkl. grov (5, 6 §), Indelat efter ålder, Mot barn 0-6 år, Utomhus, Obekant med offret, Mot flicka 0-6 år",6,12140.0,"Brott mot brottsbalken, 3-7 kap. Brott mot person, 3 kap. Brott mot liv och hälsa, Misshandel inkl. grov (5, 6 §), Indelat efter ålder",Brott mot brottsbalken,"Brott mot brottsbalken, 3-7 kap. Brott mot person","Brott mot brottsbalken, 3-7 kap. Brott mot person, 3 kap. Brott mot liv och hälsa","Brott mot brottsbalken, 3-7 kap. Brott mot person, 3 kap. Brott mot liv och hälsa, Misshandel inkl. grov (5, 6 §)","Brott mot brottsbalken, 3-7 kap. Brott mot person, 3 kap. Brott mot liv och hälsa, Misshandel inkl. grov (5, 6 §), Indelat efter ålder",False
12600,"Brott mot brottsbalken, 3-7 kap. Brott mot person, 3 kap. Brott mot liv och hälsa, Misshandel inkl. grov (5, 6 §), Indelat efter ålder, Mot barn 0-6 år, Utomhus, Obekant med offret, Mot pojke 0-6 år",6,12140.0,"Brott mot brottsbalken, 3-7 kap. Brott mot person, 3 kap. Brott mot liv och hälsa, Misshandel inkl. grov (5, 6 §), Indelat efter ålder",Brott mot brottsbalken,"Brott mot brottsbalken, 3-7 kap. Brott mot person","Brott mot brottsbalken, 3-7 kap. Brott mot person, 3 kap. Brott mot liv och hälsa","Brott mot brottsbalken, 3-7 kap. Brott mot person, 3 kap. Brott mot liv och hälsa, Misshandel inkl. grov (5, 6 §)","Brott mot brottsbalken, 3-7 kap. Brott mot person, 3 kap. Brott mot liv och hälsa, Misshandel inkl. grov (5, 6 §), Indelat efter ålder",False
12548,"Brott mot brottsbalken, 3-7 kap. Brott mot person, 3 kap. Brott mot liv och hälsa, Misshandel inkl. grov (5, 6 §), Indelat efter ålder, Mot barn 15-17 år",6,12140.0,"Brott mot brottsbalken, 3-7 kap. Brott mot person, 3 kap. Brott mot liv och hälsa, Misshandel inkl. grov (5, 6 §), Indelat efter ålder",Brott mot brottsbalken,"Brott mot brottsbalken, 3-7 kap. Brott mot person","Brott mot brottsbalken, 3-7 kap. Brott mot person, 3 kap. Brott mot liv och hälsa","Brott mot brottsbalken, 3-7 kap. Brott mot person, 3 kap. Brott mot liv och hälsa, Misshandel inkl. grov (5, 6 §)","Brott mot brottsbalken, 3-7 kap. Brott mot person, 3 kap. Brott mot liv och hälsa, Misshandel inkl. grov (5, 6 §), Indelat efter ålder",False
12562,"Brott mot brottsbalken, 3-7 kap. Brott mot person, 3 kap. Brott mot liv och hälsa, Misshandel inkl. grov (5, 6 §), Indelat efter ålder, Mot barn 15-17 år, Inomhus",6,12140.0,"Brott mot brottsbalken, 3-7 kap. Brott mot person, 3 kap. Brott mot liv och hälsa, Misshandel inkl. grov (5, 6 §), Indelat efter ålder",Brott mot brottsbalken,"Brott mot brottsbalken, 3-7 kap. Brott mot person","Brott mot brottsbalken, 3-7 kap. Brott mot person, 3 kap. Brott mot liv och hälsa","Brott mot brottsbalken, 3-7 kap. Brott mot person, 3 kap. Brott mot liv och hälsa, Misshandel inkl. grov (5, 6 §)","Brott mot brottsbalken, 3-7 kap. Brott mot person, 3 kap. Brott mot liv och hälsa, Misshandel inkl. grov (5, 6 §), Indelat efter ålder",False
12587,"Brott mot brottsbalken, 3-7 kap. Brott mot person, 3 kap. Brott mot liv och hälsa, Misshandel inkl. grov (5, 6 §), Indelat efter ålder, Mot barn 15-17 år, Inomhus, Bekant med offret",6,12140.0,"Brott mot brottsbalken, 3-7 kap. Brott mot person, 3 kap. Brott mot liv och hälsa, Misshandel inkl. grov (5, 6 §), Indelat efter ålder",Brott mot brottsbalken,"Brott mot brottsbalken, 3-7 kap. Brott mot person","Brott mot brottsbalken, 3-7 kap. Brott mot person, 3 kap. Brott mot liv och hälsa","Brott mot brottsbalken, 3-7 kap. Brott mot person, 3 kap. Brott mot liv och hälsa, Misshandel inkl. grov (5, 6 §)","Brott mot brottsbalken, 3-7 kap. Brott mot person, 3 kap. Brott mot liv och hälsa, Misshandel inkl. grov (5, 6 §), Indelat efter ålder",False
12615,"Brott mot brottsbalken, 3-7 kap. Brott mot person, 3 kap. Brott mot liv och hälsa, Misshandel inkl. grov (5, 6 §), Indelat efter ålder, Mot barn 15-17 år, Inomhus, Bekant med offret, Mot flicka 15-17 år",6,12140.0,"Brott mot brottsbalken, 3-7 kap. Brott mot person, 3 kap. Brott mot liv och hälsa, Misshandel inkl. grov (5, 6 §), Indelat efter ålder",Brott mot brottsbalken,"Brott mot brottsbalken, 3-7 kap. Brott mot person","Brott mot brottsbalken, 3-7 kap. Brott mot person, 3 kap. Brott mot liv och hälsa","Brott mot brottsbalken, 3-7 kap. Brott mot person, 3 kap. Brott mot liv och hälsa, Misshandel inkl. grov (5, 6 §)","Brott mot brottsbalken, 3-7 kap. Brott mot person, 3 kap. Brott mot liv och hälsa, Misshandel inkl. grov (5, 6 §), Indelat efter ålder",False
12619,"Brott mot brottsbalken, 3-7 kap. Brott mot person, 3 kap. Brott mot liv och hälsa, Misshandel inkl. grov (5, 6 §), Indelat efter ålder, Mot barn 15-17 år, Inomhus, Bekant med offret, Mot pojke 15-17 år",6,12140.0,"Brott mot brottsbalken, 3-7 kap. Brott mot person, 3 kap. Brott mot liv och hälsa, Misshandel inkl. grov (5, 6 §), Indelat efter ålder",Brott mot brottsbalken,"Brott mot brottsbalken, 3-7 kap. Brott mot person","Brott mot brottsbalken, 3-7 kap. Brott mot person, 3 kap. Brott mot liv och hälsa","Brott mot brottsbalken, 3-7 kap. Brott mot person, 3 kap. Brott mot liv och hälsa, Misshandel inkl. grov (5, 6 §)","Brott mot brottsbalken, 3-7 kap. Brott mot person, 3 kap. Brott mot liv och hälsa, Misshandel inkl. grov (5, 6 §), Indelat efter ålder",False
12572,"Brott mot brottsbalken, 3-7 kap. Brott mot person, 3 kap. Brott mot liv och hälsa, Misshandel inkl. grov (5, 6 §), Indelat efter ålder, Mot barn 15-17 år, Inomhus, Obekant med offret",6,12140.0,"Brott mot brottsbalken, 3-7 kap. Brott mot person, 3 kap. Brott mot liv och hälsa, Misshandel inkl. grov (5, 6 §), Indelat efter ålder",Brott mot brottsbalken,"Brott mot brottsbalken, 3-7 kap. Brott mot person","Brott mot brottsbalken, 3-7 kap. Brott mot person, 3 kap. Brott mot liv och hälsa","Brott mot brottsbalken, 3-7 kap. Brott mot person, 3 kap. Brott mot liv och hälsa, Misshandel inkl. grov (5, 6 §)","Brott mot brottsbalken, 3-7 kap. Brott mot person, 3 kap. Brott mot liv och hälsa, Misshandel inkl. grov (5, 6 §), Indelat efter ålder",False
12614,"Brott mot brottsbalken, 3-7 kap. Brott mot person, 3 kap. Brott mot liv och hälsa, Misshandel inkl. grov (5, 6 §), Indelat efter ålder, Mot barn 15-17 år, Inomhus, Obekant med offret, Mot flicka 15-17 år",6,12140.0,"Brott mot brottsbalken, 3-7 kap. Brott mot person, 3 kap. Brott mot liv och hälsa, Misshandel inkl. grov (5, 6 §), Indelat efter ålder",Brott mot brottsbalken,"Brott mot brottsbalken, 3-7 kap. Brott mot person","Brott mot brottsbalken, 3-7 kap. Brott mot person, 3 kap. Brott mot liv och hälsa","Brott mot brottsbalken, 3-7 kap. Brott mot person, 3 kap. Brott mot liv och hälsa, Misshandel inkl. grov (5, 6 §)","Brott mot brottsbalken, 3-7 kap. Brott mot person, 3 kap. Brott mot liv och hälsa, Misshandel inkl. grov (5, 6 §), Indelat efter ålder",False
12618,"Brott mot brottsbalken, 3-7 kap. Brott mot person, 3 kap. Brott mot liv och hälsa, Misshandel inkl. grov (5, 6 §), Indelat efter ålder, Mot barn 15-17 år, Inomhus, Obekant med offret, Mot pojke 15-17 år",6,12140.0,"Brott mot brottsbalken, 3-7 kap. Brott mot person, 3 kap. Brott mot liv och hälsa, Misshandel inkl. grov (5, 6 §), Indelat efter ålder",Brott mot brottsbalken,"Brott mot brottsbalken, 3-7 kap. Brott mot person","Brott mot brottsbalken, 3-7 kap. Brott mot person, 3 kap. Brott mot liv och hälsa","Brott mot brottsbalken, 3-7 kap. Brott mot person, 3 kap. Brott mot liv och hälsa, Misshandel inkl. grov (5, 6 §)","Brott mot brottsbalken, 3-7 kap. Brott mot person, 3 kap. Brott mot liv och hälsa, Misshandel inkl. grov (5, 6 §), Indelat efter ålder",False
12555,"Brott mot brottsbalken, 3-7 kap. Brott mot person, 3 kap. Brott mot liv och hälsa, Misshandel inkl. grov (5, 6 §), Indelat efter ålder, Mot barn 15-17 år, Utomhus",6,12140.0,"Brott mot brottsbalken, 3-7 kap. Brott mot person, 3 kap. Brott mot liv och hälsa, Misshandel inkl. grov (5, 6 §), Indelat efter ålder",Brott mot brottsbalken,"Brott mot brottsbalken, 3-7 kap. Brott mot person","Brott mot brottsbalken, 3-7 kap. Brott mot person, 3 kap. Brott mot liv och hälsa","Brott mot brottsbalken, 3-7 kap. Brott mot person, 3 kap. Brott mot liv och hälsa, Misshandel inkl. grov (5, 6 §)","Brott mot brottsbalken, 3-7 kap. Brott mot person, 3 kap. Brott mot liv och hälsa, Misshandel inkl. grov (5, 6 §), Indelat efter ålder",False
12586,"Brott mot brottsbalken, 3-7 kap. Brott mot person, 3 kap. Brott mot liv och hälsa, Misshandel inkl. grov (5, 6 §), Indelat efter ålder, Mot barn 15-17 år, Utomhus, Bekant med offret",6,12140.0,"Brott mot brottsbalken, 3-7 kap. Brott mot person, 3 kap. Brott mot liv och hälsa, Misshandel inkl. grov (5, 6 §), Indelat efter ålder",Brott mot brottsbalken,"Brott mot brottsbalken, 3-7 kap. Brott mot person","Brott mot brottsbalken, 3-7 kap. Brott mot person, 3 kap. Brott mot liv och hälsa","Brott mot brottsbalken, 3-7 kap. Brott mot person, 3 kap. Brott mot liv och hälsa, Misshandel inkl. grov (5, 6 §)","Brott mot brottsbalken, 3-7 kap. Brott mot person, 3 kap. Brott mot liv och hälsa, Misshandel inkl. grov (5, 6 §), Indelat efter ålder",False
12613,"Brott mot brottsbalken, 3-7 kap. Brott mot person, 3 kap. Brott mot liv och hälsa, Misshandel inkl. grov (5, 6 §), Indelat efter ålder, Mot barn 15-17 år, Utomhus, Bekant med offret, Mot flicka 15-17 år",6,12140.0,"Brott mot brottsbalken, 3-7 kap. Brott mot person, 3 kap. Brott mot liv och hälsa, Misshandel inkl. grov (5, 6 §), Indelat efter ålder",Brott mot brottsbalken,"Brott mot brottsbalken, 3-7 kap. Brott mot person","Brott mot brottsbalken, 3-7 kap. Brott mot person, 3 kap. Brott mot liv och hälsa","Brott mot brottsbalken, 3-7 kap. Brott mot person, 3 kap. Brott mot liv och hälsa, Misshandel inkl. grov (5, 6 §)","Brott mot brottsbalken, 3-7 kap. Brott mot person, 3 kap. Brott mot liv och hälsa, Misshandel inkl. grov (5, 6 §), Indelat efter ålder",False
12617,"Brott mot brottsbalken, 3-7 kap. Brott mot person, 3 kap. Brott mot liv och hälsa, Misshandel inkl. grov (5, 6 §), Indelat efter ålder, Mot barn 15-17 år, Utomhus, Bekant med offret, Mot pojke 15-17 år",6,12140.0,"Brott mot brottsbalken, 3-7 kap. Brott mot person, 3 kap. Brott mot liv och hälsa, Misshandel inkl. grov (5, 6 §), Indelat efter ålder",Brott mot brottsbalken,"Brott mot brottsbalken, 3-7 kap. Brott mot person","Brott mot brottsbalken, 3-7 kap. Brott mot person, 3 kap. Brott mot liv och hälsa","Brott mot brottsbalken, 3-7 kap. Brott mot person, 3 kap. Brott mot liv och hälsa, Misshandel inkl. grov (5, 6 §)","Brott mot brottsbalken, 3-7 kap. Brott mot person, 3 kap. Brott mot liv och hälsa, Misshandel inkl. grov (5, 6 §), Indelat efter ålder",False
12571,"Brott mot brottsbalken, 3-7 kap. Brott mot person, 3 kap. Brott mot liv och hälsa, Misshandel inkl. grov (5, 6 §), Indelat efter ålder, Mot barn 15-17 år, Utomhus, Obekant med offret",6,12140.0,"Brott mot brottsbalken, 3-7 kap. Brott mot person, 3 kap. Brott mot liv och hälsa, Misshandel inkl. grov (5, 6 §), Indelat efter ålder",Brott mot brottsbalken,"Brott mot brottsbalken, 3-7 kap. Brott mot person","Brott mot brottsbalken, 3-7 kap. Brott mot person, 3 kap. Brott mot liv och hälsa","Brott mot brottsbalken, 3-7 kap. Brott mot person, 3 kap. Brott mot liv och hälsa, Misshandel inkl. grov (5, 6 §)","Brott mot brottsbalken, 3-7 kap. Brott mot person, 3 kap. Brott mot liv och hälsa, Misshandel inkl. grov (5, 6 §), Indelat efter ålder",False
12612,"Brott mot brottsbalken, 3-7 kap. Brott mot person, 3 kap. Brott mot liv och hälsa, Misshandel inkl. grov (5, 6 §), Indelat efter ålder, Mot barn 15-17 år, Utomhus, Obekant med offret, Mot flicka 15-17 år",6,12140.0,"Brott mot brottsbalken, 3-7 kap. Brott mot person, 3 kap. Brott mot liv och hälsa, Misshandel inkl. grov (5, 6 §), Indelat efter ålder",Brott mot brottsbalken,"Brott mot brottsbalken, 3-7 kap. Brott mot person","Brott mot brottsbalken, 3-7 kap. Brott mot person, 3 kap. Brott mot liv och hälsa","Brott mot brottsbalken, 3-7 kap. Brott mot person, 3 kap. Brott mot liv och hälsa, Misshandel inkl. grov (5, 6 §)","Brott mot brottsbalken, 3-7 kap. Brott mot person, 3 kap. Brott mot liv och hälsa, Misshandel inkl. grov (5, 6 §), Indelat efter ålder",False
12616,"Brott mot brottsbalken, 3-7 kap. Brott mot person, 3 kap. Brott mot liv och hälsa, Misshandel inkl. grov (5, 6 §), Indelat efter ålder, Mot barn 15-17 år, Utomhus, Obekant med offret, Mot pojke 15-17 år",6,12140.0,"Brott mot brottsbalken, 3-7 kap. Brott mot person, 3 kap. Brott mot liv och hälsa, Misshandel inkl. grov (5, 6 §), Indelat efter ålder",Brott mot brottsbalken,"Brott mot brottsbalken, 3-7 kap. Brott mot person","Brott mot brottsbalken, 3-7 kap. Brott mot person, 3 kap. Brott mot liv och hälsa","Brott mot brottsbalken, 3-7 kap. Brott mot person, 3 kap. Brott mot liv och hälsa, Misshandel inkl. grov (5, 6 §)","Brott mot brottsbalken, 3-7 kap. Brott mot person, 3 kap. Brott mot liv och hälsa, Misshandel inkl. grov (5, 6 §), Indelat efter ålder",False
12547,"Brott mot brottsbalken, 3-7 kap. Brott mot person, 3 kap. Brott mot liv och hälsa, Misshandel inkl. grov (5, 6 §), Indelat efter ålder, Mot barn 7-14 år",6,12140.0,"Brott mot brottsbalken, 3-7 kap. Brott mot person, 3 kap. Brott mot liv och hälsa, Misshandel inkl. grov (5, 6 §), Indelat efter ålder",Brott mot brottsbalken,"Brott mot brottsbalken, 3-7 kap. Brott mot person","Brott mot brottsbalken, 3-7 kap. Brott mot person, 3 kap. Brott mot liv och hälsa","Brott mot brottsbalken, 3-7 kap. Brott mot person, 3 kap. Brott mot liv och hälsa, Misshandel inkl. grov (5, 6 §)","Brott mot brottsbalken, 3-7 kap. Brott mot person, 3 kap. Brott mot liv och hälsa, Misshandel inkl. grov (5, 6 §), Indelat efter ålder",False
12561,"Brott mot brottsbalken, 3-7 kap. Brott mot person, 3 kap. Brott mot liv och hälsa, Misshandel inkl. grov (5, 6 §), Indelat efter ålder, Mot barn 7-14 år, Inomhus",6,12140.0,"Brott mot brottsbalken, 3-7 kap. Brott mot person, 3 kap. Brott mot liv och hälsa, Misshandel inkl. grov (5, 6 §), Indelat efter ålder",Brott mot brottsbalken,"Brott mot brottsbalken, 3-7 kap. Brott mot person","Brott mot brottsbalken, 3-7 kap. Brott mot person, 3 kap. Brott mot liv och hälsa","Brott mot brottsbalken, 3-7 kap. Brott mot person, 3 kap. Brott mot liv och hälsa, Misshandel inkl. grov (5, 6 §)","Brott mot brottsbalken, 3-7 kap. Brott mot person, 3 kap. Brott mot liv och hälsa, Misshandel inkl. grov (5, 6 §), Indelat efter ålder",False
12585,"Brott mot brottsbalken, 3-7 kap. Brott mot person, 3 kap. Brott mot liv och hälsa, Misshandel inkl. grov (5, 6 §), Indelat efter ålder, Mot barn 7-14 år, Inomhus, Bekant med offret",6,12140.0,"Brott mot brottsbalken, 3-7 kap. Brott mot person, 3 kap. Brott mot liv och hälsa, Misshandel inkl. grov (5, 6 §), Indelat efter ålder",Brott mot brottsbalken,"Brott mot brottsbalken, 3-7 kap. Brott mot person","Brott mot brottsbalken, 3-7 kap. Brott mot person, 3 kap. Brott mot liv och hälsa","Brott mot brottsbalken, 3-7 kap. Brott mot person, 3 kap. Brott mot liv och hälsa, Misshandel inkl. grov (5, 6 §)","Brott mot brottsbalken, 3-7 kap. Brott mot person, 3 kap. Brott mot liv och hälsa, Misshandel inkl. grov (5, 6 §), Indelat efter ålder",False
12607,"Brott mot brottsbalken, 3-7 kap. Brott mot person, 3 kap. Brott mot liv och hälsa, Misshandel inkl. grov (5, 6 §), Indelat efter ålder, Mot barn 7-14 år, Inomhus, Bekant med offret, Mot flicka 7-14 år",6,12140.0,"Brott mot brottsbalken, 3-7 kap. Brott mot person, 3 kap. Brott mot liv och hälsa, Misshandel inkl. grov (5, 6 §), Indelat efter ålder",Brott mot brottsbalken,"Brott mot brottsbalken, 3-7 kap. Brott mot person","Brott mot brottsbalken, 3-7 kap. Brott mot person, 3 kap. Brott mot liv och hälsa","Brott mot brottsbalken, 3-7 kap. Brott mot person, 3 kap. Brott mot liv och hälsa, Misshandel inkl. grov (5, 6 §)","Brott mot brottsbalken, 3-7 kap. Brott mot person, 3 kap. Brott mot liv och hälsa, Misshandel inkl. grov (5, 6 §), Indelat efter ålder",False
12611,"Brott mot brottsbalken, 3-7 kap. Brott mot person, 3 kap. Brott mot liv och hälsa, Misshandel inkl. grov (5, 6 §), Indelat efter ålder, Mot barn 7-14 år, Inomhus, Bekant med offret, Mot pojke 7-14 år",6,12140.0,"Brott mot brottsbalken, 3-7 kap. Brott mot person, 3 kap. Brott mot liv och hälsa, Misshandel inkl. grov (5, 6 §), Indelat efter ålder",Brott mot brottsbalken,"Brott mot brottsbalken, 3-7 kap. Brott mot person","Brott mot brottsbalken, 3-7 kap. Brott mot person, 3 kap. Brott mot liv och hälsa","Brott mot brottsbalken, 3-7 kap. Brott mot person, 3 kap. Brott mot liv och hälsa, Misshandel inkl. grov (5, 6 §)","Brott mot brottsbalken, 3-7 kap. Brott mot person, 3 kap. Brott mot liv och hälsa, Misshandel inkl. grov (5, 6 §), Indelat efter ålder",False
12570,"Brott mot brottsbalken, 3-7 kap. Brott mot person, 3 kap. Brott mot liv och hälsa, Misshandel inkl. grov (5, 6 §), Indelat efter ålder, Mot barn 7-14 år, Inomhus, Obekant med offret",6,12140.0,"Brott mot brottsbalken, 3-7 kap. Brott mot person, 3 kap. Brott mot liv och hälsa, Misshandel inkl. grov (5, 6 §), Indelat efter ålder",Brott mot brottsbalken,"Brott mot brottsbalken, 3-7 kap. Brott mot person","Brott mot brottsbalken, 3-7 kap. Brott mot person, 3 kap. Brott mot liv och hälsa","Brott mot brottsbalken, 3-7 kap. Brott mot person, 3 kap. Brott mot liv och hälsa, Misshandel inkl. grov (5, 6 §)","Brott mot brottsbalken, 3-7 kap. Brott mot person, 3 kap. Brott mot liv och hälsa, Misshandel inkl. grov (5, 6 §), Indelat efter ålder",False
12606,"Brott mot brottsbalken, 3-7 kap. Brott mot person, 3 kap. Brott mot liv och hälsa, Misshandel inkl. grov (5, 6 §), Indelat efter ålder, Mot barn 7-14 år, Inomhus, Obekant med offret, Mot flicka 7-14 år",6,12140.0,"Brott mot brottsbalken, 3-7 kap. Brott mot person, 3 kap. Brott mot liv och hälsa, Misshandel inkl. grov (5, 6 §), Indelat efter ålder",Brott mot brottsbalken,"Brott mot brottsbalken, 3-7 kap. Brott mot person","Brott mot brottsbalken, 3-7 kap. Brott mot person, 3 kap. Brott mot liv och hälsa","Brott mot brottsbalken, 3-7 kap. Brott mot person, 3 kap. Brott mot liv och hälsa, Misshandel inkl. grov (5, 6 §)","Brott mot brottsbalken, 3-7 kap. Brott mot person, 3 kap. Brott mot liv och hälsa, Misshandel inkl. grov (5, 6 §), Indelat efter ålder",False
12610,"Brott mot brottsbalken, 3-7 kap. Brott mot person, 3 kap. Brott mot liv och hälsa, Misshandel inkl. grov (5, 6 §), Indelat efter ålder, Mot barn 7-14 år, Inomhus, Obekant med offret, Mot pojke 7-14 år",6,12140.0,"Brott mot brottsbalken, 3-7 kap. Brott mot person, 3 kap. Brott mot liv och hälsa, Misshandel inkl. grov (5, 6 §), Indelat efter ålder",Brott mot brottsbalken,"Brott mot brottsbalken, 3-7 kap. Brott mot person","Brott mot brottsbalken, 3-7 kap. Brott mot person, 3 kap. Brott mot liv och hälsa","Brott mot brottsbalken, 3-7 kap. Brott mot person, 3 kap. Brott mot liv och hälsa, Misshandel inkl. grov (5, 6 §)","Brott mot brottsbalken, 3-7 kap. Brott mot person, 3 kap. Brott mot liv och hälsa, Misshandel inkl. grov (5, 6 §), Indelat efter ålder",False
12554,"Brott mot brottsbalken, 3-7 kap. Brott mot person, 3 kap. Brott mot liv och hälsa, Misshandel inkl. grov (5, 6 §), Indelat efter ålder, Mot barn 7-14 år, Utomhus",6,12140.0,"Brott mot brottsbalken, 3-7 kap. Brott mot person, 3 kap. Brott mot liv och hälsa, Misshandel inkl. grov (5, 6 §), Indelat efter ålder",Brott mot brottsbalken,"Brott mot brottsbalken, 3-7 kap. Brott mot person","Brott mot brottsbalken, 3-7 kap. Brott mot person, 3 kap. Brott mot liv och hälsa","Brott mot brottsbalken, 3-7 kap. Brott mot person, 3 kap. Brott mot liv och hälsa, Misshandel inkl. grov (5, 6 §)","Brott mot brottsbalken, 3-7 kap. Brott mot person, 3 kap. Brott mot liv och hälsa, Misshandel inkl. grov (5, 6 §), Indelat efter ålder",False
12584,"Brott mot brottsbalken, 3-7 kap. Brott mot person, 3 kap. Brott mot liv och hälsa, Misshandel inkl. grov (5, 6 §), Indelat efter ålder, Mot barn 7-14 år, Utomhus, Bekant med offret",6,12140.0,"Brott mot brottsbalken, 3-7 kap. Brott mot person, 3 kap. Brott mot liv och hälsa, Misshandel inkl. grov (5, 6 §), Indelat efter ålder",Brott mot brottsbalken,"Brott mot brottsbalken, 3-7 kap. Brott mot person","Brott mot brottsbalken, 3-7 kap. Brott mot person, 3 kap. Brott mot liv och hälsa","Brott mot brottsbalken, 3-7 kap. Brott mot person, 3 kap. Brott mot liv och hälsa, Misshandel inkl. grov (5, 6 §)","Brott mot brottsbalken, 3-7 kap. Brott mot person, 3 kap. Brott mot liv och hälsa, Misshandel inkl. grov (5, 6 §), Indelat efter ålder",False
12605,"Brott mot brottsbalken, 3-7 kap. Brott mot person, 3 kap. Brott mot liv och hälsa, Misshandel inkl. grov (5, 6 §), Indelat efter ålder, Mot barn 7-14 år, Utomhus, Bekant med offret, Mot flicka 7-14 år",6,12140.0,"Brott mot brottsbalken, 3-7 kap. Brott mot person, 3 kap. Brott mot liv och hälsa, Misshandel inkl. grov (5, 6 §), Indelat efter ålder",Brott mot brottsbalken,"Brott mot brottsbalken, 3-7 kap. Brott mot person","Brott mot brottsbalken, 3-7 kap. Brott mot person, 3 kap. Brott mot liv och hälsa","Brott mot brottsbalken, 3-7 kap. Brott mot person, 3 kap. Brott mot liv och hälsa, Misshandel inkl. grov (5, 6 §)","Brott mot brottsbalken, 3-7 kap. Brott mot person, 3 kap. Brott mot liv och hälsa, Misshandel inkl. grov (5, 6 §), Indelat efter ålder",False
12609,"Brott mot brottsbalken, 3-7 kap. Brott mot person, 3 kap. Brott mot liv och hälsa, Misshandel inkl. grov (5, 6 §), Indelat efter ålder, Mot barn 7-14 år, Utomhus, Bekant med offret, Mot pojke 7-14 år",6,12140.0,"Brott mot brottsbalken, 3-7 kap. Brott mot person, 3 kap. Brott mot liv och hälsa, Misshandel inkl. grov (5, 6 §), Indelat efter ålder",Brott mot brottsbalken,"Brott mot brottsbalken, 3-7 kap. Brott mot person","Brott mot brottsbalken, 3-7 kap. Brott mot person, 3 kap. Brott mot liv och hälsa","Brott mot brottsbalken, 3-7 kap. Brott mot person, 3 kap. Brott mot liv och hälsa, Misshandel inkl. grov (5, 6 §)","Brott mot brottsbalken, 3-7 kap. Brott mot person, 3 kap. Brott mot liv och hälsa, Misshandel inkl. grov (5, 6 §), Indelat efter ålder",False
12569,"Brott mot brottsbalken, 3-7 kap. Brott mot person, 3 kap. Brott mot liv och hälsa, Misshandel inkl. grov (5, 6 §), Indelat efter ålder, Mot barn 7-14 år, Utomhus, Obekant med offret",6,12140.0,"Brott mot brottsbalken, 3-7 kap. Brott mot person, 3 kap. Brott mot liv och hälsa, Misshandel inkl. grov (5, 6 §), Indelat efter ålder",Brott mot brottsbalken,"Brott mot brottsbalken, 3-7 kap. Brott mot person","Brott mot brottsbalken, 3-7 kap. Brott mot person, 3 kap. Brott mot liv och hälsa","Brott mot brottsbalken, 3-7 kap. Brott mot person, 3 kap. Brott mot liv och hälsa, Misshandel inkl. grov (5, 6 §)","Brott mot brottsbalken, 3-7 kap. Brott mot person, 3 kap. Brott mot liv och hälsa, Misshandel inkl. grov (5, 6 §), Indelat efter ålder",False
12604,"Brott mot brottsbalken, 3-7 kap. Brott mot person, 3 kap. Brott mot liv och hälsa, Misshandel inkl. grov (5, 6 §), Indelat efter ålder, Mot barn 7-14 år, Utomhus, Obekant med offret, Mot flicka 7-14 år",6,12140.0,"Brott mot brottsbalken, 3-7 kap. Brott mot person, 3 kap. Brott mot liv och hälsa, Misshandel inkl. grov (5, 6 §), Indelat efter ålder",Brott mot brottsbalken,"Brott mot brottsbalken, 3-7 kap. Brott mot person","Brott mot brottsbalken, 3-7 kap. Brott mot person, 3 kap. Brott mot liv och hälsa","Brott mot brottsbalken, 3-7 kap. Brott mot person, 3 kap. Brott mot liv och hälsa, Misshandel inkl. grov (5, 6 §)","Brott mot brottsbalken, 3-7 kap. Brott mot person, 3 kap. Brott mot liv och hälsa, Misshandel inkl. grov (5, 6 §), Indelat efter ålder",False
12608,"Brott mot brottsbalken, 3-7 kap. Brott mot person, 3 kap. Brott mot liv och hälsa, Misshandel inkl. grov (5, 6 §), Indelat efter ålder, Mot barn 7-14 år, Utomhus, Obekant med offret, Mot pojke 7-14 år",6,12140.0,"Brott mot brottsbalken, 3-7 kap. Brott mot person, 3 kap. Brott mot liv och hälsa, Misshandel inkl. grov (5, 6 §), Indelat efter ålder",Brott mot brottsbalken,"Brott mot brottsbalken, 3-7 kap. Brott mot person","Brott mot brottsbalken, 3-7 kap. Brott mot person, 3 kap. Brott mot liv och hälsa","Brott mot brottsbalken, 3-7 kap. Brott mot person, 3 kap. Brott mot liv och hälsa, Misshandel inkl. grov (5, 6 §)","Brott mot brottsbalken, 3-7 kap. Brott mot person, 3 kap. Brott mot liv och hälsa, Misshandel inkl. grov (5, 6 §), Indelat efter ålder",False
12551,"Brott mot brottsbalken, 3-7 kap. Brott mot person, 3 kap. Brott mot liv och hälsa, Misshandel inkl. grov (5, 6 §), Indelat efter ålder, Mot kvinna 15 år och äldre",6,12140.0,"Brott mot brottsbalken, 3-7 kap. Brott mot person, 3 kap. Brott mot liv och hälsa, Misshandel inkl. grov (5, 6 §), Indelat efter ålder",Brott mot brottsbalken,"Brott mot brottsbalken, 3-7 kap. Brott mot person","Brott mot brottsbalken, 3-7 kap. Brott mot person, 3 kap. Brott mot liv och hälsa","Brott mot brottsbalken, 3-7 kap. Brott mot person, 3 kap. Brott mot liv och hälsa, Misshandel inkl. grov (5, 6 §)","Brott mot brottsbalken, 3-7 kap. Brott mot person, 3 kap. Brott mot liv och hälsa, Misshandel inkl. grov (5, 6 §), Indelat efter ålder",False
12565,"Brott mot brottsbalken, 3-7 kap. Brott mot person, 3 kap. Brott mot liv och hälsa, Misshandel inkl. grov (5, 6 §), Indelat efter ålder, Mot kvinna 15 år och äldre, Inomhus",6,12140.0,"Brott mot brottsbalken, 3-7 kap. Brott mot person, 3 kap. Brott mot liv och hälsa, Misshandel inkl. grov (5, 6 §), Indelat efter ålder",Brott mot brottsbalken,"Brott mot brottsbalken, 3-7 kap. Brott mot person","Brott mot brottsbalken, 3-7 kap. Brott mot person, 3 kap. Brott mot liv och hälsa","Brott mot brottsbalken, 3-7 kap. Brott mot person, 3 kap. Brott mot liv och hälsa, Misshandel inkl. grov (5, 6 §)","Brott mot brottsbalken, 3-7 kap. Brott mot person, 3 kap. Brott mot liv och hälsa, Misshandel inkl. grov (5, 6 §), Indelat efter ålder",False
12593,"Brott mot brottsbalken, 3-7 kap. Brott mot person, 3 kap. Brott mot liv och hälsa, Misshandel inkl. grov (5, 6 §), Indelat efter ålder, Mot kvinna 15 år och äldre, Inomhus, Bekant med offret",6,12140.0,"Brott mot brottsbalken, 3-7 kap. Brott mot person, 3 kap. Brott mot liv och hälsa, Misshandel inkl. grov (5, 6 §), Indelat efter ålder",Brott mot brottsbalken,"Brott mot brottsbalken, 3-7 kap. Brott mot person","Brott mot brottsbalken, 3-7 kap. Brott mot person, 3 kap. Brott mot liv och hälsa","Brott mot brottsbalken, 3-7 kap. Brott mot person, 3 kap. Brott mot liv och hälsa, Misshandel inkl. grov (5, 6 §)","Brott mot brottsbalken, 3-7 kap. Brott mot person, 3 kap. Brott mot liv och hälsa, Misshandel inkl. grov (5, 6 §), Indelat efter ålder",False
12578,"Brott mot brottsbalken, 3-7 kap. Brott mot person, 3 kap. Brott mot liv och hälsa, Misshandel inkl. grov (5, 6 §), Indelat efter ålder, Mot kvinna 15 år och äldre, Inomhus, Obekant med offret",6,12140.0,"Brott mot brottsbalken, 3-7 kap. Brott mot person, 3 kap. Brott mot liv och hälsa, Misshandel inkl. grov (5, 6 §), Indelat efter ålder",Brott mot brottsbalken,"Brott mot brottsbalken, 3-7 kap. Brott mot person","Brott mot brottsbalken, 3-7 kap. Brott mot person, 3 kap. Brott mot liv och hälsa","Brott mot brottsbalken, 3-7 kap. Brott mot person, 3 kap. Brott mot liv och hälsa, Misshandel inkl. grov (5, 6 §)","Brott mot brottsbalken, 3-7 kap. Brott mot person, 3 kap. Brott mot liv och hälsa, Misshandel inkl. grov (5, 6 §), Indelat efter ålder",False
12558,"Brott mot brottsbalken, 3-7 kap. Brott mot person, 3 kap. Brott mot liv och hälsa, Misshandel inkl. grov (5, 6 §), Indelat efter ålder, Mot kvinna 15 år och äldre, Utomhus",6,12140.0,"Brott mot brottsbalken, 3-7 kap. Brott mot person, 3 kap. Brott mot liv och hälsa, Misshandel inkl. grov (5, 6 §), Indelat efter ålder",Brott mot brottsbalken,"Brott mot brottsbalken, 3-7 kap. Brott mot person","Brott mot brottsbalken, 3-7 kap. Brott mot person, 3 kap. Brott mot liv och hälsa","Brott mot brottsbalken, 3-7 kap. Brott mot person, 3 kap. Brott mot liv och hälsa, Misshandel inkl. grov (5, 6 §)","Brott mot brottsbalken, 3-7 kap. Brott mot person, 3 kap. Brott mot liv och hälsa, Misshandel inkl. grov (5, 6 §), Indelat efter ålder",False
12592,"Brott mot brottsbalken, 3-7 kap. Brott mot person, 3 kap. Brott mot liv och hälsa, Misshandel inkl. grov (5, 6 §), Indelat efter ålder, Mot kvinna 15 år och äldre, Utomhus, Bekant med offret",6,12140.0,"Brott mot brottsbalken, 3-7 kap. Brott mot person, 3 kap. Brott mot liv och hälsa, Misshandel inkl. grov (5, 6 §), Indelat efter ålder",Brott mot brottsbalken,"Brott mot brottsbalken, 3-7 kap. Brott mot person","Brott mot brottsbalken, 3-7 kap. Brott mot person, 3 kap. Brott mot liv och hälsa","Brott mot brottsbalken, 3-7 kap. Brott mot person, 3 kap. Brott mot liv och hälsa, Misshandel inkl. grov (5, 6 §)","Brott mot brottsbalken, 3-7 kap. Brott mot person, 3 kap. Brott mot liv och hälsa, Misshandel inkl. grov (5, 6 §), Indelat efter ålder",False
12577,"Brott mot brottsbalken, 3-7 kap. Brott mot person, 3 kap. Brott mot liv och hälsa, Misshandel inkl. grov (5, 6 §), Indelat efter ålder, Mot kvinna 15 år och äldre, Utomhus, Obekant med offret",6,12140.0,"Brott mot brottsbalken, 3-7 kap. Brott mot person, 3 kap. Brott mot liv och hälsa, Misshandel inkl. grov (5, 6 §), Indelat efter ålder",Brott mot brottsbalken,"Brott mot brottsbalken, 3-7 kap. Brott mot person","Brott mot brottsbalken, 3-7 kap. Brott mot person, 3 kap. Brott mot liv och hälsa","Brott mot brottsbalken, 3-7 kap. Brott mot person, 3 kap. Brott mot liv och hälsa, Misshandel inkl. grov (5, 6 §)","Brott mot brottsbalken, 3-7 kap. Brott mot person, 3 kap. Brott mot liv och hälsa, Misshandel inkl. grov (5, 6 §), Indelat efter ålder",False
12549,"Brott mot brottsbalken, 3-7 kap. Brott mot person, 3 kap. Brott mot liv och hälsa, Misshandel inkl. grov (5, 6 §), Indelat efter ålder, Mot kvinna 18 år och äldre (15 år och äldre t.o.m. 2006)",6,12140.0,"Brott mot brottsbalken, 3-7 kap. Brott mot person, 3 kap. Brott mot liv och hälsa, Misshandel inkl. grov (5, 6 §), Indelat efter ålder",Brott mot brottsbalken,"Brott mot brottsbalken, 3-7 kap. Brott mot person","Brott mot brottsbalken, 3-7 kap. Brott mot person, 3 kap. Brott mot liv och hälsa","Brott mot brottsbalken, 3-7 kap. Brott mot person, 3 kap. Brott mot liv och hälsa, Misshandel inkl. grov (5, 6 §)","Brott mot brottsbalken, 3-7 kap. Brott mot person, 3 kap. Brott mot liv och hälsa, Misshandel inkl. grov (5, 6 §), Indelat efter ålder",False
12563,"Brott mot brottsbalken, 3-7 kap. Brott mot person, 3 kap. Brott mot liv och hälsa, Misshandel inkl. grov (5, 6 §), Indelat efter ålder, Mot kvinna 18 år och äldre (15 år och äldre t.o.m. 2006), Inomhus",6,12140.0,"Brott mot brottsbalken, 3-7 kap. Brott mot person, 3 kap. Brott mot liv och hälsa, Misshandel inkl. grov (5, 6 §), Indelat efter ålder",Brott mot brottsbalken,"Brott mot brottsbalken, 3-7 kap. Brott mot person","Brott mot brottsbalken, 3-7 kap. Brott mot person, 3 kap. Brott mot liv och hälsa","Brott mot brottsbalken, 3-7 kap. Brott mot person, 3 kap. Brott mot liv och hälsa, Misshandel inkl. grov (5, 6 §)","Brott mot brottsbalken, 3-7 kap. Brott mot person, 3 kap. Brott mot liv och hälsa, Misshandel inkl. grov (5, 6 §), Indelat efter ålder",False
12589,"Brott mot brottsbalken, 3-7 kap. Brott mot person, 3 kap. Brott mot liv och hälsa, Misshandel inkl. grov (5, 6 §), Indelat efter ålder, Mot kvinna 18 år och äldre (15 år och äldre t.o.m. 2006), Inomhus, Bekant med offret",6,12140.0,"Brott mot brottsbalken, 3-7 kap. Brott mot person, 3 kap. Brott mot liv och hälsa, Misshandel inkl. grov (5, 6 §), Indelat efter ålder",Brott mot brottsbalken,"Brott mot brottsbalken, 3-7 kap. Brott mot person","Brott mot brottsbalken, 3-7 kap. Brott mot person, 3 kap. Brott mot liv och hälsa","Brott mot brottsbalken, 3-7 kap. Brott mot person, 3 kap. Brott mot liv och hälsa, Misshandel inkl. grov (5, 6 §)","Brott mot brottsbalken, 3-7 kap. Brott mot person, 3 kap. Brott mot liv och hälsa, Misshandel inkl. grov (5, 6 §), Indelat efter ålder",False
12623,"Brott mot brottsbalken, 3-7 kap. Brott mot person, 3 kap. Brott mot liv och hälsa, Misshandel inkl. grov (5, 6 §), Indelat efter ålder, Mot kvinna 18 år och äldre (15 år och äldre t.o.m. 2006), Inomhus, Bekant med offret, Annan slags relation (uppgift saknas)",6,12140.0,"Brott mot brottsbalken, 3-7 kap. Brott mot person, 3 kap. Brott mot liv och hälsa, Misshandel inkl. grov (5, 6 §), Indelat efter ålder",Brott mot brottsbalken,"Brott mot brottsbalken, 3-7 kap. Brott mot person","Brott mot brottsbalken, 3-7 kap. Brott mot person, 3 kap. Brott mot liv och hälsa","Brott mot brottsbalken, 3-7 kap. Brott mot person, 3 kap. Brott mot liv och hälsa, Misshandel inkl. grov (5, 6 §)","Brott mot brottsbalken, 3-7 kap. Brott mot person, 3 kap. Brott mot liv och hälsa, Misshandel inkl. grov (5, 6 §), Indelat efter ålder",False
12620,"Brott mot brottsbalken, 3-7 kap. Brott mot person, 3 kap. Brott mot liv och hälsa, Misshandel inkl. grov (5, 6 §), Indelat efter ålder, Mot kvinna 18 år och äldre (15 år och äldre t.o.m. 2006), Inomhus, Bekant med offret, Närstående genom parrelation (uppgift saknas)",6,12140.0,"Brott mot brottsbalken, 3-7 kap. Brott mot person, 3 kap. Brott mot liv och hälsa, Misshandel inkl. grov (5, 6 §), Indelat efter ålder",Brott mot brottsbalken,"Brott mot brottsbalken, 3-7 kap. Brott mot person","Brott mot brottsbalken, 3-7 kap. Brott mot person, 3 kap. Brott mot liv och hälsa","Brott mot brottsbalken, 3-7 kap. Brott mot person, 3 kap. Brott mot liv och hälsa, Misshandel inkl. grov (5, 6 §)","Brott mot brottsbalken, 3-7 kap. Brott mot person, 3 kap. Brott mot liv och hälsa, Misshandel inkl. grov (5, 6 §), Indelat efter ålder",False
13931,"Brott mot brottsbalken, 3-7 kap. Brott mot person, 3 kap. Brott mot liv och hälsa, Misshandel inkl. grov (5, 6 §), Indelat efter ålder, Mot kvinna 18 år och äldre (15 år och äldre t.o.m. 2006), Inomhus, Bekant med offret, Närstående genom släktskap/familj (uppgift saknas)",6,12140.0,"Brott mot brottsbalken, 3-7 kap. Brott mot person, 3 kap. Brott mot liv och hälsa, Misshandel inkl. grov (5, 6 §), Indelat efter ålder",Brott mot brottsbalken,"Brott mot brottsbalken, 3-7 kap. Brott mot person","Brott mot brottsbalken, 3-7 kap. Brott mot person, 3 kap. Brott mot liv och hälsa","Brott mot brottsbalken, 3-7 kap. Brott mot person, 3 kap. Brott mot liv och hälsa, Misshandel inkl. grov (5, 6 §)","Brott mot brottsbalken, 3-7 kap. Brott mot person, 3 kap. Brott mot liv och hälsa, Misshandel inkl. grov (5, 6 §), Indelat efter ålder",False
12574,"Brott mot brottsbalken, 3-7 kap. Brott mot person, 3 kap. Brott mot liv och hälsa, Misshandel inkl. grov (5, 6 §), Indelat efter ålder, Mot kvinna 18 år och äldre (15 år och äldre t.o.m. 2006), Inomhus, Obekant med offret",6,12140.0,"Brott mot brottsbalken, 3-7 kap. Brott mot person, 3 kap. Brott mot liv och hälsa, Misshandel inkl. grov (5, 6 §), Indelat efter ålder",Brott mot brottsbalken,"Brott mot brottsbalken, 3-7 kap. Brott mot person","Brott mot brottsbalken, 3-7 kap. Brott mot person, 3 kap. Brott mot liv och hälsa","Brott mot brottsbalken, 3-7 kap. Brott mot person, 3 kap. Brott mot liv och hälsa, Misshandel inkl. grov (5, 6 §)","Brott mot brottsbalken, 3-7 kap. Brott mot person, 3 kap. Brott mot liv och hälsa, Misshandel inkl. grov (5, 6 §), Indelat efter ålder",False
12556,"Brott mot brottsbalken, 3-7 kap. Brott mot person, 3 kap. Brott mot liv och hälsa, Misshandel inkl. grov (5, 6 §), Indelat efter ålder, Mot kvinna 18 år och äldre (15 år och äldre t.o.m. 2006), Utomhus",6,12140.0,"Brott mot brottsbalken, 3-7 kap. Brott mot person, 3 kap. Brott mot liv och hälsa, Misshandel inkl. grov (5, 6 §), Indelat efter ålder",Brott mot brottsbalken,"Brott mot brottsbalken, 3-7 kap. Brott mot person","Brott mot brottsbalken, 3-7 kap. Brott mot person, 3 kap. Brott mot liv och hälsa","Brott mot brottsbalken, 3-7 kap. Brott mot person, 3 kap. Brott mot liv och hälsa, Misshandel inkl. grov (5, 6 §)","Brott mot brottsbalken, 3-7 kap. Brott mot person, 3 kap. Brott mot liv och hälsa, Misshandel inkl. grov (5, 6 §), Indelat efter ålder",False
12588,"Brott mot brottsbalken, 3-7 kap. Brott mot person, 3 kap. Brott mot liv och hälsa, Misshandel inkl. grov (5, 6 §), Indelat efter ålder, Mot kvinna 18 år och äldre (15 år och äldre t.o.m. 2006), Utomhus, Bekant med offret",6,12140.0,"Brott mot brottsbalken, 3-7 kap. Brott mot person, 3 kap. Brott mot liv och hälsa, Misshandel inkl. grov (5, 6 §), Indelat efter ålder",Brott mot brottsbalken,"Brott mot brottsbalken, 3-7 kap. Brott mot person","Brott mot brottsbalken, 3-7 kap. Brott mot person, 3 kap. Brott mot liv och hälsa","Brott mot brottsbalken, 3-7 kap. Brott mot person, 3 kap. Brott mot liv och hälsa, Misshandel inkl. grov (5, 6 §)","Brott mot brottsbalken, 3-7 kap. Brott mot person, 3 kap. Brott mot liv och hälsa, Misshandel inkl. grov (5, 6 §), Indelat efter ålder",False
5039,"Brott mot brottsbalken, 3-7 kap. Brott mot person, 3 kap. Brott mot liv och hälsa, Misshandel inkl. grov (5, 6 §), Indelat efter ålder, Mot kvinna 18 år och äldre (15 år och äldre t.o.m. 2006), Utomhus, Bekant med offret, Annan slags relation (uppgift saknas)",6,12140.0,"Brott mot brottsbalken, 3-7 kap. Brott mot person, 3 kap. Brott mot liv och hälsa, Misshandel inkl. grov (5, 6 §), Indelat efter ålder",Brott mot brottsbalken,"Brott mot brottsbalken, 3-7 kap. Brott mot person","Brott mot brottsbalken, 3-7 kap. Brott mot person, 3 kap. Brott mot liv och hälsa","Brott mot brottsbalken, 3-7 kap. Brott mot person, 3 kap. Brott mot liv och hälsa, Misshandel inkl. grov (5, 6 §)","Brott mot brottsbalken, 3-7 kap. Brott mot person, 3 kap. Brott mot liv och hälsa, Misshandel inkl. grov (5, 6 §), Indelat efter ålder",False
5038,"Brott mot brottsbalken, 3-7 kap. Brott mot person, 3 kap. Brott mot liv och hälsa, Misshandel inkl. grov (5, 6 §), Indelat efter ålder, Mot kvinna 18 år och äldre (15 år och äldre t.o.m. 2006), Utomhus, Bekant med offret, Närstående genom parrelation (uppgift saknas)",6,12140.0,"Brott mot brottsbalken, 3-7 kap. Brott mot person, 3 kap. Brott mot liv och hälsa, Misshandel inkl. grov (5, 6 §), Indelat efter ålder",Brott mot brottsbalken,"Brott mot brottsbalken, 3-7 kap. Brott mot person","Brott mot brottsbalken, 3-7 kap. Brott mot person, 3 kap. Brott mot liv och hälsa","Brott mot brottsbalken, 3-7 kap. Brott mot person, 3 kap. Brott mot liv och hälsa, Misshandel inkl. grov (5, 6 §)","Brott mot brottsbalken, 3-7 kap. Brott mot person, 3 kap. Brott mot liv och hälsa, Misshandel inkl. grov (5, 6 §), Indelat efter ålder",False
13929,"Brott mot brottsbalken, 3-7 kap. Brott mot person, 3 kap. Brott mot liv och hälsa, Misshandel inkl. grov (5, 6 §), Indelat efter ålder, Mot kvinna 18 år och äldre (15 år och äldre t.o.m. 2006), Utomhus, Bekant med offret, Närstående genom släktskap/familj (uppgift saknas)",6,12140.0,"Brott mot brottsbalken, 3-7 kap. Brott mot person, 3 kap. Brott mot liv och hälsa, Misshandel inkl. grov (5, 6 §), Indelat efter ålder",Brott mot brottsbalken,"Brott mot brottsbalken, 3-7 kap. Brott mot person","Brott mot brottsbalken, 3-7 kap. Brott mot person, 3 kap. Brott mot liv och hälsa","Brott mot brottsbalken, 3-7 kap. Brott mot person, 3 kap. Brott mot liv och hälsa, Misshandel inkl. grov (5, 6 §)","Brott mot brottsbalken, 3-7 kap. Brott mot person, 3 kap. Brott mot liv och hälsa, Misshandel inkl. grov (5, 6 §), Indelat efter ålder",False
12573,"Brott mot brottsbalken, 3-7 kap. Brott mot person, 3 kap. Brott mot liv och hälsa, Misshandel inkl. grov (5, 6 §), Indelat efter ålder, Mot kvinna 18 år och äldre (15 år och äldre t.o.m. 2006), Utomhus, Obekant med offret",6,12140.0,"Brott mot brottsbalken, 3-7 kap. Brott mot person, 3 kap. Brott mot liv och hälsa, Misshandel inkl. grov (5, 6 §), Indelat efter ålder",Brott mot brottsbalken,"Brott mot brottsbalken, 3-7 kap. Brott mot person","Brott mot brottsbalken, 3-7 kap. Brott mot person, 3 kap. Brott mot liv och hälsa","Brott mot brottsbalken, 3-7 kap. Brott mot person, 3 kap. Brott mot liv och hälsa, Misshandel inkl. grov (5, 6 §)","Brott mot brottsbalken, 3-7 kap. Brott mot person, 3 kap. Brott mot liv och hälsa, Misshandel inkl. grov (5, 6 §), Indelat efter ålder",False
12552,"Brott mot brottsbalken, 3-7 kap. Brott mot person, 3 kap. Brott mot liv och hälsa, Misshandel inkl. grov (5, 6 §), Indelat efter ålder, Mot man 15 år och äldre ",6,12140.0,"Brott mot brottsbalken, 3-7 kap. Brott mot person, 3 kap. Brott mot liv och hälsa, Misshandel inkl. grov (5, 6 §), Indelat efter ålder",Brott mot brottsbalken,"Brott mot brottsbalken, 3-7 kap. Brott mot person","Brott mot brottsbalken, 3-7 kap. Brott mot person, 3 kap. Brott mot liv och hälsa","Brott mot brottsbalken, 3-7 kap. Brott mot person, 3 kap. Brott mot liv och hälsa, Misshandel inkl. grov (5, 6 §)","Brott mot brottsbalken, 3-7 kap. Brott mot person, 3 kap. Brott mot liv och hälsa, Misshandel inkl. grov (5, 6 §), Indelat efter ålder",False
12566,"Brott mot brottsbalken, 3-7 kap. Brott mot person, 3 kap. Brott mot liv och hälsa, Misshandel inkl. grov (5, 6 §), Indelat efter ålder, Mot man 15 år och äldre , Inomhus",6,12140.0,"Brott mot brottsbalken, 3-7 kap. Brott mot person, 3 kap. Brott mot liv och hälsa, Misshandel inkl. grov (5, 6 §), Indelat efter ålder",Brott mot brottsbalken,"Brott mot brottsbalken, 3-7 kap. Brott mot person","Brott mot brottsbalken, 3-7 kap. Brott mot person, 3 kap. Brott mot liv och hälsa","Brott mot brottsbalken, 3-7 kap. Brott mot person, 3 kap. Brott mot liv och hälsa, Misshandel inkl. grov (5, 6 §)","Brott mot brottsbalken, 3-7 kap. Brott mot person, 3 kap. Brott mot liv och hälsa, Misshandel inkl. grov (5, 6 §), Indelat efter ålder",False
12595,"Brott mot brottsbalken, 3-7 kap. Brott mot person, 3 kap. Brott mot liv och hälsa, Misshandel inkl. grov (5, 6 §), Indelat efter ålder, Mot man 15 år och äldre , Inomhus, Bekant med offret",6,12140.0,"Brott mot brottsbalken, 3-7 kap. Brott mot person, 3 kap. Brott mot liv och hälsa, Misshandel inkl. grov (5, 6 §), Indelat efter ålder",Brott mot brottsbalken,"Brott mot brottsbalken, 3-7 kap. Brott mot person","Brott mot brottsbalken, 3-7 kap. Brott mot person, 3 kap. Brott mot liv och hälsa","Brott mot brottsbalken, 3-7 kap. Brott mot person, 3 kap. Brott mot liv och hälsa, Misshandel inkl. grov (5, 6 §)","Brott mot brottsbalken, 3-7 kap. Brott mot person, 3 kap. Brott mot liv och hälsa, Misshandel inkl. grov (5, 6 §), Indelat efter ålder",False
12580,"Brott mot brottsbalken, 3-7 kap. Brott mot person, 3 kap. Brott mot liv och hälsa, Misshandel inkl. grov (5, 6 §), Indelat efter ålder, Mot man 15 år och äldre , Inomhus, Obekant med offret",6,12140.0,"Brott mot brottsbalken, 3-7 kap. Brott mot person, 3 kap. Brott mot liv och hälsa, Misshandel inkl. grov (5, 6 §), Indelat efter ålder",Brott mot brottsbalken,"Brott mot brottsbalken, 3-7 kap. Brott mot person","Brott mot brottsbalken, 3-7 kap. Brott mot person, 3 kap. Brott mot liv och hälsa","Brott mot brottsbalken, 3-7 kap. Brott mot person, 3 kap. Brott mot liv och hälsa, Misshandel inkl. grov (5, 6 §)","Brott mot brottsbalken, 3-7 kap. Brott mot person, 3 kap. Brott mot liv och hälsa, Misshandel inkl. grov (5, 6 §), Indelat efter ålder",False
12559,"Brott mot brottsbalken, 3-7 kap. Brott mot person, 3 kap. Brott mot liv och hälsa, Misshandel inkl. grov (5, 6 §), Indelat efter ålder, Mot man 15 år och äldre , Utomhus",6,12140.0,"Brott mot brottsbalken, 3-7 kap. Brott mot person, 3 kap. Brott mot liv och hälsa, Misshandel inkl. grov (5, 6 §), Indelat efter ålder",Brott mot brottsbalken,"Brott mot brottsbalken, 3-7 kap. Brott mot person","Brott mot brottsbalken, 3-7 kap. Brott mot person, 3 kap. Brott mot liv och hälsa","Brott mot brottsbalken, 3-7 kap. Brott mot person, 3 kap. Brott mot liv och hälsa, Misshandel inkl. grov (5, 6 §)","Brott mot brottsbalken, 3-7 kap. Brott mot person, 3 kap. Brott mot liv och hälsa, Misshandel inkl. grov (5, 6 §), Indelat efter ålder",False
12594,"Brott mot brottsbalken, 3-7 kap. Brott mot person, 3 kap. Brott mot liv och hälsa, Misshandel inkl. grov (5, 6 §), Indelat efter ålder, Mot man 15 år och äldre , Utomhus, Bekant med offret",6,12140.0,"Brott mot brottsbalken, 3-7 kap. Brott mot person, 3 kap. Brott mot liv och hälsa, Misshandel inkl. grov (5, 6 §), Indelat efter ålder",Brott mot brottsbalken,"Brott mot brottsbalken, 3-7 kap. Brott mot person","Brott mot brottsbalken, 3-7 kap. Brott mot person, 3 kap. Brott mot liv och hälsa","Brott mot brottsbalken, 3-7 kap. Brott mot person, 3 kap. Brott mot liv och hälsa, Misshandel inkl. grov (5, 6 §)","Brott mot brottsbalken, 3-7 kap. Brott mot person, 3 kap. Brott mot liv och hälsa, Misshandel inkl. grov (5, 6 §), Indelat efter ålder",False
12579,"Brott mot brottsbalken, 3-7 kap. Brott mot person, 3 kap. Brott mot liv och hälsa, Misshandel inkl. grov (5, 6 §), Indelat efter ålder, Mot man 15 år och äldre , Utomhus, Obekant med offret",6,12140.0,"Brott mot brottsbalken, 3-7 kap. Brott mot person, 3 kap. Brott mot liv och hälsa, Misshandel inkl. grov (5, 6 §), Indelat efter ålder",Brott mot brottsbalken,"Brott mot brottsbalken, 3-7 kap. Brott mot person","Brott mot brottsbalken, 3-7 kap. Brott mot person, 3 kap. Brott mot liv och hälsa","Brott mot brottsbalken, 3-7 kap. Brott mot person, 3 kap. Brott mot liv och hälsa, Misshandel inkl. grov (5, 6 §)","Brott mot brottsbalken, 3-7 kap. Brott mot person, 3 kap. Brott mot liv och hälsa, Misshandel inkl. grov (5, 6 §), Indelat efter ålder",False
12550,"Brott mot brottsbalken, 3-7 kap. Brott mot person, 3 kap. Brott mot liv och hälsa, Misshandel inkl. grov (5, 6 §), Indelat efter ålder, Mot man 18 år och äldre (15 år och äldre t.o.m. 2006)",6,12140.0,"Brott mot brottsbalken, 3-7 kap. Brott mot person, 3 kap. Brott mot liv och hälsa, Misshandel inkl. grov (5, 6 §), Indelat efter ålder",Brott mot brottsbalken,"Brott mot brottsbalken, 3-7 kap. Brott mot person","Brott mot brottsbalken, 3-7 kap. Brott mot person, 3 kap. Brott mot liv och hälsa","Brott mot brottsbalken, 3-7 kap. Brott mot person, 3 kap. Brott mot liv och hälsa, Misshandel inkl. grov (5, 6 §)","Brott mot brottsbalken, 3-7 kap. Brott mot person, 3 kap. Brott mot liv och hälsa, Misshandel inkl. grov (5, 6 §), Indelat efter ålder",False
12564,"Brott mot brottsbalken, 3-7 kap. Brott mot person, 3 kap. Brott mot liv och hälsa, Misshandel inkl. grov (5, 6 §), Indelat efter ålder, Mot man 18 år och äldre (15 år och äldre t.o.m. 2006), Inomhus",6,12140.0,"Brott mot brottsbalken, 3-7 kap. Brott mot person, 3 kap. Brott mot liv och hälsa, Misshandel inkl. grov (5, 6 §), Indelat efter ålder",Brott mot brottsbalken,"Brott mot brottsbalken, 3-7 kap. Brott mot person","Brott mot brottsbalken, 3-7 kap. Brott mot person, 3 kap. Brott mot liv och hälsa","Brott mot brottsbalken, 3-7 kap. Brott mot person, 3 kap. Brott mot liv och hälsa, Misshandel inkl. grov (5, 6 §)","Brott mot brottsbalken, 3-7 kap. Brott mot person, 3 kap. Brott mot liv och hälsa, Misshandel inkl. grov (5, 6 §), Indelat efter ålder",False
12591,"Brott mot brottsbalken, 3-7 kap. Brott mot person, 3 kap. Brott mot liv och hälsa, Misshandel inkl. grov (5, 6 §), Indelat efter ålder, Mot man 18 år och äldre (15 år och äldre t.o.m. 2006), Inomhus, Bekant med offret",6,12140.0,"Brott mot brottsbalken, 3-7 kap. Brott mot person, 3 kap. Brott mot liv och hälsa, Misshandel inkl. grov (5, 6 §), Indelat efter ålder",Brott mot brottsbalken,"Brott mot brottsbalken, 3-7 kap. Brott mot person","Brott mot brottsbalken, 3-7 kap. Brott mot person, 3 kap. Brott mot liv och hälsa","Brott mot brottsbalken, 3-7 kap. Brott mot person, 3 kap. Brott mot liv och hälsa, Misshandel inkl. grov (5, 6 §)","Brott mot brottsbalken, 3-7 kap. Brott mot person, 3 kap. Brott mot liv och hälsa, Misshandel inkl. grov (5, 6 §), Indelat efter ålder",False
12622,"Brott mot brottsbalken, 3-7 kap. Brott mot person, 3 kap. Brott mot liv och hälsa, Misshandel inkl. grov (5, 6 §), Indelat efter ålder, Mot man 18 år och äldre (15 år och äldre t.o.m. 2006), Inomhus, Bekant med offret, Annan slags relation (uppgift saknas)",6,12140.0,"Brott mot brottsbalken, 3-7 kap. Brott mot person, 3 kap. Brott mot liv och hälsa, Misshandel inkl. grov (5, 6 §), Indelat efter ålder",Brott mot brottsbalken,"Brott mot brottsbalken, 3-7 kap. Brott mot person","Brott mot brottsbalken, 3-7 kap. Brott mot person, 3 kap. Brott mot liv och hälsa","Brott mot brottsbalken, 3-7 kap. Brott mot person, 3 kap. Brott mot liv och hälsa, Misshandel inkl. grov (5, 6 §)","Brott mot brottsbalken, 3-7 kap. Brott mot person, 3 kap. Brott mot liv och hälsa, Misshandel inkl. grov (5, 6 §), Indelat efter ålder",False
12621,"Brott mot brottsbalken, 3-7 kap. Brott mot person, 3 kap. Brott mot liv och hälsa, Misshandel inkl. grov (5, 6 §), Indelat efter ålder, Mot man 18 år och äldre (15 år och äldre t.o.m. 2006), Inomhus, Bekant med offret, Närstående genom parrelation (uppgift saknas)",6,12140.0,"Brott mot brottsbalken, 3-7 kap. Brott mot person, 3 kap. Brott mot liv och hälsa, Misshandel inkl. grov (5, 6 §), Indelat efter ålder",Brott mot brottsbalken,"Brott mot brottsbalken, 3-7 kap. Brott mot person","Brott mot brottsbalken, 3-7 kap. Brott mot person, 3 kap. Brott mot liv och hälsa","Brott mot brottsbalken, 3-7 kap. Brott mot person, 3 kap. Brott mot liv och hälsa, Misshandel inkl. grov (5, 6 §)","Brott mot brottsbalken, 3-7 kap. Brott mot person, 3 kap. Brott mot liv och hälsa, Misshandel inkl. grov (5, 6 §), Indelat efter ålder",False
13932,"Brott mot brottsbalken, 3-7 kap. Brott mot person, 3 kap. Brott mot liv och hälsa, Misshandel inkl. grov (5, 6 §), Indelat efter ålder, Mot man 18 år och äldre (15 år och äldre t.o.m. 2006), Inomhus, Bekant med offret, Närstående genom släktskap/familj (uppgift saknas)",6,12140.0,"Brott mot brottsbalken, 3-7 kap. Brott mot person, 3 kap. Brott mot liv och hälsa, Misshandel inkl. grov (5, 6 §), Indelat efter ålder",Brott mot brottsbalken,"Brott mot brottsbalken, 3-7 kap. Brott mot person","Brott mot brottsbalken, 3-7 kap. Brott mot person, 3 kap. Brott mot liv och hälsa","Brott mot brottsbalken, 3-7 kap. Brott mot person, 3 kap. Brott mot liv och hälsa, Misshandel inkl. grov (5, 6 §)","Brott mot brottsbalken, 3-7 kap. Brott mot person, 3 kap. Brott mot liv och hälsa, Misshandel inkl. grov (5, 6 §), Indelat efter ålder",False
12576,"Brott mot brottsbalken, 3-7 kap. Brott mot person, 3 kap. Brott mot liv och hälsa, Misshandel inkl. grov (5, 6 §), Indelat efter ålder, Mot man 18 år och äldre (15 år och äldre t.o.m. 2006), Inomhus, Obekant med offret",6,12140.0,"Brott mot brottsbalken, 3-7 kap. Brott mot person, 3 kap. Brott mot liv och hälsa, Misshandel inkl. grov (5, 6 §), Indelat efter ålder",Brott mot brottsbalken,"Brott mot brottsbalken, 3-7 kap. Brott mot person","Brott mot brottsbalken, 3-7 kap. Brott mot person, 3 kap. Brott mot liv och hälsa","Brott mot brottsbalken, 3-7 kap. Brott mot person, 3 kap. Brott mot liv och hälsa, Misshandel inkl. grov (5, 6 §)","Brott mot brottsbalken, 3-7 kap. Brott mot person, 3 kap. Brott mot liv och hälsa, Misshandel inkl. grov (5, 6 §), Indelat efter ålder",False
12557,"Brott mot brottsbalken, 3-7 kap. Brott mot person, 3 kap. Brott mot liv och hälsa, Misshandel inkl. grov (5, 6 §), Indelat efter ålder, Mot man 18 år och äldre (15 år och äldre t.o.m. 2006), Utomhus",6,12140.0,"Brott mot brottsbalken, 3-7 kap. Brott mot person, 3 kap. Brott mot liv och hälsa, Misshandel inkl. grov (5, 6 §), Indelat efter ålder",Brott mot brottsbalken,"Brott mot brottsbalken, 3-7 kap. Brott mot person","Brott mot brottsbalken, 3-7 kap. Brott mot person, 3 kap. Brott mot liv och hälsa","Brott mot brottsbalken, 3-7 kap. Brott mot person, 3 kap. Brott mot liv och hälsa, Misshandel inkl. grov (5, 6 §)","Brott mot brottsbalken, 3-7 kap. Brott mot person, 3 kap. Brott mot liv och hälsa, Misshandel inkl. grov (5, 6 §), Indelat efter ålder",False
12590,"Brott mot brottsbalken, 3-7 kap. Brott mot person, 3 kap. Brott mot liv och hälsa, Misshandel inkl. grov (5, 6 §), Indelat efter ålder, Mot man 18 år och äldre (15 år och äldre t.o.m. 2006), Utomhus, Bekant med offret",6,12140.0,"Brott mot brottsbalken, 3-7 kap. Brott mot person, 3 kap. Brott mot liv och hälsa, Misshandel inkl. grov (5, 6 §), Indelat efter ålder",Brott mot brottsbalken,"Brott mot brottsbalken, 3-7 kap. Brott mot person","Brott mot brottsbalken, 3-7 kap. Brott mot person, 3 kap. Brott mot liv och hälsa","Brott mot brottsbalken, 3-7 kap. Brott mot person, 3 kap. Brott mot liv och hälsa, Misshandel inkl. grov (5, 6 §)","Brott mot brottsbalken, 3-7 kap. Brott mot person, 3 kap. Brott mot liv och hälsa, Misshandel inkl. grov (5, 6 §), Indelat efter ålder",False
5040,"Brott mot brottsbalken, 3-7 kap. Brott mot person, 3 kap. Brott mot liv och hälsa, Misshandel inkl. grov (5, 6 §), Indelat efter ålder, Mot man 18 år och äldre (15 år och äldre t.o.m. 2006), Utomhus, Bekant med offret, Annan slags relation (uppgift saknas)",6,12140.0,"Brott mot brottsbalken, 3-7 kap. Brott mot person, 3 kap. Brott mot liv och hälsa, Misshandel inkl. grov (5, 6 §), Indelat efter ålder",Brott mot brottsbalken,"Brott mot brottsbalken, 3-7 kap. Brott mot person","Brott mot brottsbalken, 3-7 kap. Brott mot person, 3 kap. Brott mot liv och hälsa","Brott mot brottsbalken, 3-7 kap. Brott mot person, 3 kap. Brott mot liv och hälsa, Misshandel inkl. grov (5, 6 §)","Brott mot brottsbalken, 3-7 kap. Brott mot person, 3 kap. Brott mot liv och hälsa, Misshandel inkl. grov (5, 6 §), Indelat efter ålder",False
5041,"Brott mot brottsbalken, 3-7 kap. Brott mot person, 3 kap. Brott mot liv och hälsa, Misshandel inkl. grov (5, 6 §), Indelat efter ålder, Mot man 18 år och äldre (15 år och äldre t.o.m. 2006), Utomhus, Bekant med offret, Närstående genom parrelation (uppgift saknas)",6,12140.0,"Brott mot brottsbalken, 3-7 kap. Brott mot person, 3 kap. Brott mot liv och hälsa, Misshandel inkl. grov (5, 6 §), Indelat efter ålder",Brott mot brottsbalken,"Brott mot brottsbalken, 3-7 kap. Brott mot person","Brott mot brottsbalken, 3-7 kap. Brott mot person, 3 kap. Brott mot liv och hälsa","Brott mot brottsbalken, 3-7 kap. Brott mot person, 3 kap. Brott mot liv och hälsa, Misshandel inkl. grov (5, 6 §)","Brott mot brottsbalken, 3-7 kap. Brott mot person, 3 kap. Brott mot liv och hälsa, Misshandel inkl. grov (5, 6 §), Indelat efter ålder",False
13930,"Brott mot brottsbalken, 3-7 kap. Brott mot person, 3 kap. Brott mot liv och hälsa, Misshandel inkl. grov (5, 6 §), Indelat efter ålder, Mot man 18 år och äldre (15 år och äldre t.o.m. 2006), Utomhus, Bekant med offret, Närstående genom släktskap/familj (uppgift saknas)",6,12140.0,"Brott mot brottsbalken, 3-7 kap. Brott mot person, 3 kap. Brott mot liv och hälsa, Misshandel inkl. grov (5, 6 §), Indelat efter ålder",Brott mot brottsbalken,"Brott mot brottsbalken, 3-7 kap. Brott mot person","Brott mot brottsbalken, 3-7 kap. Brott mot person, 3 kap. Brott mot liv och hälsa","Brott mot brottsbalken, 3-7 kap. Brott mot person, 3 kap. Brott mot liv och hälsa, Misshandel inkl. grov (5, 6 §)","Brott mot brottsbalken, 3-7 kap. Brott mot person, 3 kap. Brott mot liv och hälsa, Misshandel inkl. grov (5, 6 §), Indelat efter ålder",False
12575,"Brott mot brottsbalken, 3-7 kap. Brott mot person, 3 kap. Brott mot liv och hälsa, Misshandel inkl. grov (5, 6 §), Indelat efter ålder, Mot man 18 år och äldre (15 år och äldre t.o.m. 2006), Utomhus, Obekant med offret",6,12140.0,"Brott mot brottsbalken, 3-7 kap. Brott mot person, 3 kap. Brott mot liv och hälsa, Misshandel inkl. grov (5, 6 §), Indelat efter ålder",Brott mot brottsbalken,"Brott mot brottsbalken, 3-7 kap. Brott mot person","Brott mot brottsbalken, 3-7 kap. Brott mot person, 3 kap. Brott mot liv och hälsa","Brott mot brottsbalken, 3-7 kap. Brott mot person, 3 kap. Brott mot liv och hälsa, Misshandel inkl. grov (5, 6 §)","Brott mot brottsbalken, 3-7 kap. Brott mot person, 3 kap. Brott mot liv och hälsa, Misshandel inkl. grov (5, 6 §), Indelat efter ålder",False
12919,"Brott mot brottsbalken, 3-7 kap. Brott mot person, 6 kap. Sexualbrott, Våldtäkt inkl. grov (1, 4 §), Indelat efter kön (ej mot barn under 15 år t.o.m. 2007), Mot flickor och kvinnor (ej mot barn under 15 år t.o.m. 2007)",6,12819.0,"Brott mot brottsbalken, 3-7 kap. Brott mot person, 6 kap. Sexualbrott, Våldtäkt inkl. grov (1, 4 §), Indelat efter kön (ej mot barn under 15 år t.o.m. 2007)",Brott mot brottsbalken,"Brott mot brottsbalken, 3-7 kap. Brott mot person","Brott mot brottsbalken, 3-7 kap. Brott mot person, 6 kap. Sexualbrott","Brott mot brottsbalken, 3-7 kap. Brott mot person, 6 kap. Sexualbrott, Våldtäkt inkl. grov (1, 4 §)","Brott mot brottsbalken, 3-7 kap. Brott mot person, 6 kap. Sexualbrott, Våldtäkt inkl. grov (1, 4 §), Indelat efter kön (ej mot barn under 15 år t.o.m. 2007)",False
12923,"Brott mot brottsbalken, 3-7 kap. Brott mot person, 6 kap. Sexualbrott, Våldtäkt inkl. grov (1, 4 §), Indelat efter kön (ej mot barn under 15 år t.o.m. 2007), Mot flickor och kvinnor (ej mot barn under 15 år t.o.m. 2007), Mot flicka 15-17 år (1, 4 §) ",6,12819.0,"Brott mot brottsbalken, 3-7 kap. Brott mot person, 6 kap. Sexualbrott, Våldtäkt inkl. grov (1, 4 §), Indelat efter kön (ej mot barn under 15 år t.o.m. 2007)",Brott mot brottsbalken,"Brott mot brottsbalken, 3-7 kap. Brott mot person","Brott mot brottsbalken, 3-7 kap. Brott mot person, 6 kap. Sexualbrott","Brott mot brottsbalken, 3-7 kap. Brott mot person, 6 kap. Sexualbrott, Våldtäkt inkl. grov (1, 4 §)","Brott mot brottsbalken, 3-7 kap. Brott mot person, 6 kap. Sexualbrott, Våldtäkt inkl. grov (1, 4 §), Indelat efter kön (ej mot barn under 15 år t.o.m. 2007)",False
12928,"Brott mot brottsbalken, 3-7 kap. Brott mot person, 6 kap. Sexualbrott, Våldtäkt inkl. grov (1, 4 §), Indelat efter kön (ej mot barn under 15 år t.o.m. 2007), Mot flickor och kvinnor (ej mot barn under 15 år t.o.m. 2007), Mot flicka 15-17 år (1, 4 §) , Fullbordad våldtäkt",6,12819.0,"Brott mot brottsbalken, 3-7 kap. Brott mot person, 6 kap. Sexualbrott, Våldtäkt inkl. grov (1, 4 §), Indelat efter kön (ej mot barn under 15 år t.o.m. 2007)",Brott mot brottsbalken,"Brott mot brottsbalken, 3-7 kap. Brott mot person","Brott mot brottsbalken, 3-7 kap. Brott mot person, 6 kap. Sexualbrott","Brott mot brottsbalken, 3-7 kap. Brott mot person, 6 kap. Sexualbrott, Våldtäkt inkl. grov (1, 4 §)","Brott mot brottsbalken, 3-7 kap. Brott mot person, 6 kap. Sexualbrott, Våldtäkt inkl. grov (1, 4 §), Indelat efter kön (ej mot barn under 15 år t.o.m. 2007)",False
12953,"Brott mot brottsbalken, 3-7 kap. Brott mot person, 6 kap. Sexualbrott, Våldtäkt inkl. grov (1, 4 §), Indelat efter kön (ej mot barn under 15 år t.o.m. 2007), Mot flickor och kvinnor (ej mot barn under 15 år t.o.m. 2007), Mot flicka 15-17 år (1, 4 §) , Fullbordad våldtäkt, Inomhus (t.o.m. 2024)",6,12819.0,"Brott mot brottsbalken, 3-7 kap. Brott mot person, 6 kap. Sexualbrott, Våldtäkt inkl. grov (1, 4 §), Indelat efter kön (ej mot barn under 15 år t.o.m. 2007)",Brott mot brottsbalken,"Brott mot brottsbalken, 3-7 kap. Brott mot person","Brott mot brottsbalken, 3-7 kap. Brott mot person, 6 kap. Sexualbrott","Brott mot brottsbalken, 3-7 kap. Brott mot person, 6 kap. Sexualbrott, Våldtäkt inkl. grov (1, 4 §)","Brott mot brottsbalken, 3-7 kap. Brott mot person, 6 kap. Sexualbrott, Våldtäkt inkl. grov (1, 4 §), Indelat efter kön (ej mot barn under 15 år t.o.m. 2007)",False
12941,"Brott mot brottsbalken, 3-7 kap. Brott mot person, 6 kap. Sexualbrott, Våldtäkt inkl. grov (1, 4 §), Indelat efter kön (ej mot barn under 15 år t.o.m. 2007), Mot flickor och kvinnor (ej mot barn under 15 år t.o.m. 2007), Mot flicka 15-17 år (1, 4 §) , Fullbordad våldtäkt, Utomhus (t.o.m. 2024)",6,12819.0,"Brott mot brottsbalken, 3-7 kap. Brott mot person, 6 kap. Sexualbrott, Våldtäkt inkl. grov (1, 4 §), Indelat efter kön (ej mot barn under 15 år t.o.m. 2007)",Brott mot brottsbalken,"Brott mot brottsbalken, 3-7 kap. Brott mot person","Brott mot brottsbalken, 3-7 kap. Brott mot person, 6 kap. Sexualbrott","Brott mot brottsbalken, 3-7 kap. Brott mot person, 6 kap. Sexualbrott, Våldtäkt inkl. grov (1, 4 §)","Brott mot brottsbalken, 3-7 kap. Brott mot person, 6 kap. Sexualbrott, Våldtäkt inkl. grov (1, 4 §), Indelat efter kön (ej mot barn under 15 år t.o.m. 2007)",False
12934,"Brott mot brottsbalken, 3-7 kap. Brott mot person, 6 kap. Sexualbrott, Våldtäkt inkl. grov (1, 4 §), Indelat efter kön (ej mot barn under 15 år t.o.m. 2007), Mot flickor och kvinnor (ej mot barn under 15 år t.o.m. 2007), Mot flicka 15-17 år (1, 4 §) , Försök till våldtäkt",6,12819.0,"Brott mot brottsbalken, 3-7 kap. Brott mot person, 6 kap. Sexualbrott, Våldtäkt inkl. grov (1, 4 §), Indelat efter kön (ej mot barn under 15 år t.o.m. 2007)",Brott mot brottsbalken,"Brott mot brottsbalken, 3-7 kap. Brott mot person","Brott mot brottsbalken, 3-7 kap. Brott mot person, 6 kap. Sexualbrott","Brott mot brottsbalken, 3-7 kap. Brott mot person, 6 kap. Sexualbrott, Våldtäkt inkl. grov (1, 4 §)","Brott mot brottsbalken, 3-7 kap. Brott mot person, 6 kap. Sexualbrott, Våldtäkt inkl. grov (1, 4 §), Indelat efter kön (ej mot barn under 15 år t.o.m. 2007)",False
12954,"Brott mot brottsbalken, 3-7 kap. Brott mot person, 6 kap. Sexualbrott, Våldtäkt inkl. grov (1, 4 §), Indelat efter kön (ej mot barn under 15 år t.o.m. 2007), Mot flickor och kvinnor (ej mot barn under 15 år t.o.m. 2007), Mot flicka 15-17 år (1, 4 §) , Försök till våldtäkt, Inomhus (t.o.m. 2024)",6,12819.0,"Brott mot brottsbalken, 3-7 kap. Brott mot person, 6 kap. Sexualbrott, Våldtäkt inkl. grov (1, 4 §), Indelat efter kön (ej mot barn under 15 år t.o.m. 2007)",Brott mot brottsbalken,"Brott mot brottsbalken, 3-7 kap. Brott mot person","Brott mot brottsbalken, 3-7 kap. Brott mot person, 6 kap. Sexualbrott","Brott mot brottsbalken, 3-7 kap. Brott mot person, 6 kap. Sexualbrott, Våldtäkt inkl. grov (1, 4 §)","Brott mot brottsbalken, 3-7 kap. Brott mot person, 6 kap. Sexualbrott, Våldtäkt inkl. grov (1, 4 §), Indelat efter kön (ej mot barn under 15 år t.o.m. 2007)",False
12942,"Brott mot brottsbalken, 3-7 kap. Brott mot person, 6 kap. Sexualbrott, Våldtäkt inkl. grov (1, 4 §), Indelat efter kön (ej mot barn under 15 år t.o.m. 2007), Mot flickor och kvinnor (ej mot barn under 15 år t.o.m. 2007), Mot flicka 15-17 år (1, 4 §) , Försök till våldtäkt, Utomhus (t.o.m. 2024)",6,12819.0,"Brott mot brottsbalken, 3-7 kap. Brott mot person, 6 kap. Sexualbrott, Våldtäkt inkl. grov (1, 4 §), Indelat efter kön (ej mot barn under 15 år t.o.m. 2007)",Brott mot brottsbalken,"Brott mot brottsbalken, 3-7 kap. Brott mot person","Brott mot brottsbalken, 3-7 kap. Brott mot person, 6 kap. Sexualbrott","Brott mot brottsbalken, 3-7 kap. Brott mot person, 6 kap. Sexualbrott, Våldtäkt inkl. grov (1, 4 §)","Brott mot brottsbalken, 3-7 kap. Brott mot person, 6 kap. Sexualbrott, Våldtäkt inkl. grov (1, 4 §), Indelat efter kön (ej mot barn under 15 år t.o.m. 2007)",False
12921,"Brott mot brottsbalken, 3-7 kap. Brott mot person, 6 kap. Sexualbrott, Våldtäkt inkl. grov (1, 4 §), Indelat efter kön (ej mot barn under 15 år t.o.m. 2007), Mot flickor och kvinnor (ej mot barn under 15 år t.o.m. 2007), Mot flicka under 15 år (4 §)",6,12819.0,"Brott mot brottsbalken, 3-7 kap. Brott mot person, 6 kap. Sexualbrott, Våldtäkt inkl. grov (1, 4 §), Indelat efter kön (ej mot barn under 15 år t.o.m. 2007)",Brott mot brottsbalken,"Brott mot brottsbalken, 3-7 kap. Brott mot person","Brott mot brottsbalken, 3-7 kap. Brott mot person, 6 kap. Sexualbrott","Brott mot brottsbalken, 3-7 kap. Brott mot person, 6 kap. Sexualbrott, Våldtäkt inkl. grov (1, 4 §)","Brott mot brottsbalken, 3-7 kap. Brott mot person, 6 kap. Sexualbrott, Våldtäkt inkl. grov (1, 4 §), Indelat efter kön (ej mot barn under 15 år t.o.m. 2007)",False
12927,"Brott mot brottsbalken, 3-7 kap. Brott mot person, 6 kap. Sexualbrott, Våldtäkt inkl. grov (1, 4 §), Indelat efter kön (ej mot barn under 15 år t.o.m. 2007), Mot flickor och kvinnor (ej mot barn under 15 år t.o.m. 2007), Mot flicka under 15 år (4 §), Fullbordad våldtäkt",6,12819.0,"Brott mot brottsbalken, 3-7 kap. Brott mot person, 6 kap. Sexualbrott, Våldtäkt inkl. grov (1, 4 §), Indelat efter kön (ej mot barn under 15 år t.o.m. 2007)",Brott mot brottsbalken,"Brott mot brottsbalken, 3-7 kap. Brott mot person","Brott mot brottsbalken, 3-7 kap. Brott mot person, 6 kap. Sexualbrott","Brott mot brottsbalken, 3-7 kap. Brott mot person, 6 kap. Sexualbrott, Våldtäkt inkl. grov (1, 4 §)","Brott mot brottsbalken, 3-7 kap. Brott mot person, 6 kap. Sexualbrott, Våldtäkt inkl. grov (1, 4 §), Indelat efter kön (ej mot barn under 15 år t.o.m. 2007)",False
12951,"Brott mot brottsbalken, 3-7 kap. Brott mot person, 6 kap. Sexualbrott, Våldtäkt inkl. grov (1, 4 §), Indelat efter kön (ej mot barn under 15 år t.o.m. 2007), Mot flickor och kvinnor (ej mot barn under 15 år t.o.m. 2007), Mot flicka under 15 år (4 §), Fullbordad våldtäkt, Inomhus (t.o.m. 2024)",6,12819.0,"Brott mot brottsbalken, 3-7 kap. Brott mot person, 6 kap. Sexualbrott, Våldtäkt inkl. grov (1, 4 §), Indelat efter kön (ej mot barn under 15 år t.o.m. 2007)",Brott mot brottsbalken,"Brott mot brottsbalken, 3-7 kap. Brott mot person","Brott mot brottsbalken, 3-7 kap. Brott mot person, 6 kap. Sexualbrott","Brott mot brottsbalken, 3-7 kap. Brott mot person, 6 kap. Sexualbrott, Våldtäkt inkl. grov (1, 4 §)","Brott mot brottsbalken, 3-7 kap. Brott mot person, 6 kap. Sexualbrott, Våldtäkt inkl. grov (1, 4 §), Indelat efter kön (ej mot barn under 15 år t.o.m. 2007)",False
12939,"Brott mot brottsbalken, 3-7 kap. Brott mot person, 6 kap. Sexualbrott, Våldtäkt inkl. grov (1, 4 §), Indelat efter kön (ej mot barn under 15 år t.o.m. 2007), Mot flickor och kvinnor (ej mot barn under 15 år t.o.m. 2007), Mot flicka under 15 år (4 §), Fullbordad våldtäkt, Utomhus (t.o.m. 2024)",6,12819.0,"Brott mot brottsbalken, 3-7 kap. Brott mot person, 6 kap. Sexualbrott, Våldtäkt inkl. grov (1, 4 §), Indelat efter kön (ej mot barn under 15 år t.o.m. 2007)",Brott mot brottsbalken,"Brott mot brottsbalken, 3-7 kap. Brott mot person","Brott mot brottsbalken, 3-7 kap. Brott mot person, 6 kap. Sexualbrott","Brott mot brottsbalken, 3-7 kap. Brott mot person, 6 kap. Sexualbrott, Våldtäkt inkl. grov (1, 4 §)","Brott mot brottsbalken, 3-7 kap. Brott mot person, 6 kap. Sexualbrott, Våldtäkt inkl. grov (1, 4 §), Indelat efter kön (ej mot barn under 15 år t.o.m. 2007)",False
12933,"Brott mot brottsbalken, 3-7 kap. Brott mot person, 6 kap. Sexualbrott, Våldtäkt inkl. grov (1, 4 §), Indelat efter kön (ej mot barn under 15 år t.o.m. 2007), Mot flickor och kvinnor (ej mot barn under 15 år t.o.m. 2007), Mot flicka under 15 år (4 §), Försök till våldtäkt",6,12819.0,"Brott mot brottsbalken, 3-7 kap. Brott mot person, 6 kap. Sexualbrott, Våldtäkt inkl. grov (1, 4 §), Indelat efter kön (ej mot barn under 15 år t.o.m. 2007)",Brott mot brottsbalken,"Brott mot brottsbalken, 3-7 kap. Brott mot person","Brott mot brottsbalken, 3-7 kap. Brott mot person, 6 kap. Sexualbrott","Brott mot brottsbalken, 3-7 kap. Brott mot person, 6 kap. Sexualbrott, Våldtäkt inkl. grov (1, 4 §)","Brott mot brottsbalken, 3-7 kap. Brott mot person, 6 kap. Sexualbrott, Våldtäkt inkl. grov (1, 4 §), Indelat efter kön (ej mot barn under 15 år t.o.m. 2007)",False
12952,"Brott mot brottsbalken, 3-7 kap. Brott mot person, 6 kap. Sexualbrott, Våldtäkt inkl. grov (1, 4 §), Indelat efter kön (ej mot barn under 15 år t.o.m. 2007), Mot flickor och kvinnor (ej mot barn under 15 år t.o.m. 2007), Mot flicka under 15 år (4 §), Försök till våldtäkt, Inomhus (t.o.m. 2024)",6,12819.0,"Brott mot brottsbalken, 3-7 kap. Brott mot person, 6 kap. Sexualbrott, Våldtäkt inkl. grov (1, 4 §), Indelat efter kön (ej mot barn under 15 år t.o.m. 2007)",Brott mot brottsbalken,"Brott mot brottsbalken, 3-7 kap. Brott mot person","Brott mot brottsbalken, 3-7 kap. Brott mot person, 6 kap. Sexualbrott","Brott mot brottsbalken, 3-7 kap. Brott mot person, 6 kap. Sexualbrott, Våldtäkt inkl. grov (1, 4 §)","Brott mot brottsbalken, 3-7 kap. Brott mot person, 6 kap. Sexualbrott, Våldtäkt inkl. grov (1, 4 §), Indelat efter kön (ej mot barn under 15 år t.o.m. 2007)",False
12940,"Brott mot brottsbalken, 3-7 kap. Brott mot person, 6 kap. Sexualbrott, Våldtäkt inkl. grov (1, 4 §), Indelat efter kön (ej mot barn under 15 år t.o.m. 2007), Mot flickor och kvinnor (ej mot barn under 15 år t.o.m. 2007), Mot flicka under 15 år (4 §), Försök till våldtäkt, Utomhus (t.o.m. 2024)",6,12819.0,"Brott mot brottsbalken, 3-7 kap. Brott mot person, 6 kap. Sexualbrott, Våldtäkt inkl. grov (1, 4 §), Indelat efter kön (ej mot barn under 15 år t.o.m. 2007)",Brott mot brottsbalken,"Brott mot brottsbalken, 3-7 kap. Brott mot person","Brott mot brottsbalken, 3-7 kap. Brott mot person, 6 kap. Sexualbrott","Brott mot brottsbalken, 3-7 kap. Brott mot person, 6 kap. Sexualbrott, Våldtäkt inkl. grov (1, 4 §)","Brott mot brottsbalken, 3-7 kap. Brott mot person, 6 kap. Sexualbrott, Våldtäkt inkl. grov (1, 4 §), Indelat efter kön (ej mot barn under 15 år t.o.m. 2007)",False
12925,"Brott mot brottsbalken, 3-7 kap. Brott mot person, 6 kap. Sexualbrott, Våldtäkt inkl. grov (1, 4 §), Indelat efter kön (ej mot barn under 15 år t.o.m. 2007), Mot flickor och kvinnor (ej mot barn under 15 år t.o.m. 2007), Mot kvinna 18 år eller äldre (1 §) (15 år och äldre t.o.m. 2006)",6,12819.0,"Brott mot brottsbalken, 3-7 kap. Brott mot person, 6 kap. Sexualbrott, Våldtäkt inkl. grov (1, 4 §), Indelat efter kön (ej mot barn under 15 år t.o.m. 2007)",Brott mot brottsbalken,"Brott mot brottsbalken, 3-7 kap. Brott mot person","Brott mot brottsbalken, 3-7 kap. Brott mot person, 6 kap. Sexualbrott","Brott mot brottsbalken, 3-7 kap. Brott mot person, 6 kap. Sexualbrott, Våldtäkt inkl. grov (1, 4 §)","Brott mot brottsbalken, 3-7 kap. Brott mot person, 6 kap. Sexualbrott, Våldtäkt inkl. grov (1, 4 §), Indelat efter kön (ej mot barn under 15 år t.o.m. 2007)",False
12929,"Brott mot brottsbalken, 3-7 kap. Brott mot person, 6 kap. Sexualbrott, Våldtäkt inkl. grov (1, 4 §), Indelat efter kön (ej mot barn under 15 år t.o.m. 2007), Mot flickor och kvinnor (ej mot barn under 15 år t.o.m. 2007), Mot kvinna 18 år eller äldre (1 §) (15 år och äldre t.o.m. 2006), Fullbordad våldtäkt",6,12819.0,"Brott mot brottsbalken, 3-7 kap. Brott mot person, 6 kap. Sexualbrott, Våldtäkt inkl. grov (1, 4 §), Indelat efter kön (ej mot barn under 15 år t.o.m. 2007)",Brott mot brottsbalken,"Brott mot brottsbalken, 3-7 kap. Brott mot person","Brott mot brottsbalken, 3-7 kap. Brott mot person, 6 kap. Sexualbrott","Brott mot brottsbalken, 3-7 kap. Brott mot person, 6 kap. Sexualbrott, Våldtäkt inkl. grov (1, 4 §)","Brott mot brottsbalken, 3-7 kap. Brott mot person, 6 kap. Sexualbrott, Våldtäkt inkl. grov (1, 4 §), Indelat efter kön (ej mot barn under 15 år t.o.m. 2007)",False
12955,"Brott mot brottsbalken, 3-7 kap. Brott mot person, 6 kap. Sexualbrott, Våldtäkt inkl. grov (1, 4 §), Indelat efter kön (ej mot barn under 15 år t.o.m. 2007), Mot flickor och kvinnor (ej mot barn under 15 år t.o.m. 2007), Mot kvinna 18 år eller äldre (1 §) (15 år och äldre t.o.m. 2006), Fullbordad våldtäkt, Inomhus",6,12819.0,"Brott mot brottsbalken, 3-7 kap. Brott mot person, 6 kap. Sexualbrott, Våldtäkt inkl. grov (1, 4 §), Indelat efter kön (ej mot barn under 15 år t.o.m. 2007)",Brott mot brottsbalken,"Brott mot brottsbalken, 3-7 kap. Brott mot person","Brott mot brottsbalken, 3-7 kap. Brott mot person, 6 kap. Sexualbrott","Brott mot brottsbalken, 3-7 kap. Brott mot person, 6 kap. Sexualbrott, Våldtäkt inkl. grov (1, 4 §)","Brott mot brottsbalken, 3-7 kap. Brott mot person, 6 kap. Sexualbrott, Våldtäkt inkl. grov (1, 4 §), Indelat efter kön (ej mot barn under 15 år t.o.m. 2007)",False
13990,"Brott mot brottsbalken, 3-7 kap. Brott mot person, 6 kap. Sexualbrott, Våldtäkt inkl. grov (1, 4 §), Indelat efter kön (ej mot barn under 15 år t.o.m. 2007), Mot flickor och kvinnor (ej mot barn under 15 år t.o.m. 2007), Mot kvinna 18 år eller äldre (1 §) (15 år och äldre t.o.m. 2006), Fullbordad våldtäkt, Inomhus, Annan slags relation",6,12819.0,"Brott mot brottsbalken, 3-7 kap. Brott mot person, 6 kap. Sexualbrott, Våldtäkt inkl. grov (1, 4 §), Indelat efter kön (ej mot barn under 15 år t.o.m. 2007)",Brott mot brottsbalken,"Brott mot brottsbalken, 3-7 kap. Brott mot person","Brott mot brottsbalken, 3-7 kap. Brott mot person, 6 kap. Sexualbrott","Brott mot brottsbalken, 3-7 kap. Brott mot person, 6 kap. Sexualbrott, Våldtäkt inkl. grov (1, 4 §)","Brott mot brottsbalken, 3-7 kap. Brott mot person, 6 kap. Sexualbrott, Våldtäkt inkl. grov (1, 4 §), Indelat efter kön (ej mot barn under 15 år t.o.m. 2007)",False
13974,"Brott mot brottsbalken, 3-7 kap. Brott mot person, 6 kap. Sexualbrott, Våldtäkt inkl. grov (1, 4 §), Indelat efter kön (ej mot barn under 15 år t.o.m. 2007), Mot flickor och kvinnor (ej mot barn under 15 år t.o.m. 2007), Mot kvinna 18 år eller äldre (1 §) (15 år och äldre t.o.m. 2006), Fullbordad våldtäkt, Inomhus, Närstående genom parrelation",6,12819.0,"Brott mot brottsbalken, 3-7 kap. Brott mot person, 6 kap. Sexualbrott, Våldtäkt inkl. grov (1, 4 §), Indelat efter kön (ej mot barn under 15 år t.o.m. 2007)",Brott mot brottsbalken,"Brott mot brottsbalken, 3-7 kap. Brott mot person","Brott mot brottsbalken, 3-7 kap. Brott mot person, 6 kap. Sexualbrott","Brott mot brottsbalken, 3-7 kap. Brott mot person, 6 kap. Sexualbrott, Våldtäkt inkl. grov (1, 4 §)","Brott mot brottsbalken, 3-7 kap. Brott mot person, 6 kap. Sexualbrott, Våldtäkt inkl. grov (1, 4 §), Indelat efter kön (ej mot barn under 15 år t.o.m. 2007)",False
13982,"Brott mot brottsbalken, 3-7 kap. Brott mot person, 6 kap. Sexualbrott, Våldtäkt inkl. grov (1, 4 §), Indelat efter kön (ej mot barn under 15 år t.o.m. 2007), Mot flickor och kvinnor (ej mot barn under 15 år t.o.m. 2007), Mot kvinna 18 år eller äldre (1 §) (15 år och äldre t.o.m. 2006), Fullbordad våldtäkt, Inomhus, Närstående genom släktskap/familj",6,12819.0,"Brott mot brottsbalken, 3-7 kap. Brott mot person, 6 kap. Sexualbrott, Våldtäkt inkl. grov (1, 4 §), Indelat efter kön (ej mot barn under 15 år t.o.m. 2007)",Brott mot brottsbalken,"Brott mot brottsbalken, 3-7 kap. Brott mot person","Brott mot brottsbalken, 3-7 kap. Brott mot person, 6 kap. Sexualbrott","Brott mot brottsbalken, 3-7 kap. Brott mot person, 6 kap. Sexualbrott, Våldtäkt inkl. grov (1, 4 §)","Brott mot brottsbalken, 3-7 kap. Brott mot person, 6 kap. Sexualbrott, Våldtäkt inkl. grov (1, 4 §), Indelat efter kön (ej mot barn under 15 år t.o.m. 2007)",False
13998,"Brott mot brottsbalken, 3-7 kap. Brott mot person, 6 kap. Sexualbrott, Våldtäkt inkl. grov (1, 4 §), Indelat efter kön (ej mot barn under 15 år t.o.m. 2007), Mot flickor och kvinnor (ej mot barn under 15 år t.o.m. 2007), Mot kvinna 18 år eller äldre (1 §) (15 år och äldre t.o.m. 2006), Fullbordad våldtäkt, Inomhus, Obekanta",6,12819.0,"Brott mot brottsbalken, 3-7 kap. Brott mot person, 6 kap. Sexualbrott, Våldtäkt inkl. grov (1, 4 §), Indelat efter kön (ej mot barn under 15 år t.o.m. 2007)",Brott mot brottsbalken,"Brott mot brottsbalken, 3-7 kap. Brott mot person","Brott mot brottsbalken, 3-7 kap. Brott mot person, 6 kap. Sexualbrott","Brott mot brottsbalken, 3-7 kap. Brott mot person, 6 kap. Sexualbrott, Våldtäkt inkl. grov (1, 4 §)","Brott mot brottsbalken, 3-7 kap. Brott mot person, 6 kap. Sexualbrott, Våldtäkt inkl. grov (1, 4 §), Indelat efter kön (ej mot barn under 15 år t.o.m. 2007)",False
12943,"Brott mot brottsbalken, 3-7 kap. Brott mot person, 6 kap. Sexualbrott, Våldtäkt inkl. grov (1, 4 §), Indelat efter kön (ej mot barn under 15 år t.o.m. 2007), Mot flickor och kvinnor (ej mot barn under 15 år t.o.m. 2007), Mot kvinna 18 år eller äldre (1 §) (15 år och äldre t.o.m. 2006), Fullbordad våldtäkt, Utomhus",6,12819.0,"Brott mot brottsbalken, 3-7 kap. Brott mot person, 6 kap. Sexualbrott, Våldtäkt inkl. grov (1, 4 §), Indelat efter kön (ej mot barn under 15 år t.o.m. 2007)",Brott mot brottsbalken,"Brott mot brottsbalken, 3-7 kap. Brott mot person","Brott mot brottsbalken, 3-7 kap. Brott mot person, 6 kap. Sexualbrott","Brott mot brottsbalken, 3-7 kap. Brott mot person, 6 kap. Sexualbrott, Våldtäkt inkl. grov (1, 4 §)","Brott mot brottsbalken, 3-7 kap. Brott mot person, 6 kap. Sexualbrott, Våldtäkt inkl. grov (1, 4 §), Indelat efter kön (ej mot barn under 15 år t.o.m. 2007)",False
13989,"Brott mot brottsbalken, 3-7 kap. Brott mot person, 6 kap. Sexualbrott, Våldtäkt inkl. grov (1, 4 §), Indelat efter kön (ej mot barn under 15 år t.o.m. 2007), Mot flickor och kvinnor (ej mot barn under 15 år t.o.m. 2007), Mot kvinna 18 år eller äldre (1 §) (15 år och äldre t.o.m. 2006), Fullbordad våldtäkt, Utomhus, Annan slags relation",6,12819.0,"Brott mot brottsbalken, 3-7 kap. Brott mot person, 6 kap. Sexualbrott, Våldtäkt inkl. grov (1, 4 §), Indelat efter kön (ej mot barn under 15 år t.o.m. 2007)",Brott mot brottsbalken,"Brott mot brottsbalken, 3-7 kap. Brott mot person","Brott mot brottsbalken, 3-7 kap. Brott mot person, 6 kap. Sexualbrott","Brott mot brottsbalken, 3-7 kap. Brott mot person, 6 kap. Sexualbrott, Våldtäkt inkl. grov (1, 4 §)","Brott mot brottsbalken, 3-7 kap. Brott mot person, 6 kap. Sexualbrott, Våldtäkt inkl. grov (1, 4 §), Indelat efter kön (ej mot barn under 15 år t.o.m. 2007)",False
13973,"Brott mot brottsbalken, 3-7 kap. Brott mot person, 6 kap. Sexualbrott, Våldtäkt inkl. grov (1, 4 §), Indelat efter kön (ej mot barn under 15 år t.o.m. 2007), Mot flickor och kvinnor (ej mot barn under 15 år t.o.m. 2007), Mot kvinna 18 år eller äldre (1 §) (15 år och äldre t.o.m. 2006), Fullbordad våldtäkt, Utomhus, Närstående genom parrelation",6,12819.0,"Brott mot brottsbalken, 3-7 kap. Brott mot person, 6 kap. Sexualbrott, Våldtäkt inkl. grov (1, 4 §), Indelat efter kön (ej mot barn under 15 år t.o.m. 2007)",Brott mot brottsbalken,"Brott mot brottsbalken, 3-7 kap. Brott mot person","Brott mot brottsbalken, 3-7 kap. Brott mot person, 6 kap. Sexualbrott","Brott mot brottsbalken, 3-7 kap. Brott mot person, 6 kap. Sexualbrott, Våldtäkt inkl. grov (1, 4 §)","Brott mot brottsbalken, 3-7 kap. Brott mot person, 6 kap. Sexualbrott, Våldtäkt inkl. grov (1, 4 §), Indelat efter kön (ej mot barn under 15 år t.o.m. 2007)",False
13981,"Brott mot brottsbalken, 3-7 kap. Brott mot person, 6 kap. Sexualbrott, Våldtäkt inkl. grov (1, 4 §), Indelat efter kön (ej mot barn under 15 år t.o.m. 2007), Mot flickor och kvinnor (ej mot barn under 15 år t.o.m. 2007), Mot kvinna 18 år eller äldre (1 §) (15 år och äldre t.o.m. 2006), Fullbordad våldtäkt, Utomhus, Närstående genom släktskap/familj",6,12819.0,"Brott mot brottsbalken, 3-7 kap. Brott mot person, 6 kap. Sexualbrott, Våldtäkt inkl. grov (1, 4 §), Indelat efter kön (ej mot barn under 15 år t.o.m. 2007)",Brott mot brottsbalken,"Brott mot brottsbalken, 3-7 kap. Brott mot person","Brott mot brottsbalken, 3-7 kap. Brott mot person, 6 kap. Sexualbrott","Brott mot brottsbalken, 3-7 kap. Brott mot person, 6 kap. Sexualbrott, Våldtäkt inkl. grov (1, 4 §)","Brott mot brottsbalken, 3-7 kap. Brott mot person, 6 kap. Sexualbrott, Våldtäkt inkl. grov (1, 4 §), Indelat efter kön (ej mot barn under 15 år t.o.m. 2007)",False
13997,"Brott mot brottsbalken, 3-7 kap. Brott mot person, 6 kap. Sexualbrott, Våldtäkt inkl. grov (1, 4 §), Indelat efter kön (ej mot barn under 15 år t.o.m. 2007), Mot flickor och kvinnor (ej mot barn under 15 år t.o.m. 2007), Mot kvinna 18 år eller äldre (1 §) (15 år och äldre t.o.m. 2006), Fullbordad våldtäkt, Utomhus, Obekanta",6,12819.0,"Brott mot brottsbalken, 3-7 kap. Brott mot person, 6 kap. Sexualbrott, Våldtäkt inkl. grov (1, 4 §), Indelat efter kön (ej mot barn under 15 år t.o.m. 2007)",Brott mot brottsbalken,"Brott mot brottsbalken, 3-7 kap. Brott mot person","Brott mot brottsbalken, 3-7 kap. Brott mot person, 6 kap. Sexualbrott","Brott mot brottsbalken, 3-7 kap. Brott mot person, 6 kap. Sexualbrott, Våldtäkt inkl. grov (1, 4 §)","Brott mot brottsbalken, 3-7 kap. Brott mot person, 6 kap. Sexualbrott, Våldtäkt inkl. grov (1, 4 §), Indelat efter kön (ej mot barn under 15 år t.o.m. 2007)",False
12935,"Brott mot brottsbalken, 3-7 kap. Brott mot person, 6 kap. Sexualbrott, Våldtäkt inkl. grov (1, 4 §), Indelat efter kön (ej mot barn under 15 år t.o.m. 2007), Mot flickor och kvinnor (ej mot barn under 15 år t.o.m. 2007), Mot kvinna 18 år eller äldre (1 §) (15 år och äldre t.o.m. 2006), Försök till våldtäkt",6,12819.0,"Brott mot brottsbalken, 3-7 kap. Brott mot person, 6 kap. Sexualbrott, Våldtäkt inkl. grov (1, 4 §), Indelat efter kön (ej mot barn under 15 år t.o.m. 2007)",Brott mot brottsbalken,"Brott mot brottsbalken, 3-7 kap. Brott mot person","Brott mot brottsbalken, 3-7 kap. Brott mot person, 6 kap. Sexualbrott","Brott mot brottsbalken, 3-7 kap. Brott mot person, 6 kap. Sexualbrott, Våldtäkt inkl. grov (1, 4 §)","Brott mot brottsbalken, 3-7 kap. Brott mot person, 6 kap. Sexualbrott, Våldtäkt inkl. grov (1, 4 §), Indelat efter kön (ej mot barn under 15 år t.o.m. 2007)",False
12956,"Brott mot brottsbalken, 3-7 kap. Brott mot person, 6 kap. Sexualbrott, Våldtäkt inkl. grov (1, 4 §), Indelat efter kön (ej mot barn under 15 år t.o.m. 2007), Mot flickor och kvinnor (ej mot barn under 15 år t.o.m. 2007), Mot kvinna 18 år eller äldre (1 §) (15 år och äldre t.o.m. 2006), Försök till våldtäkt, Inomhus",6,12819.0,"Brott mot brottsbalken, 3-7 kap. Brott mot person, 6 kap. Sexualbrott, Våldtäkt inkl. grov (1, 4 §), Indelat efter kön (ej mot barn under 15 år t.o.m. 2007)",Brott mot brottsbalken,"Brott mot brottsbalken, 3-7 kap. Brott mot person","Brott mot brottsbalken, 3-7 kap. Brott mot person, 6 kap. Sexualbrott","Brott mot brottsbalken, 3-7 kap. Brott mot person, 6 kap. Sexualbrott, Våldtäkt inkl. grov (1, 4 §)","Brott mot brottsbalken, 3-7 kap. Brott mot person, 6 kap. Sexualbrott, Våldtäkt inkl. grov (1, 4 §), Indelat efter kön (ej mot barn under 15 år t.o.m. 2007)",False
13992,"Brott mot brottsbalken, 3-7 kap. Brott mot person, 6 kap. Sexualbrott, Våldtäkt inkl. grov (1, 4 §), Indelat efter kön (ej mot barn under 15 år t.o.m. 2007), Mot flickor och kvinnor (ej mot barn under 15 år t.o.m. 2007), Mot kvinna 18 år eller äldre (1 §) (15 år och äldre t.o.m. 2006), Försök till våldtäkt, Inomhus, Annan slags relation",6,12819.0,"Brott mot brottsbalken, 3-7 kap. Brott mot person, 6 kap. Sexualbrott, Våldtäkt inkl. grov (1, 4 §), Indelat efter kön (ej mot barn under 15 år t.o.m. 2007)",Brott mot brottsbalken,"Brott mot brottsbalken, 3-7 kap. Brott mot person","Brott mot brottsbalken, 3-7 kap. Brott mot person, 6 kap. Sexualbrott","Brott mot brottsbalken, 3-7 kap. Brott mot person, 6 kap. Sexualbrott, Våldtäkt inkl. grov (1, 4 §)","Brott mot brottsbalken, 3-7 kap. Brott mot person, 6 kap. Sexualbrott, Våldtäkt inkl. grov (1, 4 §), Indelat efter kön (ej mot barn under 15 år t.o.m. 2007)",False
13976,"Brott mot brottsbalken, 3-7 kap. Brott mot person, 6 kap. Sexualbrott, Våldtäkt inkl. grov (1, 4 §), Indelat efter kön (ej mot barn under 15 år t.o.m. 2007), Mot flickor och kvinnor (ej mot barn under 15 år t.o.m. 2007), Mot kvinna 18 år eller äldre (1 §) (15 år och äldre t.o.m. 2006), Försök till våldtäkt, Inomhus, Närstående genom parrelation",6,12819.0,"Brott mot brottsbalken, 3-7 kap. Brott mot person, 6 kap. Sexualbrott, Våldtäkt inkl. grov (1, 4 §), Indelat efter kön (ej mot barn under 15 år t.o.m. 2007)",Brott mot brottsbalken,"Brott mot brottsbalken, 3-7 kap. Brott mot person","Brott mot brottsbalken, 3-7 kap. Brott mot person, 6 kap. Sexualbrott","Brott mot brottsbalken, 3-7 kap. Brott mot person, 6 kap. Sexualbrott, Våldtäkt inkl. grov (1, 4 §)","Brott mot brottsbalken, 3-7 kap. Brott mot person, 6 kap. Sexualbrott, Våldtäkt inkl. grov (1, 4 §), Indelat efter kön (ej mot barn under 15 år t.o.m. 2007)",False
13984,"Brott mot brottsbalken, 3-7 kap. Brott mot person, 6 kap. Sexualbrott, Våldtäkt inkl. grov (1, 4 §), Indelat efter kön (ej mot barn under 15 år t.o.m. 2007), Mot flickor och kvinnor (ej mot barn under 15 år t.o.m. 2007), Mot kvinna 18 år eller äldre (1 §) (15 år och äldre t.o.m. 2006), Försök till våldtäkt, Inomhus, Närstående genom släktskap/familj",6,12819.0,"Brott mot brottsbalken, 3-7 kap. Brott mot person, 6 kap. Sexualbrott, Våldtäkt inkl. grov (1, 4 §), Indelat efter kön (ej mot barn under 15 år t.o.m. 2007)",Brott mot brottsbalken,"Brott mot brottsbalken, 3-7 kap. Brott mot person","Brott mot brottsbalken, 3-7 kap. Brott mot person, 6 kap. Sexualbrott","Brott mot brottsbalken, 3-7 kap. Brott mot person, 6 kap. Sexualbrott, Våldtäkt inkl. grov (1, 4 §)","Brott mot brottsbalken, 3-7 kap. Brott mot person, 6 kap. Sexualbrott, Våldtäkt inkl. grov (1, 4 §), Indelat efter kön (ej mot barn under 15 år t.o.m. 2007)",False
14000,"Brott mot brottsbalken, 3-7 kap. Brott mot person, 6 kap. Sexualbrott, Våldtäkt inkl. grov (1, 4 §), Indelat efter kön (ej mot barn under 15 år t.o.m. 2007), Mot flickor och kvinnor (ej mot barn under 15 år t.o.m. 2007), Mot kvinna 18 år eller äldre (1 §) (15 år och äldre t.o.m. 2006), Försök till våldtäkt, Inomhus, Obekanta",6,12819.0,"Brott mot brottsbalken, 3-7 kap. Brott mot person, 6 kap. Sexualbrott, Våldtäkt inkl. grov (1, 4 §), Indelat efter kön (ej mot barn under 15 år t.o.m. 2007)",Brott mot brottsbalken,"Brott mot brottsbalken, 3-7 kap. Brott mot person","Brott mot brottsbalken, 3-7 kap. Brott mot person, 6 kap. Sexualbrott","Brott mot brottsbalken, 3-7 kap. Brott mot person, 6 kap. Sexualbrott, Våldtäkt inkl. grov (1, 4 §)","Brott mot brottsbalken, 3-7 kap. Brott mot person, 6 kap. Sexualbrott, Våldtäkt inkl. grov (1, 4 §), Indelat efter kön (ej mot barn under 15 år t.o.m. 2007)",False
12944,"Brott mot brottsbalken, 3-7 kap. Brott mot person, 6 kap. Sexualbrott, Våldtäkt inkl. grov (1, 4 §), Indelat efter kön (ej mot barn under 15 år t.o.m. 2007), Mot flickor och kvinnor (ej mot barn under 15 år t.o.m. 2007), Mot kvinna 18 år eller äldre (1 §) (15 år och äldre t.o.m. 2006), Försök till våldtäkt, Utomhus",6,12819.0,"Brott mot brottsbalken, 3-7 kap. Brott mot person, 6 kap. Sexualbrott, Våldtäkt inkl. grov (1, 4 §), Indelat efter kön (ej mot barn under 15 år t.o.m. 2007)",Brott mot brottsbalken,"Brott mot brottsbalken, 3-7 kap. Brott mot person","Brott mot brottsbalken, 3-7 kap. Brott mot person, 6 kap. Sexualbrott","Brott mot brottsbalken, 3-7 kap. Brott mot person, 6 kap. Sexualbrott, Våldtäkt inkl. grov (1, 4 §)","Brott mot brottsbalken, 3-7 kap. Brott mot person, 6 kap. Sexualbrott, Våldtäkt inkl. grov (1, 4 §), Indelat efter kön (ej mot barn under 15 år t.o.m. 2007)",False
13991,"Brott mot brottsbalken, 3-7 kap. Brott mot person, 6 kap. Sexualbrott, Våldtäkt inkl. grov (1, 4 §), Indelat efter kön (ej mot barn under 15 år t.o.m. 2007), Mot flickor och kvinnor (ej mot barn under 15 år t.o.m. 2007), Mot kvinna 18 år eller äldre (1 §) (15 år och äldre t.o.m. 2006), Försök till våldtäkt, Utomhus, Annan slags relation",6,12819.0,"Brott mot brottsbalken, 3-7 kap. Brott mot person, 6 kap. Sexualbrott, Våldtäkt inkl. grov (1, 4 §), Indelat efter kön (ej mot barn under 15 år t.o.m. 2007)",Brott mot brottsbalken,"Brott mot brottsbalken, 3-7 kap. Brott mot person","Brott mot brottsbalken, 3-7 kap. Brott mot person, 6 kap. Sexualbrott","Brott mot brottsbalken, 3-7 kap. Brott mot person, 6 kap. Sexualbrott, Våldtäkt inkl. grov (1, 4 §)","Brott mot brottsbalken, 3-7 kap. Brott mot person, 6 kap. Sexualbrott, Våldtäkt inkl. grov (1, 4 §), Indelat efter kön (ej mot barn under 15 år t.o.m. 2007)",False
13975,"Brott mot brottsbalken, 3-7 kap. Brott mot person, 6 kap. Sexualbrott, Våldtäkt inkl. grov (1, 4 §), Indelat efter kön (ej mot barn under 15 år t.o.m. 2007), Mot flickor och kvinnor (ej mot barn under 15 år t.o.m. 2007), Mot kvinna 18 år eller äldre (1 §) (15 år och äldre t.o.m. 2006), Försök till våldtäkt, Utomhus, Närstående genom parrelation",6,12819.0,"Brott mot brottsbalken, 3-7 kap. Brott mot person, 6 kap. Sexualbrott, Våldtäkt inkl. grov (1, 4 §), Indelat efter kön (ej mot barn under 15 år t.o.m. 2007)",Brott mot brottsbalken,"Brott mot brottsbalken, 3-7 kap. Brott mot person","Brott mot brottsbalken, 3-7 kap. Brott mot person, 6 kap. Sexualbrott","Brott mot brottsbalken, 3-7 kap. Brott mot person, 6 kap. Sexualbrott, Våldtäkt inkl. grov (1, 4 §)","Brott mot brottsbalken, 3-7 kap. Brott mot person, 6 kap. Sexualbrott, Våldtäkt inkl. grov (1, 4 §), Indelat efter kön (ej mot barn under 15 år t.o.m. 2007)",False
13983,"Brott mot brottsbalken, 3-7 kap. Brott mot person, 6 kap. Sexualbrott, Våldtäkt inkl. grov (1, 4 §), Indelat efter kön (ej mot barn under 15 år t.o.m. 2007), Mot flickor och kvinnor (ej mot barn under 15 år t.o.m. 2007), Mot kvinna 18 år eller äldre (1 §) (15 år och äldre t.o.m. 2006), Försök till våldtäkt, Utomhus, Närstående genom släktskap/familj",6,12819.0,"Brott mot brottsbalken, 3-7 kap. Brott mot person, 6 kap. Sexualbrott, Våldtäkt inkl. grov (1, 4 §), Indelat efter kön (ej mot barn under 15 år t.o.m. 2007)",Brott mot brottsbalken,"Brott mot brottsbalken, 3-7 kap. Brott mot person","Brott mot brottsbalken, 3-7 kap. Brott mot person, 6 kap. Sexualbrott","Brott mot brottsbalken, 3-7 kap. Brott mot person, 6 kap. Sexualbrott, Våldtäkt inkl. grov (1, 4 §)","Brott mot brottsbalken, 3-7 kap. Brott mot person, 6 kap. Sexualbrott, Våldtäkt inkl. grov (1, 4 §), Indelat efter kön (ej mot barn under 15 år t.o.m. 2007)",False
13999,"Brott mot brottsbalken, 3-7 kap. Brott mot person, 6 kap. Sexualbrott, Våldtäkt inkl. grov (1, 4 §), Indelat efter kön (ej mot barn under 15 år t.o.m. 2007), Mot flickor och kvinnor (ej mot barn under 15 år t.o.m. 2007), Mot kvinna 18 år eller äldre (1 §) (15 år och äldre t.o.m. 2006), Försök till våldtäkt, Utomhus, Obekanta",6,12819.0,"Brott mot brottsbalken, 3-7 kap. Brott mot person, 6 kap. Sexualbrott, Våldtäkt inkl. grov (1, 4 §), Indelat efter kön (ej mot barn under 15 år t.o.m. 2007)",Brott mot brottsbalken,"Brott mot brottsbalken, 3-7 kap. Brott mot person","Brott mot brottsbalken, 3-7 kap. Brott mot person, 6 kap. Sexualbrott","Brott mot brottsbalken, 3-7 kap. Brott mot person, 6 kap. Sexualbrott, Våldtäkt inkl. grov (1, 4 §)","Brott mot brottsbalken, 3-7 kap. Brott mot person, 6 kap. Sexualbrott, Våldtäkt inkl. grov (1, 4 §), Indelat efter kön (ej mot barn under 15 år t.o.m. 2007)",False
12920,"Brott mot brottsbalken, 3-7 kap. Brott mot person, 6 kap. Sexualbrott, Våldtäkt inkl. grov (1, 4 §), Indelat efter kön (ej mot barn under 15 år t.o.m. 2007), Mot pojkar och män (ej mot barn under 15 år t.o.m. 2007)",6,12819.0,"Brott mot brottsbalken, 3-7 kap. Brott mot person, 6 kap. Sexualbrott, Våldtäkt inkl. grov (1, 4 §), Indelat efter kön (ej mot barn under 15 år t.o.m. 2007)",Brott mot brottsbalken,"Brott mot brottsbalken, 3-7 kap. Brott mot person","Brott mot brottsbalken, 3-7 kap. Brott mot person, 6 kap. Sexualbrott","Brott mot brottsbalken, 3-7 kap. Brott mot person, 6 kap. Sexualbrott, Våldtäkt inkl. grov (1, 4 §)","Brott mot brottsbalken, 3-7 kap. Brott mot person, 6 kap. Sexualbrott, Våldtäkt inkl. grov (1, 4 §), Indelat efter kön (ej mot barn under 15 år t.o.m. 2007)",False
12926,"Brott mot brottsbalken, 3-7 kap. Brott mot person, 6 kap. Sexualbrott, Våldtäkt inkl. grov (1, 4 §), Indelat efter kön (ej mot barn under 15 år t.o.m. 2007), Mot pojkar och män (ej mot barn under 15 år t.o.m. 2007), Mot man 18 år eller äldre (1 §) (15 år och äldre t.o.m. 2006)",6,12819.0,"Brott mot brottsbalken, 3-7 kap. Brott mot person, 6 kap. Sexualbrott, Våldtäkt inkl. grov (1, 4 §), Indelat efter kön (ej mot barn under 15 år t.o.m. 2007)",Brott mot brottsbalken,"Brott mot brottsbalken, 3-7 kap. Brott mot person","Brott mot brottsbalken, 3-7 kap. Brott mot person, 6 kap. Sexualbrott","Brott mot brottsbalken, 3-7 kap. Brott mot person, 6 kap. Sexualbrott, Våldtäkt inkl. grov (1, 4 §)","Brott mot brottsbalken, 3-7 kap. Brott mot person, 6 kap. Sexualbrott, Våldtäkt inkl. grov (1, 4 §), Indelat efter kön (ej mot barn under 15 år t.o.m. 2007)",False
12932,"Brott mot brottsbalken, 3-7 kap. Brott mot person, 6 kap. Sexualbrott, Våldtäkt inkl. grov (1, 4 §), Indelat efter kön (ej mot barn under 15 år t.o.m. 2007), Mot pojkar och män (ej mot barn under 15 år t.o.m. 2007), Mot man 18 år eller äldre (1 §) (15 år och äldre t.o.m. 2006), Fullbordad våldtäkt",6,12819.0,"Brott mot brottsbalken, 3-7 kap. Brott mot person, 6 kap. Sexualbrott, Våldtäkt inkl. grov (1, 4 §), Indelat efter kön (ej mot barn under 15 år t.o.m. 2007)",Brott mot brottsbalken,"Brott mot brottsbalken, 3-7 kap. Brott mot person","Brott mot brottsbalken, 3-7 kap. Brott mot person, 6 kap. Sexualbrott","Brott mot brottsbalken, 3-7 kap. Brott mot person, 6 kap. Sexualbrott, Våldtäkt inkl. grov (1, 4 §)","Brott mot brottsbalken, 3-7 kap. Brott mot person, 6 kap. Sexualbrott, Våldtäkt inkl. grov (1, 4 §), Indelat efter kön (ej mot barn under 15 år t.o.m. 2007)",False
12961,"Brott mot brottsbalken, 3-7 kap. Brott mot person, 6 kap. Sexualbrott, Våldtäkt inkl. grov (1, 4 §), Indelat efter kön (ej mot barn under 15 år t.o.m. 2007), Mot pojkar och män (ej mot barn under 15 år t.o.m. 2007), Mot man 18 år eller äldre (1 §) (15 år och äldre t.o.m. 2006), Fullbordad våldtäkt, Inomhus",6,12819.0,"Brott mot brottsbalken, 3-7 kap. Brott mot person, 6 kap. Sexualbrott, Våldtäkt inkl. grov (1, 4 §), Indelat efter kön (ej mot barn under 15 år t.o.m. 2007)",Brott mot brottsbalken,"Brott mot brottsbalken, 3-7 kap. Brott mot person","Brott mot brottsbalken, 3-7 kap. Brott mot person, 6 kap. Sexualbrott","Brott mot brottsbalken, 3-7 kap. Brott mot person, 6 kap. Sexualbrott, Våldtäkt inkl. grov (1, 4 §)","Brott mot brottsbalken, 3-7 kap. Brott mot person, 6 kap. Sexualbrott, Våldtäkt inkl. grov (1, 4 §), Indelat efter kön (ej mot barn under 15 år t.o.m. 2007)",False
13994,"Brott mot brottsbalken, 3-7 kap. Brott mot person, 6 kap. Sexualbrott, Våldtäkt inkl. grov (1, 4 §), Indelat efter kön (ej mot barn under 15 år t.o.m. 2007), Mot pojkar och män (ej mot barn under 15 år t.o.m. 2007), Mot man 18 år eller äldre (1 §) (15 år och äldre t.o.m. 2006), Fullbordad våldtäkt, Inomhus, Annan slags relation",6,12819.0,"Brott mot brottsbalken, 3-7 kap. Brott mot person, 6 kap. Sexualbrott, Våldtäkt inkl. grov (1, 4 §), Indelat efter kön (ej mot barn under 15 år t.o.m. 2007)",Brott mot brottsbalken,"Brott mot brottsbalken, 3-7 kap. Brott mot person","Brott mot brottsbalken, 3-7 kap. Brott mot person, 6 kap. Sexualbrott","Brott mot brottsbalken, 3-7 kap. Brott mot person, 6 kap. Sexualbrott, Våldtäkt inkl. grov (1, 4 §)","Brott mot brottsbalken, 3-7 kap. Brott mot person, 6 kap. Sexualbrott, Våldtäkt inkl. grov (1, 4 §), Indelat efter kön (ej mot barn under 15 år t.o.m. 2007)",False
13978,"Brott mot brottsbalken, 3-7 kap. Brott mot person, 6 kap. Sexualbrott, Våldtäkt inkl. grov (1, 4 §), Indelat efter kön (ej mot barn under 15 år t.o.m. 2007), Mot pojkar och män (ej mot barn under 15 år t.o.m. 2007), Mot man 18 år eller äldre (1 §) (15 år och äldre t.o.m. 2006), Fullbordad våldtäkt, Inomhus, Närstående genom parrelation",6,12819.0,"Brott mot brottsbalken, 3-7 kap. Brott mot person, 6 kap. Sexualbrott, Våldtäkt inkl. grov (1, 4 §), Indelat efter kön (ej mot barn under 15 år t.o.m. 2007)",Brott mot brottsbalken,"Brott mot brottsbalken, 3-7 kap. Brott mot person","Brott mot brottsbalken, 3-7 kap. Brott mot person, 6 kap. Sexualbrott","Brott mot brottsbalken, 3-7 kap. Brott mot person, 6 kap. Sexualbrott, Våldtäkt inkl. grov (1, 4 §)","Brott mot brottsbalken, 3-7 kap. Brott mot person, 6 kap. Sexualbrott, Våldtäkt inkl. grov (1, 4 §), Indelat efter kön (ej mot barn under 15 år t.o.m. 2007)",False
13986,"Brott mot brottsbalken, 3-7 kap. Brott mot person, 6 kap. Sexualbrott, Våldtäkt inkl. grov (1, 4 §), Indelat efter kön (ej mot barn under 15 år t.o.m. 2007), Mot pojkar och män (ej mot barn under 15 år t.o.m. 2007), Mot man 18 år eller äldre (1 §) (15 år och äldre t.o.m. 2006), Fullbordad våldtäkt, Inomhus, Närstående genom släktskap/familj",6,12819.0,"Brott mot brottsbalken, 3-7 kap. Brott mot person, 6 kap. Sexualbrott, Våldtäkt inkl. grov (1, 4 §), Indelat efter kön (ej mot barn under 15 år t.o.m. 2007)",Brott mot brottsbalken,"Brott mot brottsbalken, 3-7 kap. Brott mot person","Brott mot brottsbalken, 3-7 kap. Brott mot person, 6 kap. Sexualbrott","Brott mot brottsbalken, 3-7 kap. Brott mot person, 6 kap. Sexualbrott, Våldtäkt inkl. grov (1, 4 §)","Brott mot brottsbalken, 3-7 kap. Brott mot person, 6 kap. Sexualbrott, Våldtäkt inkl. grov (1, 4 §), Indelat efter kön (ej mot barn under 15 år t.o.m. 2007)",False
14002,"Brott mot brottsbalken, 3-7 kap. Brott mot person, 6 kap. Sexualbrott, Våldtäkt inkl. grov (1, 4 §), Indelat efter kön (ej mot barn under 15 år t.o.m. 2007), Mot pojkar och män (ej mot barn under 15 år t.o.m. 2007), Mot man 18 år eller äldre (1 §) (15 år och äldre t.o.m. 2006), Fullbordad våldtäkt, Inomhus, Obekanta",6,12819.0,"Brott mot brottsbalken, 3-7 kap. Brott mot person, 6 kap. Sexualbrott, Våldtäkt inkl. grov (1, 4 §), Indelat efter kön (ej mot barn under 15 år t.o.m. 2007)",Brott mot brottsbalken,"Brott mot brottsbalken, 3-7 kap. Brott mot person","Brott mot brottsbalken, 3-7 kap. Brott mot person, 6 kap. Sexualbrott","Brott mot brottsbalken, 3-7 kap. Brott mot person, 6 kap. Sexualbrott, Våldtäkt inkl. grov (1, 4 §)","Brott mot brottsbalken, 3-7 kap. Brott mot person, 6 kap. Sexualbrott, Våldtäkt inkl. grov (1, 4 §), Indelat efter kön (ej mot barn under 15 år t.o.m. 2007)",False
12949,"Brott mot brottsbalken, 3-7 kap. Brott mot person, 6 kap. Sexualbrott, Våldtäkt inkl. grov (1, 4 §), Indelat efter kön (ej mot barn under 15 år t.o.m. 2007), Mot pojkar och män (ej mot barn under 15 år t.o.m. 2007), Mot man 18 år eller äldre (1 §) (15 år och äldre t.o.m. 2006), Fullbordad våldtäkt, Utomhus",6,12819.0,"Brott mot brottsbalken, 3-7 kap. Brott mot person, 6 kap. Sexualbrott, Våldtäkt inkl. grov (1, 4 §), Indelat efter kön (ej mot barn under 15 år t.o.m. 2007)",Brott mot brottsbalken,"Brott mot brottsbalken, 3-7 kap. Brott mot person","Brott mot brottsbalken, 3-7 kap. Brott mot person, 6 kap. Sexualbrott","Brott mot brottsbalken, 3-7 kap. Brott mot person, 6 kap. Sexualbrott, Våldtäkt inkl. grov (1, 4 §)","Brott mot brottsbalken, 3-7 kap. Brott mot person, 6 kap. Sexualbrott, Våldtäkt inkl. grov (1, 4 §), Indelat efter kön (ej mot barn under 15 år t.o.m. 2007)",False
13993,"Brott mot brottsbalken, 3-7 kap. Brott mot person, 6 kap. Sexualbrott, Våldtäkt inkl. grov (1, 4 §), Indelat efter kön (ej mot barn under 15 år t.o.m. 2007), Mot pojkar och män (ej mot barn under 15 år t.o.m. 2007), Mot man 18 år eller äldre (1 §) (15 år och äldre t.o.m. 2006), Fullbordad våldtäkt, Utomhus, Annan slags relation",6,12819.0,"Brott mot brottsbalken, 3-7 kap. Brott mot person, 6 kap. Sexualbrott, Våldtäkt inkl. grov (1, 4 §), Indelat efter kön (ej mot barn under 15 år t.o.m. 2007)",Brott mot brottsbalken,"Brott mot brottsbalken, 3-7 kap. Brott mot person","Brott mot brottsbalken, 3-7 kap. Brott mot person, 6 kap. Sexualbrott","Brott mot brottsbalken, 3-7 kap. Brott mot person, 6 kap. Sexualbrott, Våldtäkt inkl. grov (1, 4 §)","Brott mot brottsbalken, 3-7 kap. Brott mot person, 6 kap. Sexualbrott, Våldtäkt inkl. grov (1, 4 §), Indelat efter kön (ej mot barn under 15 år t.o.m. 2007)",False
13977,"Brott mot brottsbalken, 3-7 kap. Brott mot person, 6 kap. Sexualbrott, Våldtäkt inkl. grov (1, 4 §), Indelat efter kön (ej mot barn under 15 år t.o.m. 2007), Mot pojkar och män (ej mot barn under 15 år t.o.m. 2007), Mot man 18 år eller äldre (1 §) (15 år och äldre t.o.m. 2006), Fullbordad våldtäkt, Utomhus, Närstående genom parrelation",6,12819.0,"Brott mot brottsbalken, 3-7 kap. Brott mot person, 6 kap. Sexualbrott, Våldtäkt inkl. grov (1, 4 §), Indelat efter kön (ej mot barn under 15 år t.o.m. 2007)",Brott mot brottsbalken,"Brott mot brottsbalken, 3-7 kap. Brott mot person","Brott mot brottsbalken, 3-7 kap. Brott mot person, 6 kap. Sexualbrott","Brott mot brottsbalken, 3-7 kap. Brott mot person, 6 kap. Sexualbrott, Våldtäkt inkl. grov (1, 4 §)","Brott mot brottsbalken, 3-7 kap. Brott mot person, 6 kap. Sexualbrott, Våldtäkt inkl. grov (1, 4 §), Indelat efter kön (ej mot barn under 15 år t.o.m. 2007)",False
13985,"Brott mot brottsbalken, 3-7 kap. Brott mot person, 6 kap. Sexualbrott, Våldtäkt inkl. grov (1, 4 §), Indelat efter kön (ej mot barn under 15 år t.o.m. 2007), Mot pojkar och män (ej mot barn under 15 år t.o.m. 2007), Mot man 18 år eller äldre (1 §) (15 år och äldre t.o.m. 2006), Fullbordad våldtäkt, Utomhus, Närstående genom släktskap/familj",6,12819.0,"Brott mot brottsbalken, 3-7 kap. Brott mot person, 6 kap. Sexualbrott, Våldtäkt inkl. grov (1, 4 §), Indelat efter kön (ej mot barn under 15 år t.o.m. 2007)",Brott mot brottsbalken,"Brott mot brottsbalken, 3-7 kap. Brott mot person","Brott mot brottsbalken, 3-7 kap. Brott mot person, 6 kap. Sexualbrott","Brott mot brottsbalken, 3-7 kap. Brott mot person, 6 kap. Sexualbrott, Våldtäkt inkl. grov (1, 4 §)","Brott mot brottsbalken, 3-7 kap. Brott mot person, 6 kap. Sexualbrott, Våldtäkt inkl. grov (1, 4 §), Indelat efter kön (ej mot barn under 15 år t.o.m. 2007)",False
14001,"Brott mot brottsbalken, 3-7 kap. Brott mot person, 6 kap. Sexualbrott, Våldtäkt inkl. grov (1, 4 §), Indelat efter kön (ej mot barn under 15 år t.o.m. 2007), Mot pojkar och män (ej mot barn under 15 år t.o.m. 2007), Mot man 18 år eller äldre (1 §) (15 år och äldre t.o.m. 2006), Fullbordad våldtäkt, Utomhus, Obekanta",6,12819.0,"Brott mot brottsbalken, 3-7 kap. Brott mot person, 6 kap. Sexualbrott, Våldtäkt inkl. grov (1, 4 §), Indelat efter kön (ej mot barn under 15 år t.o.m. 2007)",Brott mot brottsbalken,"Brott mot brottsbalken, 3-7 kap. Brott mot person","Brott mot brottsbalken, 3-7 kap. Brott mot person, 6 kap. Sexualbrott","Brott mot brottsbalken, 3-7 kap. Brott mot person, 6 kap. Sexualbrott, Våldtäkt inkl. grov (1, 4 §)","Brott mot brottsbalken, 3-7 kap. Brott mot person, 6 kap. Sexualbrott, Våldtäkt inkl. grov (1, 4 §), Indelat efter kön (ej mot barn under 15 år t.o.m. 2007)",False
12938,"Brott mot brottsbalken, 3-7 kap. Brott mot person, 6 kap. Sexualbrott, Våldtäkt inkl. grov (1, 4 §), Indelat efter kön (ej mot barn under 15 år t.o.m. 2007), Mot pojkar och män (ej mot barn under 15 år t.o.m. 2007), Mot man 18 år eller äldre (1 §) (15 år och äldre t.o.m. 2006), Försök till våldtäkt",6,12819.0,"Brott mot brottsbalken, 3-7 kap. Brott mot person, 6 kap. Sexualbrott, Våldtäkt inkl. grov (1, 4 §), Indelat efter kön (ej mot barn under 15 år t.o.m. 2007)",Brott mot brottsbalken,"Brott mot brottsbalken, 3-7 kap. Brott mot person","Brott mot brottsbalken, 3-7 kap. Brott mot person, 6 kap. Sexualbrott","Brott mot brottsbalken, 3-7 kap. Brott mot person, 6 kap. Sexualbrott, Våldtäkt inkl. grov (1, 4 §)","Brott mot brottsbalken, 3-7 kap. Brott mot person, 6 kap. Sexualbrott, Våldtäkt inkl. grov (1, 4 §), Indelat efter kön (ej mot barn under 15 år t.o.m. 2007)",False
12962,"Brott mot brottsbalken, 3-7 kap. Brott mot person, 6 kap. Sexualbrott, Våldtäkt inkl. grov (1, 4 §), Indelat efter kön (ej mot barn under 15 år t.o.m. 2007), Mot pojkar och män (ej mot barn under 15 år t.o.m. 2007), Mot man 18 år eller äldre (1 §) (15 år och äldre t.o.m. 2006), Försök till våldtäkt, Inomhus",6,12819.0,"Brott mot brottsbalken, 3-7 kap. Brott mot person, 6 kap. Sexualbrott, Våldtäkt inkl. grov (1, 4 §), Indelat efter kön (ej mot barn under 15 år t.o.m. 2007)",Brott mot brottsbalken,"Brott mot brottsbalken, 3-7 kap. Brott mot person","Brott mot brottsbalken, 3-7 kap. Brott mot person, 6 kap. Sexualbrott","Brott mot brottsbalken, 3-7 kap. Brott mot person, 6 kap. Sexualbrott, Våldtäkt inkl. grov (1, 4 §)","Brott mot brottsbalken, 3-7 kap. Brott mot person, 6 kap. Sexualbrott, Våldtäkt inkl. grov (1, 4 §), Indelat efter kön (ej mot barn under 15 år t.o.m. 2007)",False
13996,"Brott mot brottsbalken, 3-7 kap. Brott mot person, 6 kap. Sexualbrott, Våldtäkt inkl. grov (1, 4 §), Indelat efter kön (ej mot barn under 15 år t.o.m. 2007), Mot pojkar och män (ej mot barn under 15 år t.o.m. 2007), Mot man 18 år eller äldre (1 §) (15 år och äldre t.o.m. 2006), Försök till våldtäkt, Inomhus, Annan slags relation",6,12819.0,"Brott mot brottsbalken, 3-7 kap. Brott mot person, 6 kap. Sexualbrott, Våldtäkt inkl. grov (1, 4 §), Indelat efter kön (ej mot barn under 15 år t.o.m. 2007)",Brott mot brottsbalken,"Brott mot brottsbalken, 3-7 kap. Brott mot person","Brott mot brottsbalken, 3-7 kap. Brott mot person, 6 kap. Sexualbrott","Brott mot brottsbalken, 3-7 kap. Brott mot person, 6 kap. Sexualbrott, Våldtäkt inkl. grov (1, 4 §)","Brott mot brottsbalken, 3-7 kap. Brott mot person, 6 kap. Sexualbrott, Våldtäkt inkl. grov (1, 4 §), Indelat efter kön (ej mot barn under 15 år t.o.m. 2007)",False
13980,"Brott mot brottsbalken, 3-7 kap. Brott mot person, 6 kap. Sexualbrott, Våldtäkt inkl. grov (1, 4 §), Indelat efter kön (ej mot barn under 15 år t.o.m. 2007), Mot pojkar och män (ej mot barn under 15 år t.o.m. 2007), Mot man 18 år eller äldre (1 §) (15 år och äldre t.o.m. 2006), Försök till våldtäkt, Inomhus, Närstående genom parrelation",6,12819.0,"Brott mot brottsbalken, 3-7 kap. Brott mot person, 6 kap. Sexualbrott, Våldtäkt inkl. grov (1, 4 §), Indelat efter kön (ej mot barn under 15 år t.o.m. 2007)",Brott mot brottsbalken,"Brott mot brottsbalken, 3-7 kap. Brott mot person","Brott mot brottsbalken, 3-7 kap. Brott mot person, 6 kap. Sexualbrott","Brott mot brottsbalken, 3-7 kap. Brott mot person, 6 kap. Sexualbrott, Våldtäkt inkl. grov (1, 4 §)","Brott mot brottsbalken, 3-7 kap. Brott mot person, 6 kap. Sexualbrott, Våldtäkt inkl. grov (1, 4 §), Indelat efter kön (ej mot barn under 15 år t.o.m. 2007)",False
13988,"Brott mot brottsbalken, 3-7 kap. Brott mot person, 6 kap. Sexualbrott, Våldtäkt inkl. grov (1, 4 §), Indelat efter kön (ej mot barn under 15 år t.o.m. 2007), Mot pojkar och män (ej mot barn under 15 år t.o.m. 2007), Mot man 18 år eller äldre (1 §) (15 år och äldre t.o.m. 2006), Försök till våldtäkt, Inomhus, Närstående genom släktskap/familj",6,12819.0,"Brott mot brottsbalken, 3-7 kap. Brott mot person, 6 kap. Sexualbrott, Våldtäkt inkl. grov (1, 4 §), Indelat efter kön (ej mot barn under 15 år t.o.m. 2007)",Brott mot brottsbalken,"Brott mot brottsbalken, 3-7 kap. Brott mot person","Brott mot brottsbalken, 3-7 kap. Brott mot person, 6 kap. Sexualbrott","Brott mot brottsbalken, 3-7 kap. Brott mot person, 6 kap. Sexualbrott, Våldtäkt inkl. grov (1, 4 §)","Brott mot brottsbalken, 3-7 kap. Brott mot person, 6 kap. Sexualbrott, Våldtäkt inkl. grov (1, 4 §), Indelat efter kön (ej mot barn under 15 år t.o.m. 2007)",False
14004,"Brott mot brottsbalken, 3-7 kap. Brott mot person, 6 kap. Sexualbrott, Våldtäkt inkl. grov (1, 4 §), Indelat efter kön (ej mot barn under 15 år t.o.m. 2007), Mot pojkar och män (ej mot barn under 15 år t.o.m. 2007), Mot man 18 år eller äldre (1 §) (15 år och äldre t.o.m. 2006), Försök till våldtäkt, Inomhus, Obekanta",6,12819.0,"Brott mot brottsbalken, 3-7 kap. Brott mot person, 6 kap. Sexualbrott, Våldtäkt inkl. grov (1, 4 §), Indelat efter kön (ej mot barn under 15 år t.o.m. 2007)",Brott mot brottsbalken,"Brott mot brottsbalken, 3-7 kap. Brott mot person","Brott mot brottsbalken, 3-7 kap. Brott mot person, 6 kap. Sexualbrott","Brott mot brottsbalken, 3-7 kap. Brott mot person, 6 kap. Sexualbrott, Våldtäkt inkl. grov (1, 4 §)","Brott mot brottsbalken, 3-7 kap. Brott mot person, 6 kap. Sexualbrott, Våldtäkt inkl. grov (1, 4 §), Indelat efter kön (ej mot barn under 15 år t.o.m. 2007)",False
12950,"Brott mot brottsbalken, 3-7 kap. Brott mot person, 6 kap. Sexualbrott, Våldtäkt inkl. grov (1, 4 §), Indelat efter kön (ej mot barn under 15 år t.o.m. 2007), Mot pojkar och män (ej mot barn under 15 år t.o.m. 2007), Mot man 18 år eller äldre (1 §) (15 år och äldre t.o.m. 2006), Försök till våldtäkt, Utomhus",6,12819.0,"Brott mot brottsbalken, 3-7 kap. Brott mot person, 6 kap. Sexualbrott, Våldtäkt inkl. grov (1, 4 §), Indelat efter kön (ej mot barn under 15 år t.o.m. 2007)",Brott mot brottsbalken,"Brott mot brottsbalken, 3-7 kap. Brott mot person","Brott mot brottsbalken, 3-7 kap. Brott mot person, 6 kap. Sexualbrott","Brott mot brottsbalken, 3-7 kap. Brott mot person, 6 kap. Sexualbrott, Våldtäkt inkl. grov (1, 4 §)","Brott mot brottsbalken, 3-7 kap. Brott mot person, 6 kap. Sexualbrott, Våldtäkt inkl. grov (1, 4 §), Indelat efter kön (ej mot barn under 15 år t.o.m. 2007)",False
13995,"Brott mot brottsbalken, 3-7 kap. Brott mot person, 6 kap. Sexualbrott, Våldtäkt inkl. grov (1, 4 §), Indelat efter kön (ej mot barn under 15 år t.o.m. 2007), Mot pojkar och män (ej mot barn under 15 år t.o.m. 2007), Mot man 18 år eller äldre (1 §) (15 år och äldre t.o.m. 2006), Försök till våldtäkt, Utomhus, Annan slags relation",6,12819.0,"Brott mot brottsbalken, 3-7 kap. Brott mot person, 6 kap. Sexualbrott, Våldtäkt inkl. grov (1, 4 §), Indelat efter kön (ej mot barn under 15 år t.o.m. 2007)",Brott mot brottsbalken,"Brott mot brottsbalken, 3-7 kap. Brott mot person","Brott mot brottsbalken, 3-7 kap. Brott mot person, 6 kap. Sexualbrott","Brott mot brottsbalken, 3-7 kap. Brott mot person, 6 kap. Sexualbrott, Våldtäkt inkl. grov (1, 4 §)","Brott mot brottsbalken, 3-7 kap. Brott mot person, 6 kap. Sexualbrott, Våldtäkt inkl. grov (1, 4 §), Indelat efter kön (ej mot barn under 15 år t.o.m. 2007)",False
13979,"Brott mot brottsbalken, 3-7 kap. Brott mot person, 6 kap. Sexualbrott, Våldtäkt inkl. grov (1, 4 §), Indelat efter kön (ej mot barn under 15 år t.o.m. 2007), Mot pojkar och män (ej mot barn under 15 år t.o.m. 2007), Mot man 18 år eller äldre (1 §) (15 år och äldre t.o.m. 2006), Försök till våldtäkt, Utomhus, Närstående genom parrelation",6,12819.0,"Brott mot brottsbalken, 3-7 kap. Brott mot person, 6 kap. Sexualbrott, Våldtäkt inkl. grov (1, 4 §), Indelat efter kön (ej mot barn under 15 år t.o.m. 2007)",Brott mot brottsbalken,"Brott mot brottsbalken, 3-7 kap. Brott mot person","Brott mot brottsbalken, 3-7 kap. Brott mot person, 6 kap. Sexualbrott","Brott mot brottsbalken, 3-7 kap. Brott mot person, 6 kap. Sexualbrott, Våldtäkt inkl. grov (1, 4 §)","Brott mot brottsbalken, 3-7 kap. Brott mot person, 6 kap. Sexualbrott, Våldtäkt inkl. grov (1, 4 §), Indelat efter kön (ej mot barn under 15 år t.o.m. 2007)",False
13987,"Brott mot brottsbalken, 3-7 kap. Brott mot person, 6 kap. Sexualbrott, Våldtäkt inkl. grov (1, 4 §), Indelat efter kön (ej mot barn under 15 år t.o.m. 2007), Mot pojkar och män (ej mot barn under 15 år t.o.m. 2007), Mot man 18 år eller äldre (1 §) (15 år och äldre t.o.m. 2006), Försök till våldtäkt, Utomhus, Närstående genom släktskap/familj",6,12819.0,"Brott mot brottsbalken, 3-7 kap. Brott mot person, 6 kap. Sexualbrott, Våldtäkt inkl. grov (1, 4 §), Indelat efter kön (ej mot barn under 15 år t.o.m. 2007)",Brott mot brottsbalken,"Brott mot brottsbalken, 3-7 kap. Brott mot person","Brott mot brottsbalken, 3-7 kap. Brott mot person, 6 kap. Sexualbrott","Brott mot brottsbalken, 3-7 kap. Brott mot person, 6 kap. Sexualbrott, Våldtäkt inkl. grov (1, 4 §)","Brott mot brottsbalken, 3-7 kap. Brott mot person, 6 kap. Sexualbrott, Våldtäkt inkl. grov (1, 4 §), Indelat efter kön (ej mot barn under 15 år t.o.m. 2007)",False
14003,"Brott mot brottsbalken, 3-7 kap. Brott mot person, 6 kap. Sexualbrott, Våldtäkt inkl. grov (1, 4 §), Indelat efter kön (ej mot barn under 15 år t.o.m. 2007), Mot pojkar och män (ej mot barn under 15 år t.o.m. 2007), Mot man 18 år eller äldre (1 §) (15 år och äldre t.o.m. 2006), Försök till våldtäkt, Utomhus, Obekanta",6,12819.0,"Brott mot brottsbalken, 3-7 kap. Brott mot person, 6 kap. Sexualbrott, Våldtäkt inkl. grov (1, 4 §), Indelat efter kön (ej mot barn under 15 år t.o.m. 2007)",Brott mot brottsbalken,"Brott mot brottsbalken, 3-7 kap. Brott mot person","Brott mot brottsbalken, 3-7 kap. Brott mot person, 6 kap. Sexualbrott","Brott mot brottsbalken, 3-7 kap. Brott mot person, 6 kap. Sexualbrott, Våldtäkt inkl. grov (1, 4 §)","Brott mot brottsbalken, 3-7 kap. Brott mot person, 6 kap. Sexualbrott, Våldtäkt inkl. grov (1, 4 §), Indelat efter kön (ej mot barn under 15 år t.o.m. 2007)",False
12924,"Brott mot brottsbalken, 3-7 kap. Brott mot person, 6 kap. Sexualbrott, Våldtäkt inkl. grov (1, 4 §), Indelat efter kön (ej mot barn under 15 år t.o.m. 2007), Mot pojkar och män (ej mot barn under 15 år t.o.m. 2007), Mot pojke 15-17 år (1, 4 §) ",6,12819.0,"Brott mot brottsbalken, 3-7 kap. Brott mot person, 6 kap. Sexualbrott, Våldtäkt inkl. grov (1, 4 §), Indelat efter kön (ej mot barn under 15 år t.o.m. 2007)",Brott mot brottsbalken,"Brott mot brottsbalken, 3-7 kap. Brott mot person","Brott mot brottsbalken, 3-7 kap. Brott mot person, 6 kap. Sexualbrott","Brott mot brottsbalken, 3-7 kap. Brott mot person, 6 kap. Sexualbrott, Våldtäkt inkl. grov (1, 4 §)","Brott mot brottsbalken, 3-7 kap. Brott mot person, 6 kap. Sexualbrott, Våldtäkt inkl. grov (1, 4 §), Indelat efter kön (ej mot barn under 15 år t.o.m. 2007)",False
12931,"Brott mot brottsbalken, 3-7 kap. Brott mot person, 6 kap. Sexualbrott, Våldtäkt inkl. grov (1, 4 §), Indelat efter kön (ej mot barn under 15 år t.o.m. 2007), Mot pojkar och män (ej mot barn under 15 år t.o.m. 2007), Mot pojke 15-17 år (1, 4 §) , Fullbordad våldtäkt",6,12819.0,"Brott mot brottsbalken, 3-7 kap. Brott mot person, 6 kap. Sexualbrott, Våldtäkt inkl. grov (1, 4 §), Indelat efter kön (ej mot barn under 15 år t.o.m. 2007)",Brott mot brottsbalken,"Brott mot brottsbalken, 3-7 kap. Brott mot person","Brott mot brottsbalken, 3-7 kap. Brott mot person, 6 kap. Sexualbrott","Brott mot brottsbalken, 3-7 kap. Brott mot person, 6 kap. Sexualbrott, Våldtäkt inkl. grov (1, 4 §)","Brott mot brottsbalken, 3-7 kap. Brott mot person, 6 kap. Sexualbrott, Våldtäkt inkl. grov (1, 4 §), Indelat efter kön (ej mot barn under 15 år t.o.m. 2007)",False
12959,"Brott mot brottsbalken, 3-7 kap. Brott mot person, 6 kap. Sexualbrott, Våldtäkt inkl. grov (1, 4 §), Indelat efter kön (ej mot barn under 15 år t.o.m. 2007), Mot pojkar och män (ej mot barn under 15 år t.o.m. 2007), Mot pojke 15-17 år (1, 4 §) , Fullbordad våldtäkt, Inomhus (t.o.m. 2024)",6,12819.0,"Brott mot brottsbalken, 3-7 kap. Brott mot person, 6 kap. Sexualbrott, Våldtäkt inkl. grov (1, 4 §), Indelat efter kön (ej mot barn under 15 år t.o.m. 2007)",Brott mot brottsbalken,"Brott mot brottsbalken, 3-7 kap. Brott mot person","Brott mot brottsbalken, 3-7 kap. Brott mot person, 6 kap. Sexualbrott","Brott mot brottsbalken, 3-7 kap. Brott mot person, 6 kap. Sexualbrott, Våldtäkt inkl. grov (1, 4 §)","Brott mot brottsbalken, 3-7 kap. Brott mot person, 6 kap. Sexualbrott, Våldtäkt inkl. grov (1, 4 §), Indelat efter kön (ej mot barn under 15 år t.o.m. 2007)",False
12947,"Brott mot brottsbalken, 3-7 kap. Brott mot person, 6 kap. Sexualbrott, Våldtäkt inkl. grov (1, 4 §), Indelat efter kön (ej mot barn under 15 år t.o.m. 2007), Mot pojkar och män (ej mot barn under 15 år t.o.m. 2007), Mot pojke 15-17 år (1, 4 §) , Fullbordad våldtäkt, Utomhus (t.o.m. 2024)",6,12819.0,"Brott mot brottsbalken, 3-7 kap. Brott mot person, 6 kap. Sexualbrott, Våldtäkt inkl. grov (1, 4 §), Indelat efter kön (ej mot barn under 15 år t.o.m. 2007)",Brott mot brottsbalken,"Brott mot brottsbalken, 3-7 kap. Brott mot person","Brott mot brottsbalken, 3-7 kap. Brott mot person, 6 kap. Sexualbrott","Brott mot brottsbalken, 3-7 kap. Brott mot person, 6 kap. Sexualbrott, Våldtäkt inkl. grov (1, 4 §)","Brott mot brottsbalken, 3-7 kap. Brott mot person, 6 kap. Sexualbrott, Våldtäkt inkl. grov (1, 4 §), Indelat efter kön (ej mot barn under 15 år t.o.m. 2007)",False
12937,"Brott mot brottsbalken, 3-7 kap. Brott mot person, 6 kap. Sexualbrott, Våldtäkt inkl. grov (1, 4 §), Indelat efter kön (ej mot barn under 15 år t.o.m. 2007), Mot pojkar och män (ej mot barn under 15 år t.o.m. 2007), Mot pojke 15-17 år (1, 4 §) , Försök till våldtäkt",6,12819.0,"Brott mot brottsbalken, 3-7 kap. Brott mot person, 6 kap. Sexualbrott, Våldtäkt inkl. grov (1, 4 §), Indelat efter kön (ej mot barn under 15 år t.o.m. 2007)",Brott mot brottsbalken,"Brott mot brottsbalken, 3-7 kap. Brott mot person","Brott mot brottsbalken, 3-7 kap. Brott mot person, 6 kap. Sexualbrott","Brott mot brottsbalken, 3-7 kap. Brott mot person, 6 kap. Sexualbrott, Våldtäkt inkl. grov (1, 4 §)","Brott mot brottsbalken, 3-7 kap. Brott mot person, 6 kap. Sexualbrott, Våldtäkt inkl. grov (1, 4 §), Indelat efter kön (ej mot barn under 15 år t.o.m. 2007)",False
12960,"Brott mot brottsbalken, 3-7 kap. Brott mot person, 6 kap. Sexualbrott, Våldtäkt inkl. grov (1, 4 §), Indelat efter kön (ej mot barn under 15 år t.o.m. 2007), Mot pojkar och män (ej mot barn under 15 år t.o.m. 2007), Mot pojke 15-17 år (1, 4 §) , Försök till våldtäkt, Inomhus (t.o.m. 2024)",6,12819.0,"Brott mot brottsbalken, 3-7 kap. Brott mot person, 6 kap. Sexualbrott, Våldtäkt inkl. grov (1, 4 §), Indelat efter kön (ej mot barn under 15 år t.o.m. 2007)",Brott mot brottsbalken,"Brott mot brottsbalken, 3-7 kap. Brott mot person","Brott mot brottsbalken, 3-7 kap. Brott mot person, 6 kap. Sexualbrott","Brott mot brottsbalken, 3-7 kap. Brott mot person, 6 kap. Sexualbrott, Våldtäkt inkl. grov (1, 4 §)","Brott mot brottsbalken, 3-7 kap. Brott mot person, 6 kap. Sexualbrott, Våldtäkt inkl. grov (1, 4 §), Indelat efter kön (ej mot barn under 15 år t.o.m. 2007)",False
12948,"Brott mot brottsbalken, 3-7 kap. Brott mot person, 6 kap. Sexualbrott, Våldtäkt inkl. grov (1, 4 §), Indelat efter kön (ej mot barn under 15 år t.o.m. 2007), Mot pojkar och män (ej mot barn under 15 år t.o.m. 2007), Mot pojke 15-17 år (1, 4 §) , Försök till våldtäkt, Utomhus (t.o.m. 2024)",6,12819.0,"Brott mot brottsbalken, 3-7 kap. Brott mot person, 6 kap. Sexualbrott, Våldtäkt inkl. grov (1, 4 §), Indelat efter kön (ej mot barn under 15 år t.o.m. 2007)",Brott mot brottsbalken,"Brott mot brottsbalken, 3-7 kap. Brott mot person","Brott mot brottsbalken, 3-7 kap. Brott mot person, 6 kap. Sexualbrott","Brott mot brottsbalken, 3-7 kap. Brott mot person, 6 kap. Sexualbrott, Våldtäkt inkl. grov (1, 4 §)","Brott mot brottsbalken, 3-7 kap. Brott mot person, 6 kap. Sexualbrott, Våldtäkt inkl. grov (1, 4 §), Indelat efter kön (ej mot barn under 15 år t.o.m. 2007)",False
12922,"Brott mot brottsbalken, 3-7 kap. Brott mot person, 6 kap. Sexualbrott, Våldtäkt inkl. grov (1, 4 §), Indelat efter kön (ej mot barn under 15 år t.o.m. 2007), Mot pojkar och män (ej mot barn under 15 år t.o.m. 2007), Mot pojke under 15 år (4 §)",6,12819.0,"Brott mot brottsbalken, 3-7 kap. Brott mot person, 6 kap. Sexualbrott, Våldtäkt inkl. grov (1, 4 §), Indelat efter kön (ej mot barn under 15 år t.o.m. 2007)",Brott mot brottsbalken,"Brott mot brottsbalken, 3-7 kap. Brott mot person","Brott mot brottsbalken, 3-7 kap. Brott mot person, 6 kap. Sexualbrott","Brott mot brottsbalken, 3-7 kap. Brott mot person, 6 kap. Sexualbrott, Våldtäkt inkl. grov (1, 4 §)","Brott mot brottsbalken, 3-7 kap. Brott mot person, 6 kap. Sexualbrott, Våldtäkt inkl. grov (1, 4 §), Indelat efter kön (ej mot barn under 15 år t.o.m. 2007)",False
12930,"Brott mot brottsbalken, 3-7 kap. Brott mot person, 6 kap. Sexualbrott, Våldtäkt inkl. grov (1, 4 §), Indelat efter kön (ej mot barn under 15 år t.o.m. 2007), Mot pojkar och män (ej mot barn under 15 år t.o.m. 2007), Mot pojke under 15 år (4 §), Fullbordad våldtäkt",6,12819.0,"Brott mot brottsbalken, 3-7 kap. Brott mot person, 6 kap. Sexualbrott, Våldtäkt inkl. grov (1, 4 §), Indelat efter kön (ej mot barn under 15 år t.o.m. 2007)",Brott mot brottsbalken,"Brott mot brottsbalken, 3-7 kap. Brott mot person","Brott mot brottsbalken, 3-7 kap. Brott mot person, 6 kap. Sexualbrott","Brott mot brottsbalken, 3-7 kap. Brott mot person, 6 kap. Sexualbrott, Våldtäkt inkl. grov (1, 4 §)","Brott mot brottsbalken, 3-7 kap. Brott mot person, 6 kap. Sexualbrott, Våldtäkt inkl. grov (1, 4 §), Indelat efter kön (ej mot barn under 15 år t.o.m. 2007)",False
12957,"Brott mot brottsbalken, 3-7 kap. Brott mot person, 6 kap. Sexualbrott, Våldtäkt inkl. grov (1, 4 §), Indelat efter kön (ej mot barn under 15 år t.o.m. 2007), Mot pojkar och män (ej mot barn under 15 år t.o.m. 2007), Mot pojke under 15 år (4 §), Fullbordad våldtäkt, Inomhus (t.o.m. 2024)",6,12819.0,"Brott mot brottsbalken, 3-7 kap. Brott mot person, 6 kap. Sexualbrott, Våldtäkt inkl. grov (1, 4 §), Indelat efter kön (ej mot barn under 15 år t.o.m. 2007)",Brott mot brottsbalken,"Brott mot brottsbalken, 3-7 kap. Brott mot person","Brott mot brottsbalken, 3-7 kap. Brott mot person, 6 kap. Sexualbrott","Brott mot brottsbalken, 3-7 kap. Brott mot person, 6 kap. Sexualbrott, Våldtäkt inkl. grov (1, 4 §)","Brott mot brottsbalken, 3-7 kap. Brott mot person, 6 kap. Sexualbrott, Våldtäkt inkl. grov (1, 4 §), Indelat efter kön (ej mot barn under 15 år t.o.m. 2007)",False
12945,"Brott mot brottsbalken, 3-7 kap. Brott mot person, 6 kap. Sexualbrott, Våldtäkt inkl. grov (1, 4 §), Indelat efter kön (ej mot barn under 15 år t.o.m. 2007), Mot pojkar och män (ej mot barn under 15 år t.o.m. 2007), Mot pojke under 15 år (4 §), Fullbordad våldtäkt, Utomhus (t.o.m. 2024)",6,12819.0,"Brott mot brottsbalken, 3-7 kap. Brott mot person, 6 kap. Sexualbrott, Våldtäkt inkl. grov (1, 4 §), Indelat efter kön (ej mot barn under 15 år t.o.m. 2007)",Brott mot brottsbalken,"Brott mot brottsbalken, 3-7 kap. Brott mot person","Brott mot brottsbalken, 3-7 kap. Brott mot person, 6 kap. Sexualbrott","Brott mot brottsbalken, 3-7 kap. Brott mot person, 6 kap. Sexualbrott, Våldtäkt inkl. grov (1, 4 §)","Brott mot brottsbalken, 3-7 kap. Brott mot person, 6 kap. Sexualbrott, Våldtäkt inkl. grov (1, 4 §), Indelat efter kön (ej mot barn under 15 år t.o.m. 2007)",False
12936,"Brott mot brottsbalken, 3-7 kap. Brott mot person, 6 kap. Sexualbrott, Våldtäkt inkl. grov (1, 4 §), Indelat efter kön (ej mot barn under 15 år t.o.m. 2007), Mot pojkar och män (ej mot barn under 15 år t.o.m. 2007), Mot pojke under 15 år (4 §), Försök till våldtäkt",6,12819.0,"Brott mot brottsbalken, 3-7 kap. Brott mot person, 6 kap. Sexualbrott, Våldtäkt inkl. grov (1, 4 §), Indelat efter kön (ej mot barn under 15 år t.o.m. 2007)",Brott mot brottsbalken,"Brott mot brottsbalken, 3-7 kap. Brott mot person","Brott mot brottsbalken, 3-7 kap. Brott mot person, 6 kap. Sexualbrott","Brott mot brottsbalken, 3-7 kap. Brott mot person, 6 kap. Sexualbrott, Våldtäkt inkl. grov (1, 4 §)","Brott mot brottsbalken, 3-7 kap. Brott mot person, 6 kap. Sexualbrott, Våldtäkt inkl. grov (1, 4 §), Indelat efter kön (ej mot barn under 15 år t.o.m. 2007)",False
12958,"Brott mot brottsbalken, 3-7 kap. Brott mot person, 6 kap. Sexualbrott, Våldtäkt inkl. grov (1, 4 §), Indelat efter kön (ej mot barn under 15 år t.o.m. 2007), Mot pojkar och män (ej mot barn under 15 år t.o.m. 2007), Mot pojke under 15 år (4 §), Försök till våldtäkt, Inomhus (t.o.m. 2024)",6,12819.0,"Brott mot brottsbalken, 3-7 kap. Brott mot person, 6 kap. Sexualbrott, Våldtäkt inkl. grov (1, 4 §), Indelat efter kön (ej mot barn under 15 år t.o.m. 2007)",Brott mot brottsbalken,"Brott mot brottsbalken, 3-7 kap. Brott mot person","Brott mot brottsbalken, 3-7 kap. Brott mot person, 6 kap. Sexualbrott","Brott mot brottsbalken, 3-7 kap. Brott mot person, 6 kap. Sexualbrott, Våldtäkt inkl. grov (1, 4 §)","Brott mot brottsbalken, 3-7 kap. Brott mot person, 6 kap. Sexualbrott, Våldtäkt inkl. grov (1, 4 §), Indelat efter kön (ej mot barn under 15 år t.o.m. 2007)",False
12946,"Brott mot brottsbalken, 3-7 kap. Brott mot person, 6 kap. Sexualbrott, Våldtäkt inkl. grov (1, 4 §), Indelat efter kön (ej mot barn under 15 år t.o.m. 2007), Mot pojkar och män (ej mot barn under 15 år t.o.m. 2007), Mot pojke under 15 år (4 §), Försök till våldtäkt, Utomhus (t.o.m. 2024)",6,12819.0,"Brott mot brottsbalken, 3-7 kap. Brott mot person, 6 kap. Sexualbrott, Våldtäkt inkl. grov (1, 4 §), Indelat efter kön (ej mot barn under 15 år t.o.m. 2007)",Brott mot brottsbalken,"Brott mot brottsbalken, 3-7 kap. Brott mot person","Brott mot brottsbalken, 3-7 kap. Brott mot person, 6 kap. Sexualbrott","Brott mot brottsbalken, 3-7 kap. Brott mot person, 6 kap. Sexualbrott, Våldtäkt inkl. grov (1, 4 §)","Brott mot brottsbalken, 3-7 kap. Brott mot person, 6 kap. Sexualbrott, Våldtäkt inkl. grov (1, 4 §), Indelat efter kön (ej mot barn under 15 år t.o.m. 2007)",False
12821,"Brott mot brottsbalken, 3-7 kap. Brott mot person, 6 kap. Sexualbrott, Våldtäkt inkl. grov (1, 4 §), Indelat efter ålder, Mot barn 15-17 år (1, 4 §)",6,12818.0,"Brott mot brottsbalken, 3-7 kap. Brott mot person, 6 kap. Sexualbrott, Våldtäkt inkl. grov (1, 4 §), Indelat efter ålder",Brott mot brottsbalken,"Brott mot brottsbalken, 3-7 kap. Brott mot person","Brott mot brottsbalken, 3-7 kap. Brott mot person, 6 kap. Sexualbrott","Brott mot brottsbalken, 3-7 kap. Brott mot person, 6 kap. Sexualbrott, Våldtäkt inkl. grov (1, 4 §)","Brott mot brottsbalken, 3-7 kap. Brott mot person, 6 kap. Sexualbrott, Våldtäkt inkl. grov (1, 4 §), Indelat efter ålder",False
12898,"Brott mot brottsbalken, 3-7 kap. Brott mot person, 6 kap. Sexualbrott, Våldtäkt inkl. grov (1, 4 §), Indelat efter ålder, Mot barn 15-17 år (1, 4 §), Mot flicka 15-17 år",6,12818.0,"Brott mot brottsbalken, 3-7 kap. Brott mot person, 6 kap. Sexualbrott, Våldtäkt inkl. grov (1, 4 §), Indelat efter ålder",Brott mot brottsbalken,"Brott mot brottsbalken, 3-7 kap. Brott mot person","Brott mot brottsbalken, 3-7 kap. Brott mot person, 6 kap. Sexualbrott","Brott mot brottsbalken, 3-7 kap. Brott mot person, 6 kap. Sexualbrott, Våldtäkt inkl. grov (1, 4 §)","Brott mot brottsbalken, 3-7 kap. Brott mot person, 6 kap. Sexualbrott, Våldtäkt inkl. grov (1, 4 §), Indelat efter ålder",False
12900,"Brott mot brottsbalken, 3-7 kap. Brott mot person, 6 kap. Sexualbrott, Våldtäkt inkl. grov (1, 4 §), Indelat efter ålder, Mot barn 15-17 år (1, 4 §), Mot flicka 15-17 år, Fullbordad våldtäkt",6,12818.0,"Brott mot brottsbalken, 3-7 kap. Brott mot person, 6 kap. Sexualbrott, Våldtäkt inkl. grov (1, 4 §), Indelat efter ålder",Brott mot brottsbalken,"Brott mot brottsbalken, 3-7 kap. Brott mot person","Brott mot brottsbalken, 3-7 kap. Brott mot person, 6 kap. Sexualbrott","Brott mot brottsbalken, 3-7 kap. Brott mot person, 6 kap. Sexualbrott, Våldtäkt inkl. grov (1, 4 §)","Brott mot brottsbalken, 3-7 kap. Brott mot person, 6 kap. Sexualbrott, Våldtäkt inkl. grov (1, 4 §), Indelat efter ålder",False
12918,"Brott mot brottsbalken, 3-7 kap. Brott mot person, 6 kap. Sexualbrott, Våldtäkt inkl. grov (1, 4 §), Indelat efter ålder, Mot barn 15-17 år (1, 4 §), Mot flicka 15-17 år, Fullbordad våldtäkt, Inomhus (t.o.m. 2024)",6,12818.0,"Brott mot brottsbalken, 3-7 kap. Brott mot person, 6 kap. Sexualbrott, Våldtäkt inkl. grov (1, 4 §), Indelat efter ålder",Brott mot brottsbalken,"Brott mot brottsbalken, 3-7 kap. Brott mot person","Brott mot brottsbalken, 3-7 kap. Brott mot person, 6 kap. Sexualbrott","Brott mot brottsbalken, 3-7 kap. Brott mot person, 6 kap. Sexualbrott, Våldtäkt inkl. grov (1, 4 §)","Brott mot brottsbalken, 3-7 kap. Brott mot person, 6 kap. Sexualbrott, Våldtäkt inkl. grov (1, 4 §), Indelat efter ålder",False
12904,"Brott mot brottsbalken, 3-7 kap. Brott mot person, 6 kap. Sexualbrott, Våldtäkt inkl. grov (1, 4 §), Indelat efter ålder, Mot barn 15-17 år (1, 4 §), Mot flicka 15-17 år, Fullbordad våldtäkt, Utomhus (t.o.m. 2024)",6,12818.0,"Brott mot brottsbalken, 3-7 kap. Brott mot person, 6 kap. Sexualbrott, Våldtäkt inkl. grov (1, 4 §), Indelat efter ålder",Brott mot brottsbalken,"Brott mot brottsbalken, 3-7 kap. Brott mot person","Brott mot brottsbalken, 3-7 kap. Brott mot person, 6 kap. Sexualbrott","Brott mot brottsbalken, 3-7 kap. Brott mot person, 6 kap. Sexualbrott, Våldtäkt inkl. grov (1, 4 §)","Brott mot brottsbalken, 3-7 kap. Brott mot person, 6 kap. Sexualbrott, Våldtäkt inkl. grov (1, 4 §), Indelat efter ålder",False
12902,"Brott mot brottsbalken, 3-7 kap. Brott mot person, 6 kap. Sexualbrott, Våldtäkt inkl. grov (1, 4 §), Indelat efter ålder, Mot barn 15-17 år (1, 4 §), Mot flicka 15-17 år, Försök till våldtäkt",6,12818.0,"Brott mot brottsbalken, 3-7 kap. Brott mot person, 6 kap. Sexualbrott, Våldtäkt inkl. grov (1, 4 §), Indelat efter ålder",Brott mot brottsbalken,"Brott mot brottsbalken, 3-7 kap. Brott mot person","Brott mot brottsbalken, 3-7 kap. Brott mot person, 6 kap. Sexualbrott","Brott mot brottsbalken, 3-7 kap. Brott mot person, 6 kap. Sexualbrott, Våldtäkt inkl. grov (1, 4 §)","Brott mot brottsbalken, 3-7 kap. Brott mot person, 6 kap. Sexualbrott, Våldtäkt inkl. grov (1, 4 §), Indelat efter ålder",False
12917,"Brott mot brottsbalken, 3-7 kap. Brott mot person, 6 kap. Sexualbrott, Våldtäkt inkl. grov (1, 4 §), Indelat efter ålder, Mot barn 15-17 år (1, 4 §), Mot flicka 15-17 år, Försök till våldtäkt, Inomhus (t.o.m. 2024)",6,12818.0,"Brott mot brottsbalken, 3-7 kap. Brott mot person, 6 kap. Sexualbrott, Våldtäkt inkl. grov (1, 4 §), Indelat efter ålder",Brott mot brottsbalken,"Brott mot brottsbalken, 3-7 kap. Brott mot person","Brott mot brottsbalken, 3-7 kap. Brott mot person, 6 kap. Sexualbrott","Brott mot brottsbalken, 3-7 kap. Brott mot person, 6 kap. Sexualbrott, Våldtäkt inkl. grov (1, 4 §)","Brott mot brottsbalken, 3-7 kap. Brott mot person, 6 kap. Sexualbrott, Våldtäkt inkl. grov (1, 4 §), Indelat efter ålder",False
12905,"Brott mot brottsbalken, 3-7 kap. Brott mot person, 6 kap. Sexualbrott, Våldtäkt inkl. grov (1, 4 §), Indelat efter ålder, Mot barn 15-17 år (1, 4 §), Mot flicka 15-17 år, Försök till våldtäkt, Utomhus (t.o.m. 2024)",6,12818.0,"Brott mot brottsbalken, 3-7 kap. Brott mot person, 6 kap. Sexualbrott, Våldtäkt inkl. grov (1, 4 §), Indelat efter ålder",Brott mot brottsbalken,"Brott mot brottsbalken, 3-7 kap. Brott mot person","Brott mot brottsbalken, 3-7 kap. Brott mot person, 6 kap. Sexualbrott","Brott mot brottsbalken, 3-7 kap. Brott mot person, 6 kap. Sexualbrott, Våldtäkt inkl. grov (1, 4 §)","Brott mot brottsbalken, 3-7 kap. Brott mot person, 6 kap. Sexualbrott, Våldtäkt inkl. grov (1, 4 §), Indelat efter ålder",False
12899,"Brott mot brottsbalken, 3-7 kap. Brott mot person, 6 kap. Sexualbrott, Våldtäkt inkl. grov (1, 4 §), Indelat efter ålder, Mot barn 15-17 år (1, 4 §), Mot pojke 15-17 år",6,12818.0,"Brott mot brottsbalken, 3-7 kap. Brott mot person, 6 kap. Sexualbrott, Våldtäkt inkl. grov (1, 4 §), Indelat efter ålder",Brott mot brottsbalken,"Brott mot brottsbalken, 3-7 kap. Brott mot person","Brott mot brottsbalken, 3-7 kap. Brott mot person, 6 kap. Sexualbrott","Brott mot brottsbalken, 3-7 kap. Brott mot person, 6 kap. Sexualbrott, Våldtäkt inkl. grov (1, 4 §)","Brott mot brottsbalken, 3-7 kap. Brott mot person, 6 kap. Sexualbrott, Våldtäkt inkl. grov (1, 4 §), Indelat efter ålder",False
12901,"Brott mot brottsbalken, 3-7 kap. Brott mot person, 6 kap. Sexualbrott, Våldtäkt inkl. grov (1, 4 §), Indelat efter ålder, Mot barn 15-17 år (1, 4 §), Mot pojke 15-17 år, Fullbordad våldtäkt",6,12818.0,"Brott mot brottsbalken, 3-7 kap. Brott mot person, 6 kap. Sexualbrott, Våldtäkt inkl. grov (1, 4 §), Indelat efter ålder",Brott mot brottsbalken,"Brott mot brottsbalken, 3-7 kap. Brott mot person","Brott mot brottsbalken, 3-7 kap. Brott mot person, 6 kap. Sexualbrott","Brott mot brottsbalken, 3-7 kap. Brott mot person, 6 kap. Sexualbrott, Våldtäkt inkl. grov (1, 4 §)","Brott mot brottsbalken, 3-7 kap. Brott mot person, 6 kap. Sexualbrott, Våldtäkt inkl. grov (1, 4 §), Indelat efter ålder",False
12916,"Brott mot brottsbalken, 3-7 kap. Brott mot person, 6 kap. Sexualbrott, Våldtäkt inkl. grov (1, 4 §), Indelat efter ålder, Mot barn 15-17 år (1, 4 §), Mot pojke 15-17 år, Fullbordad våldtäkt, Inomhus (t.o.m. 2024)",6,12818.0,"Brott mot brottsbalken, 3-7 kap. Brott mot person, 6 kap. Sexualbrott, Våldtäkt inkl. grov (1, 4 §), Indelat efter ålder",Brott mot brottsbalken,"Brott mot brottsbalken, 3-7 kap. Brott mot person","Brott mot brottsbalken, 3-7 kap. Brott mot person, 6 kap. Sexualbrott","Brott mot brottsbalken, 3-7 kap. Brott mot person, 6 kap. Sexualbrott, Våldtäkt inkl. grov (1, 4 §)","Brott mot brottsbalken, 3-7 kap. Brott mot person, 6 kap. Sexualbrott, Våldtäkt inkl. grov (1, 4 §), Indelat efter ålder",False
12906,"Brott mot brottsbalken, 3-7 kap. Brott mot person, 6 kap. Sexualbrott, Våldtäkt inkl. grov (1, 4 §), Indelat efter ålder, Mot barn 15-17 år (1, 4 §), Mot pojke 15-17 år, Fullbordad våldtäkt, Utomhus (t.o.m. 2024)",6,12818.0,"Brott mot brottsbalken, 3-7 kap. Brott mot person, 6 kap. Sexualbrott, Våldtäkt inkl. grov (1, 4 §), Indelat efter ålder",Brott mot brottsbalken,"Brott mot brottsbalken, 3-7 kap. Brott mot person","Brott mot brottsbalken, 3-7 kap. Brott mot person, 6 kap. Sexualbrott","Brott mot brottsbalken, 3-7 kap. Brott mot person, 6 kap. Sexualbrott, Våldtäkt inkl. grov (1, 4 §)","Brott mot brottsbalken, 3-7 kap. Brott mot person, 6 kap. Sexualbrott, Våldtäkt inkl. grov (1, 4 §), Indelat efter ålder",False
12903,"Brott mot brottsbalken, 3-7 kap. Brott mot person, 6 kap. Sexualbrott, Våldtäkt inkl. grov (1, 4 §), Indelat efter ålder, Mot barn 15-17 år (1, 4 §), Mot pojke 15-17 år, Försök till våldtäkt",6,12818.0,"Brott mot brottsbalken, 3-7 kap. Brott mot person, 6 kap. Sexualbrott, Våldtäkt inkl. grov (1, 4 §), Indelat efter ålder",Brott mot brottsbalken,"Brott mot brottsbalken, 3-7 kap. Brott mot person","Brott mot brottsbalken, 3-7 kap. Brott mot person, 6 kap. Sexualbrott","Brott mot brottsbalken, 3-7 kap. Brott mot person, 6 kap. Sexualbrott, Våldtäkt inkl. grov (1, 4 §)","Brott mot brottsbalken, 3-7 kap. Brott mot person, 6 kap. Sexualbrott, Våldtäkt inkl. grov (1, 4 §), Indelat efter ålder",False
12915,"Brott mot brottsbalken, 3-7 kap. Brott mot person, 6 kap. Sexualbrott, Våldtäkt inkl. grov (1, 4 §), Indelat efter ålder, Mot barn 15-17 år (1, 4 §), Mot pojke 15-17 år, Försök till våldtäkt, Inomhus (t.o.m. 2024)",6,12818.0,"Brott mot brottsbalken, 3-7 kap. Brott mot person, 6 kap. Sexualbrott, Våldtäkt inkl. grov (1, 4 §), Indelat efter ålder",Brott mot brottsbalken,"Brott mot brottsbalken, 3-7 kap. Brott mot person","Brott mot brottsbalken, 3-7 kap. Brott mot person, 6 kap. Sexualbrott","Brott mot brottsbalken, 3-7 kap. Brott mot person, 6 kap. Sexualbrott, Våldtäkt inkl. grov (1, 4 §)","Brott mot brottsbalken, 3-7 kap. Brott mot person, 6 kap. Sexualbrott, Våldtäkt inkl. grov (1, 4 §), Indelat efter ålder",False
12907,"Brott mot brottsbalken, 3-7 kap. Brott mot person, 6 kap. Sexualbrott, Våldtäkt inkl. grov (1, 4 §), Indelat efter ålder, Mot barn 15-17 år (1, 4 §), Mot pojke 15-17 år, Försök till våldtäkt, Utomhus (t.o.m. 2024)",6,12818.0,"Brott mot brottsbalken, 3-7 kap. Brott mot person, 6 kap. Sexualbrott, Våldtäkt inkl. grov (1, 4 §), Indelat efter ålder",Brott mot brottsbalken,"Brott mot brottsbalken, 3-7 kap. Brott mot person","Brott mot brottsbalken, 3-7 kap. Brott mot person, 6 kap. Sexualbrott","Brott mot brottsbalken, 3-7 kap. Brott mot person, 6 kap. Sexualbrott, Våldtäkt inkl. grov (1, 4 §)","Brott mot brottsbalken, 3-7 kap. Brott mot person, 6 kap. Sexualbrott, Våldtäkt inkl. grov (1, 4 §), Indelat efter ålder",False
12820,"Brott mot brottsbalken, 3-7 kap. Brott mot person, 6 kap. Sexualbrott, Våldtäkt inkl. grov (1, 4 §), Indelat efter ålder, Mot barn under 15 år (4 §)",6,12818.0,"Brott mot brottsbalken, 3-7 kap. Brott mot person, 6 kap. Sexualbrott, Våldtäkt inkl. grov (1, 4 §), Indelat efter ålder",Brott mot brottsbalken,"Brott mot brottsbalken, 3-7 kap. Brott mot person","Brott mot brottsbalken, 3-7 kap. Brott mot person, 6 kap. Sexualbrott","Brott mot brottsbalken, 3-7 kap. Brott mot person, 6 kap. Sexualbrott, Våldtäkt inkl. grov (1, 4 §)","Brott mot brottsbalken, 3-7 kap. Brott mot person, 6 kap. Sexualbrott, Våldtäkt inkl. grov (1, 4 §), Indelat efter ålder",False
12878,"Brott mot brottsbalken, 3-7 kap. Brott mot person, 6 kap. Sexualbrott, Våldtäkt inkl. grov (1, 4 §), Indelat efter ålder, Mot barn under 15 år (4 §), Fullbordad våldtäkt",6,12818.0,"Brott mot brottsbalken, 3-7 kap. Brott mot person, 6 kap. Sexualbrott, Våldtäkt inkl. grov (1, 4 §), Indelat efter ålder",Brott mot brottsbalken,"Brott mot brottsbalken, 3-7 kap. Brott mot person","Brott mot brottsbalken, 3-7 kap. Brott mot person, 6 kap. Sexualbrott","Brott mot brottsbalken, 3-7 kap. Brott mot person, 6 kap. Sexualbrott, Våldtäkt inkl. grov (1, 4 §)","Brott mot brottsbalken, 3-7 kap. Brott mot person, 6 kap. Sexualbrott, Våldtäkt inkl. grov (1, 4 §), Indelat efter ålder",False
12892,"Brott mot brottsbalken, 3-7 kap. Brott mot person, 6 kap. Sexualbrott, Våldtäkt inkl. grov (1, 4 §), Indelat efter ålder, Mot barn under 15 år (4 §), Fullbordad våldtäkt, Inomhus (t.o.m. 2024)",6,12818.0,"Brott mot brottsbalken, 3-7 kap. Brott mot person, 6 kap. Sexualbrott, Våldtäkt inkl. grov (1, 4 §), Indelat efter ålder",Brott mot brottsbalken,"Brott mot brottsbalken, 3-7 kap. Brott mot person","Brott mot brottsbalken, 3-7 kap. Brott mot person, 6 kap. Sexualbrott","Brott mot brottsbalken, 3-7 kap. Brott mot person, 6 kap. Sexualbrott, Våldtäkt inkl. grov (1, 4 §)","Brott mot brottsbalken, 3-7 kap. Brott mot person, 6 kap. Sexualbrott, Våldtäkt inkl. grov (1, 4 §), Indelat efter ålder",False
12886,"Brott mot brottsbalken, 3-7 kap. Brott mot person, 6 kap. Sexualbrott, Våldtäkt inkl. grov (1, 4 §), Indelat efter ålder, Mot barn under 15 år (4 §), Fullbordad våldtäkt, Utomhus (t.o.m. 2024)",6,12818.0,"Brott mot brottsbalken, 3-7 kap. Brott mot person, 6 kap. Sexualbrott, Våldtäkt inkl. grov (1, 4 §), Indelat efter ålder",Brott mot brottsbalken,"Brott mot brottsbalken, 3-7 kap. Brott mot person","Brott mot brottsbalken, 3-7 kap. Brott mot person, 6 kap. Sexualbrott","Brott mot brottsbalken, 3-7 kap. Brott mot person, 6 kap. Sexualbrott, Våldtäkt inkl. grov (1, 4 §)","Brott mot brottsbalken, 3-7 kap. Brott mot person, 6 kap. Sexualbrott, Våldtäkt inkl. grov (1, 4 §), Indelat efter ålder",False
12879,"Brott mot brottsbalken, 3-7 kap. Brott mot person, 6 kap. Sexualbrott, Våldtäkt inkl. grov (1, 4 §), Indelat efter ålder, Mot barn under 15 år (4 §), Försök till våldtäkt",6,12818.0,"Brott mot brottsbalken, 3-7 kap. Brott mot person, 6 kap. Sexualbrott, Våldtäkt inkl. grov (1, 4 §), Indelat efter ålder",Brott mot brottsbalken,"Brott mot brottsbalken, 3-7 kap. Brott mot person","Brott mot brottsbalken, 3-7 kap. Brott mot person, 6 kap. Sexualbrott","Brott mot brottsbalken, 3-7 kap. Brott mot person, 6 kap. Sexualbrott, Våldtäkt inkl. grov (1, 4 §)","Brott mot brottsbalken, 3-7 kap. Brott mot person, 6 kap. Sexualbrott, Våldtäkt inkl. grov (1, 4 §), Indelat efter ålder",False
12893,"Brott mot brottsbalken, 3-7 kap. Brott mot person, 6 kap. Sexualbrott, Våldtäkt inkl. grov (1, 4 §), Indelat efter ålder, Mot barn under 15 år (4 §), Försök till våldtäkt, Inomhus (t.o.m. 2024)",6,12818.0,"Brott mot brottsbalken, 3-7 kap. Brott mot person, 6 kap. Sexualbrott, Våldtäkt inkl. grov (1, 4 §), Indelat efter ålder",Brott mot brottsbalken,"Brott mot brottsbalken, 3-7 kap. Brott mot person","Brott mot brottsbalken, 3-7 kap. Brott mot person, 6 kap. Sexualbrott","Brott mot brottsbalken, 3-7 kap. Brott mot person, 6 kap. Sexualbrott, Våldtäkt inkl. grov (1, 4 §)","Brott mot brottsbalken, 3-7 kap. Brott mot person, 6 kap. Sexualbrott, Våldtäkt inkl. grov (1, 4 §), Indelat efter ålder",False
12887,"Brott mot brottsbalken, 3-7 kap. Brott mot person, 6 kap. Sexualbrott, Våldtäkt inkl. grov (1, 4 §), Indelat efter ålder, Mot barn under 15 år (4 §), Försök till våldtäkt, Utomhus (t.o.m. 2024)",6,12818.0,"Brott mot brottsbalken, 3-7 kap. Brott mot person, 6 kap. Sexualbrott, Våldtäkt inkl. grov (1, 4 §), Indelat efter ålder",Brott mot brottsbalken,"Brott mot brottsbalken, 3-7 kap. Brott mot person","Brott mot brottsbalken, 3-7 kap. Brott mot person, 6 kap. Sexualbrott","Brott mot brottsbalken, 3-7 kap. Brott mot person, 6 kap. Sexualbrott, Våldtäkt inkl. grov (1, 4 §)","Brott mot brottsbalken, 3-7 kap. Brott mot person, 6 kap. Sexualbrott, Våldtäkt inkl. grov (1, 4 §), Indelat efter ålder",False
12880,"Brott mot brottsbalken, 3-7 kap. Brott mot person, 6 kap. Sexualbrott, Våldtäkt inkl. grov (1, 4 §), Indelat efter ålder, Mot barn under 15 år (4 §), Mot flicka under 15 år",6,12818.0,"Brott mot brottsbalken, 3-7 kap. Brott mot person, 6 kap. Sexualbrott, Våldtäkt inkl. grov (1, 4 §), Indelat efter ålder",Brott mot brottsbalken,"Brott mot brottsbalken, 3-7 kap. Brott mot person","Brott mot brottsbalken, 3-7 kap. Brott mot person, 6 kap. Sexualbrott","Brott mot brottsbalken, 3-7 kap. Brott mot person, 6 kap. Sexualbrott, Våldtäkt inkl. grov (1, 4 §)","Brott mot brottsbalken, 3-7 kap. Brott mot person, 6 kap. Sexualbrott, Våldtäkt inkl. grov (1, 4 §), Indelat efter ålder",False
12882,"Brott mot brottsbalken, 3-7 kap. Brott mot person, 6 kap. Sexualbrott, Våldtäkt inkl. grov (1, 4 §), Indelat efter ålder, Mot barn under 15 år (4 §), Mot flicka under 15 år, Fullbordad våldtäkt",6,12818.0,"Brott mot brottsbalken, 3-7 kap. Brott mot person, 6 kap. Sexualbrott, Våldtäkt inkl. grov (1, 4 §), Indelat efter ålder",Brott mot brottsbalken,"Brott mot brottsbalken, 3-7 kap. Brott mot person","Brott mot brottsbalken, 3-7 kap. Brott mot person, 6 kap. Sexualbrott","Brott mot brottsbalken, 3-7 kap. Brott mot person, 6 kap. Sexualbrott, Våldtäkt inkl. grov (1, 4 §)","Brott mot brottsbalken, 3-7 kap. Brott mot person, 6 kap. Sexualbrott, Våldtäkt inkl. grov (1, 4 §), Indelat efter ålder",False
12894,"Brott mot brottsbalken, 3-7 kap. Brott mot person, 6 kap. Sexualbrott, Våldtäkt inkl. grov (1, 4 §), Indelat efter ålder, Mot barn under 15 år (4 §), Mot flicka under 15 år, Fullbordad våldtäkt, Inomhus (t.o.m. 2024)",6,12818.0,"Brott mot brottsbalken, 3-7 kap. Brott mot person, 6 kap. Sexualbrott, Våldtäkt inkl. grov (1, 4 §), Indelat efter ålder",Brott mot brottsbalken,"Brott mot brottsbalken, 3-7 kap. Brott mot person","Brott mot brottsbalken, 3-7 kap. Brott mot person, 6 kap. Sexualbrott","Brott mot brottsbalken, 3-7 kap. Brott mot person, 6 kap. Sexualbrott, Våldtäkt inkl. grov (1, 4 §)","Brott mot brottsbalken, 3-7 kap. Brott mot person, 6 kap. Sexualbrott, Våldtäkt inkl. grov (1, 4 §), Indelat efter ålder",False
12888,"Brott mot brottsbalken, 3-7 kap. Brott mot person, 6 kap. Sexualbrott, Våldtäkt inkl. grov (1, 4 §), Indelat efter ålder, Mot barn under 15 år (4 §), Mot flicka under 15 år, Fullbordad våldtäkt, Utomhus (t.o.m. 2024)",6,12818.0,"Brott mot brottsbalken, 3-7 kap. Brott mot person, 6 kap. Sexualbrott, Våldtäkt inkl. grov (1, 4 §), Indelat efter ålder",Brott mot brottsbalken,"Brott mot brottsbalken, 3-7 kap. Brott mot person","Brott mot brottsbalken, 3-7 kap. Brott mot person, 6 kap. Sexualbrott","Brott mot brottsbalken, 3-7 kap. Brott mot person, 6 kap. Sexualbrott, Våldtäkt inkl. grov (1, 4 §)","Brott mot brottsbalken, 3-7 kap. Brott mot person, 6 kap. Sexualbrott, Våldtäkt inkl. grov (1, 4 §), Indelat efter ålder",False
12884,"Brott mot brottsbalken, 3-7 kap. Brott mot person, 6 kap. Sexualbrott, Våldtäkt inkl. grov (1, 4 §), Indelat efter ålder, Mot barn under 15 år (4 §), Mot flicka under 15 år, Försök till våldtäkt",6,12818.0,"Brott mot brottsbalken, 3-7 kap. Brott mot person, 6 kap. Sexualbrott, Våldtäkt inkl. grov (1, 4 §), Indelat efter ålder",Brott mot brottsbalken,"Brott mot brottsbalken, 3-7 kap. Brott mot person","Brott mot brottsbalken, 3-7 kap. Brott mot person, 6 kap. Sexualbrott","Brott mot brottsbalken, 3-7 kap. Brott mot person, 6 kap. Sexualbrott, Våldtäkt inkl. grov (1, 4 §)","Brott mot brottsbalken, 3-7 kap. Brott mot person, 6 kap. Sexualbrott, Våldtäkt inkl. grov (1, 4 §), Indelat efter ålder",False
12895,"Brott mot brottsbalken, 3-7 kap. Brott mot person, 6 kap. Sexualbrott, Våldtäkt inkl. grov (1, 4 §), Indelat efter ålder, Mot barn under 15 år (4 §), Mot flicka under 15 år, Försök till våldtäkt, Inomhus (t.o.m. 2024)",6,12818.0,"Brott mot brottsbalken, 3-7 kap. Brott mot person, 6 kap. Sexualbrott, Våldtäkt inkl. grov (1, 4 §), Indelat efter ålder",Brott mot brottsbalken,"Brott mot brottsbalken, 3-7 kap. Brott mot person","Brott mot brottsbalken, 3-7 kap. Brott mot person, 6 kap. Sexualbrott","Brott mot brottsbalken, 3-7 kap. Brott mot person, 6 kap. Sexualbrott, Våldtäkt inkl. grov (1, 4 §)","Brott mot brottsbalken, 3-7 kap. Brott mot person, 6 kap. Sexualbrott, Våldtäkt inkl. grov (1, 4 §), Indelat efter ålder",False
12889,"Brott mot brottsbalken, 3-7 kap. Brott mot person, 6 kap. Sexualbrott, Våldtäkt inkl. grov (1, 4 §), Indelat efter ålder, Mot barn under 15 år (4 §), Mot flicka under 15 år, Försök till våldtäkt, Utomhus (t.o.m. 2024)",6,12818.0,"Brott mot brottsbalken, 3-7 kap. Brott mot person, 6 kap. Sexualbrott, Våldtäkt inkl. grov (1, 4 §), Indelat efter ålder",Brott mot brottsbalken,"Brott mot brottsbalken, 3-7 kap. Brott mot person","Brott mot brottsbalken, 3-7 kap. Brott mot person, 6 kap. Sexualbrott","Brott mot brottsbalken, 3-7 kap. Brott mot person, 6 kap. Sexualbrott, Våldtäkt inkl. grov (1, 4 §)","Brott mot brottsbalken, 3-7 kap. Brott mot person, 6 kap. Sexualbrott, Våldtäkt inkl. grov (1, 4 §), Indelat efter ålder",False
12881,"Brott mot brottsbalken, 3-7 kap. Brott mot person, 6 kap. Sexualbrott, Våldtäkt inkl. grov (1, 4 §), Indelat efter ålder, Mot barn under 15 år (4 §), Mot pojke under 15 år",6,12818.0,"Brott mot brottsbalken, 3-7 kap. Brott mot person, 6 kap. Sexualbrott, Våldtäkt inkl. grov (1, 4 §), Indelat efter ålder",Brott mot brottsbalken,"Brott mot brottsbalken, 3-7 kap. Brott mot person","Brott mot brottsbalken, 3-7 kap. Brott mot person, 6 kap. Sexualbrott","Brott mot brottsbalken, 3-7 kap. Brott mot person, 6 kap. Sexualbrott, Våldtäkt inkl. grov (1, 4 §)","Brott mot brottsbalken, 3-7 kap. Brott mot person, 6 kap. Sexualbrott, Våldtäkt inkl. grov (1, 4 §), Indelat efter ålder",False
12883,"Brott mot brottsbalken, 3-7 kap. Brott mot person, 6 kap. Sexualbrott, Våldtäkt inkl. grov (1, 4 §), Indelat efter ålder, Mot barn under 15 år (4 §), Mot pojke under 15 år, Fullbordad våldtäkt",6,12818.0,"Brott mot brottsbalken, 3-7 kap. Brott mot person, 6 kap. Sexualbrott, Våldtäkt inkl. grov (1, 4 §), Indelat efter ålder",Brott mot brottsbalken,"Brott mot brottsbalken, 3-7 kap. Brott mot person","Brott mot brottsbalken, 3-7 kap. Brott mot person, 6 kap. Sexualbrott","Brott mot brottsbalken, 3-7 kap. Brott mot person, 6 kap. Sexualbrott, Våldtäkt inkl. grov (1, 4 §)","Brott mot brottsbalken, 3-7 kap. Brott mot person, 6 kap. Sexualbrott, Våldtäkt inkl. grov (1, 4 §), Indelat efter ålder",False
12896,"Brott mot brottsbalken, 3-7 kap. Brott mot person, 6 kap. Sexualbrott, Våldtäkt inkl. grov (1, 4 §), Indelat efter ålder, Mot barn under 15 år (4 §), Mot pojke under 15 år, Fullbordad våldtäkt, Inomhus (t.o.m. 2024)",6,12818.0,"Brott mot brottsbalken, 3-7 kap. Brott mot person, 6 kap. Sexualbrott, Våldtäkt inkl. grov (1, 4 §), Indelat efter ålder",Brott mot brottsbalken,"Brott mot brottsbalken, 3-7 kap. Brott mot person","Brott mot brottsbalken, 3-7 kap. Brott mot person, 6 kap. Sexualbrott","Brott mot brottsbalken, 3-7 kap. Brott mot person, 6 kap. Sexualbrott, Våldtäkt inkl. grov (1, 4 §)","Brott mot brottsbalken, 3-7 kap. Brott mot person, 6 kap. Sexualbrott, Våldtäkt inkl. grov (1, 4 §), Indelat efter ålder",False
12890,"Brott mot brottsbalken, 3-7 kap. Brott mot person, 6 kap. Sexualbrott, Våldtäkt inkl. grov (1, 4 §), Indelat efter ålder, Mot barn under 15 år (4 §), Mot pojke under 15 år, Fullbordad våldtäkt, Utomhus (t.o.m. 2024)",6,12818.0,"Brott mot brottsbalken, 3-7 kap. Brott mot person, 6 kap. Sexualbrott, Våldtäkt inkl. grov (1, 4 §), Indelat efter ålder",Brott mot brottsbalken,"Brott mot brottsbalken, 3-7 kap. Brott mot person","Brott mot brottsbalken, 3-7 kap. Brott mot person, 6 kap. Sexualbrott","Brott mot brottsbalken, 3-7 kap. Brott mot person, 6 kap. Sexualbrott, Våldtäkt inkl. grov (1, 4 §)","Brott mot brottsbalken, 3-7 kap. Brott mot person, 6 kap. Sexualbrott, Våldtäkt inkl. grov (1, 4 §), Indelat efter ålder",False
12885,"Brott mot brottsbalken, 3-7 kap. Brott mot person, 6 kap. Sexualbrott, Våldtäkt inkl. grov (1, 4 §), Indelat efter ålder, Mot barn under 15 år (4 §), Mot pojke under 15 år, Försök till våldtäkt",6,12818.0,"Brott mot brottsbalken, 3-7 kap. Brott mot person, 6 kap. Sexualbrott, Våldtäkt inkl. grov (1, 4 §), Indelat efter ålder",Brott mot brottsbalken,"Brott mot brottsbalken, 3-7 kap. Brott mot person","Brott mot brottsbalken, 3-7 kap. Brott mot person, 6 kap. Sexualbrott","Brott mot brottsbalken, 3-7 kap. Brott mot person, 6 kap. Sexualbrott, Våldtäkt inkl. grov (1, 4 §)","Brott mot brottsbalken, 3-7 kap. Brott mot person, 6 kap. Sexualbrott, Våldtäkt inkl. grov (1, 4 §), Indelat efter ålder",False
12897,"Brott mot brottsbalken, 3-7 kap. Brott mot person, 6 kap. Sexualbrott, Våldtäkt inkl. grov (1, 4 §), Indelat efter ålder, Mot barn under 15 år (4 §), Mot pojke under 15 år, Försök till våldtäkt, Inomhus (t.o.m. 2024)",6,12818.0,"Brott mot brottsbalken, 3-7 kap. Brott mot person, 6 kap. Sexualbrott, Våldtäkt inkl. grov (1, 4 §), Indelat efter ålder",Brott mot brottsbalken,"Brott mot brottsbalken, 3-7 kap. Brott mot person","Brott mot brottsbalken, 3-7 kap. Brott mot person, 6 kap. Sexualbrott","Brott mot brottsbalken, 3-7 kap. Brott mot person, 6 kap. Sexualbrott, Våldtäkt inkl. grov (1, 4 §)","Brott mot brottsbalken, 3-7 kap. Brott mot person, 6 kap. Sexualbrott, Våldtäkt inkl. grov (1, 4 §), Indelat efter ålder",False
12891,"Brott mot brottsbalken, 3-7 kap. Brott mot person, 6 kap. Sexualbrott, Våldtäkt inkl. grov (1, 4 §), Indelat efter ålder, Mot barn under 15 år (4 §), Mot pojke under 15 år, Försök till våldtäkt, Utomhus (t.o.m. 2024)",6,12818.0,"Brott mot brottsbalken, 3-7 kap. Brott mot person, 6 kap. Sexualbrott, Våldtäkt inkl. grov (1, 4 §), Indelat efter ålder",Brott mot brottsbalken,"Brott mot brottsbalken, 3-7 kap. Brott mot person","Brott mot brottsbalken, 3-7 kap. Brott mot person, 6 kap. Sexualbrott","Brott mot brottsbalken, 3-7 kap. Brott mot person, 6 kap. Sexualbrott, Våldtäkt inkl. grov (1, 4 §)","Brott mot brottsbalken, 3-7 kap. Brott mot person, 6 kap. Sexualbrott, Våldtäkt inkl. grov (1, 4 §), Indelat efter ålder",False
12908,"Brott mot brottsbalken, 3-7 kap. Brott mot person, 6 kap. Sexualbrott, Våldtäkt inkl. grov (1, 4 §), Indelat efter ålder, Mot kvinna 18 år eller äldre (1 §) (15 år och äldre t.o.m. 2006)",6,12818.0,"Brott mot brottsbalken, 3-7 kap. Brott mot person, 6 kap. Sexualbrott, Våldtäkt inkl. grov (1, 4 §), Indelat efter ålder",Brott mot brottsbalken,"Brott mot brottsbalken, 3-7 kap. Brott mot person","Brott mot brottsbalken, 3-7 kap. Brott mot person, 6 kap. Sexualbrott","Brott mot brottsbalken, 3-7 kap. Brott mot person, 6 kap. Sexualbrott, Våldtäkt inkl. grov (1, 4 §)","Brott mot brottsbalken, 3-7 kap. Brott mot person, 6 kap. Sexualbrott, Våldtäkt inkl. grov (1, 4 §), Indelat efter ålder",False
12909,"Brott mot brottsbalken, 3-7 kap. Brott mot person, 6 kap. Sexualbrott, Våldtäkt inkl. grov (1, 4 §), Indelat efter ålder, Mot kvinna 18 år eller äldre (1 §) (15 år och äldre t.o.m. 2006), Fullbordad våldtäkt",6,12818.0,"Brott mot brottsbalken, 3-7 kap. Brott mot person, 6 kap. Sexualbrott, Våldtäkt inkl. grov (1, 4 §), Indelat efter ålder",Brott mot brottsbalken,"Brott mot brottsbalken, 3-7 kap. Brott mot person","Brott mot brottsbalken, 3-7 kap. Brott mot person, 6 kap. Sexualbrott","Brott mot brottsbalken, 3-7 kap. Brott mot person, 6 kap. Sexualbrott, Våldtäkt inkl. grov (1, 4 §)","Brott mot brottsbalken, 3-7 kap. Brott mot person, 6 kap. Sexualbrott, Våldtäkt inkl. grov (1, 4 §), Indelat efter ålder",False
12914,"Brott mot brottsbalken, 3-7 kap. Brott mot person, 6 kap. Sexualbrott, Våldtäkt inkl. grov (1, 4 §), Indelat efter ålder, Mot kvinna 18 år eller äldre (1 §) (15 år och äldre t.o.m. 2006), Fullbordad våldtäkt, Inomhus",6,12818.0,"Brott mot brottsbalken, 3-7 kap. Brott mot person, 6 kap. Sexualbrott, Våldtäkt inkl. grov (1, 4 §), Indelat efter ålder",Brott mot brottsbalken,"Brott mot brottsbalken, 3-7 kap. Brott mot person","Brott mot brottsbalken, 3-7 kap. Brott mot person, 6 kap. Sexualbrott","Brott mot brottsbalken, 3-7 kap. Brott mot person, 6 kap. Sexualbrott, Våldtäkt inkl. grov (1, 4 §)","Brott mot brottsbalken, 3-7 kap. Brott mot person, 6 kap. Sexualbrott, Våldtäkt inkl. grov (1, 4 §), Indelat efter ålder",False
13962,"Brott mot brottsbalken, 3-7 kap. Brott mot person, 6 kap. Sexualbrott, Våldtäkt inkl. grov (1, 4 §), Indelat efter ålder, Mot kvinna 18 år eller äldre (1 §) (15 år och äldre t.o.m. 2006), Fullbordad våldtäkt, Inomhus, Annan slags relation",6,12818.0,"Brott mot brottsbalken, 3-7 kap. Brott mot person, 6 kap. Sexualbrott, Våldtäkt inkl. grov (1, 4 §), Indelat efter ålder",Brott mot brottsbalken,"Brott mot brottsbalken, 3-7 kap. Brott mot person","Brott mot brottsbalken, 3-7 kap. Brott mot person, 6 kap. Sexualbrott","Brott mot brottsbalken, 3-7 kap. Brott mot person, 6 kap. Sexualbrott, Våldtäkt inkl. grov (1, 4 §)","Brott mot brottsbalken, 3-7 kap. Brott mot person, 6 kap. Sexualbrott, Våldtäkt inkl. grov (1, 4 §), Indelat efter ålder",False
13950,"Brott mot brottsbalken, 3-7 kap. Brott mot person, 6 kap. Sexualbrott, Våldtäkt inkl. grov (1, 4 §), Indelat efter ålder, Mot kvinna 18 år eller äldre (1 §) (15 år och äldre t.o.m. 2006), Fullbordad våldtäkt, Inomhus, Närstående genom parrelation",6,12818.0,"Brott mot brottsbalken, 3-7 kap. Brott mot person, 6 kap. Sexualbrott, Våldtäkt inkl. grov (1, 4 §), Indelat efter ålder",Brott mot brottsbalken,"Brott mot brottsbalken, 3-7 kap. Brott mot person","Brott mot brottsbalken, 3-7 kap. Brott mot person, 6 kap. Sexualbrott","Brott mot brottsbalken, 3-7 kap. Brott mot person, 6 kap. Sexualbrott, Våldtäkt inkl. grov (1, 4 §)","Brott mot brottsbalken, 3-7 kap. Brott mot person, 6 kap. Sexualbrott, Våldtäkt inkl. grov (1, 4 §), Indelat efter ålder",False
13954,"Brott mot brottsbalken, 3-7 kap. Brott mot person, 6 kap. Sexualbrott, Våldtäkt inkl. grov (1, 4 §), Indelat efter ålder, Mot kvinna 18 år eller äldre (1 §) (15 år och äldre t.o.m. 2006), Fullbordad våldtäkt, Inomhus, Närstående genom släktskap/familj",6,12818.0,"Brott mot brottsbalken, 3-7 kap. Brott mot person, 6 kap. Sexualbrott, Våldtäkt inkl. grov (1, 4 §), Indelat efter ålder",Brott mot brottsbalken,"Brott mot brottsbalken, 3-7 kap. Brott mot person","Brott mot brottsbalken, 3-7 kap. Brott mot person, 6 kap. Sexualbrott","Brott mot brottsbalken, 3-7 kap. Brott mot person, 6 kap. Sexualbrott, Våldtäkt inkl. grov (1, 4 §)","Brott mot brottsbalken, 3-7 kap. Brott mot person, 6 kap. Sexualbrott, Våldtäkt inkl. grov (1, 4 §), Indelat efter ålder",False
13968,"Brott mot brottsbalken, 3-7 kap. Brott mot person, 6 kap. Sexualbrott, Våldtäkt inkl. grov (1, 4 §), Indelat efter ålder, Mot kvinna 18 år eller äldre (1 §) (15 år och äldre t.o.m. 2006), Fullbordad våldtäkt, Inomhus, Obekanta",6,12818.0,"Brott mot brottsbalken, 3-7 kap. Brott mot person, 6 kap. Sexualbrott, Våldtäkt inkl. grov (1, 4 §), Indelat efter ålder",Brott mot brottsbalken,"Brott mot brottsbalken, 3-7 kap. Brott mot person","Brott mot brottsbalken, 3-7 kap. Brott mot person, 6 kap. Sexualbrott","Brott mot brottsbalken, 3-7 kap. Brott mot person, 6 kap. Sexualbrott, Våldtäkt inkl. grov (1, 4 §)","Brott mot brottsbalken, 3-7 kap. Brott mot person, 6 kap. Sexualbrott, Våldtäkt inkl. grov (1, 4 §), Indelat efter ålder",False
12911,"Brott mot brottsbalken, 3-7 kap. Brott mot person, 6 kap. Sexualbrott, Våldtäkt inkl. grov (1, 4 §), Indelat efter ålder, Mot kvinna 18 år eller äldre (1 §) (15 år och äldre t.o.m. 2006), Fullbordad våldtäkt, Utomhus",6,12818.0,"Brott mot brottsbalken, 3-7 kap. Brott mot person, 6 kap. Sexualbrott, Våldtäkt inkl. grov (1, 4 §), Indelat efter ålder",Brott mot brottsbalken,"Brott mot brottsbalken, 3-7 kap. Brott mot person","Brott mot brottsbalken, 3-7 kap. Brott mot person, 6 kap. Sexualbrott","Brott mot brottsbalken, 3-7 kap. Brott mot person, 6 kap. Sexualbrott, Våldtäkt inkl. grov (1, 4 §)","Brott mot brottsbalken, 3-7 kap. Brott mot person, 6 kap. Sexualbrott, Våldtäkt inkl. grov (1, 4 §), Indelat efter ålder",False
13961,"Brott mot brottsbalken, 3-7 kap. Brott mot person, 6 kap. Sexualbrott, Våldtäkt inkl. grov (1, 4 §), Indelat efter ålder, Mot kvinna 18 år eller äldre (1 §) (15 år och äldre t.o.m. 2006), Fullbordad våldtäkt, Utomhus, Annan slags relation",6,12818.0,"Brott mot brottsbalken, 3-7 kap. Brott mot person, 6 kap. Sexualbrott, Våldtäkt inkl. grov (1, 4 §), Indelat efter ålder",Brott mot brottsbalken,"Brott mot brottsbalken, 3-7 kap. Brott mot person","Brott mot brottsbalken, 3-7 kap. Brott mot person, 6 kap. Sexualbrott","Brott mot brottsbalken, 3-7 kap. Brott mot person, 6 kap. Sexualbrott, Våldtäkt inkl. grov (1, 4 §)","Brott mot brottsbalken, 3-7 kap. Brott mot person, 6 kap. Sexualbrott, Våldtäkt inkl. grov (1, 4 §), Indelat efter ålder",False
13949,"Brott mot brottsbalken, 3-7 kap. Brott mot person, 6 kap. Sexualbrott, Våldtäkt inkl. grov (1, 4 §), Indelat efter ålder, Mot kvinna 18 år eller äldre (1 §) (15 år och äldre t.o.m. 2006), Fullbordad våldtäkt, Utomhus, Närstående genom parrelation",6,12818.0,"Brott mot brottsbalken, 3-7 kap. Brott mot person, 6 kap. Sexualbrott, Våldtäkt inkl. grov (1, 4 §), Indelat efter ålder",Brott mot brottsbalken,"Brott mot brottsbalken, 3-7 kap. Brott mot person","Brott mot brottsbalken, 3-7 kap. Brott mot person, 6 kap. Sexualbrott","Brott mot brottsbalken, 3-7 kap. Brott mot person, 6 kap. Sexualbrott, Våldtäkt inkl. grov (1, 4 §)","Brott mot brottsbalken, 3-7 kap. Brott mot person, 6 kap. Sexualbrott, Våldtäkt inkl. grov (1, 4 §), Indelat efter ålder",False
13953,"Brott mot brottsbalken, 3-7 kap. Brott mot person, 6 kap. Sexualbrott, Våldtäkt inkl. grov (1, 4 §), Indelat efter ålder, Mot kvinna 18 år eller äldre (1 §) (15 år och äldre t.o.m. 2006), Fullbordad våldtäkt, Utomhus, Närstående genom släktskap/familj",6,12818.0,"Brott mot brottsbalken, 3-7 kap. Brott mot person, 6 kap. Sexualbrott, Våldtäkt inkl. grov (1, 4 §), Indelat efter ålder",Brott mot brottsbalken,"Brott mot brottsbalken, 3-7 kap. Brott mot person","Brott mot brottsbalken, 3-7 kap. Brott mot person, 6 kap. Sexualbrott","Brott mot brottsbalken, 3-7 kap. Brott mot person, 6 kap. Sexualbrott, Våldtäkt inkl. grov (1, 4 §)","Brott mot brottsbalken, 3-7 kap. Brott mot person, 6 kap. Sexualbrott, Våldtäkt inkl. grov (1, 4 §), Indelat efter ålder",False
13967,"Brott mot brottsbalken, 3-7 kap. Brott mot person, 6 kap. Sexualbrott, Våldtäkt inkl. grov (1, 4 §), Indelat efter ålder, Mot kvinna 18 år eller äldre (1 §) (15 år och äldre t.o.m. 2006), Fullbordad våldtäkt, Utomhus, Obekanta",6,12818.0,"Brott mot brottsbalken, 3-7 kap. Brott mot person, 6 kap. Sexualbrott, Våldtäkt inkl. grov (1, 4 §), Indelat efter ålder",Brott mot brottsbalken,"Brott mot brottsbalken, 3-7 kap. Brott mot person","Brott mot brottsbalken, 3-7 kap. Brott mot person, 6 kap. Sexualbrott","Brott mot brottsbalken, 3-7 kap. Brott mot person, 6 kap. Sexualbrott, Våldtäkt inkl. grov (1, 4 §)","Brott mot brottsbalken, 3-7 kap. Brott mot person, 6 kap. Sexualbrott, Våldtäkt inkl. grov (1, 4 §), Indelat efter ålder",False
12910,"Brott mot brottsbalken, 3-7 kap. Brott mot person, 6 kap. Sexualbrott, Våldtäkt inkl. grov (1, 4 §), Indelat efter ålder, Mot kvinna 18 år eller äldre (1 §) (15 år och äldre t.o.m. 2006), Försök till våldtäkt",6,12818.0,"Brott mot brottsbalken, 3-7 kap. Brott mot person, 6 kap. Sexualbrott, Våldtäkt inkl. grov (1, 4 §), Indelat efter ålder",Brott mot brottsbalken,"Brott mot brottsbalken, 3-7 kap. Brott mot person","Brott mot brottsbalken, 3-7 kap. Brott mot person, 6 kap. Sexualbrott","Brott mot brottsbalken, 3-7 kap. Brott mot person, 6 kap. Sexualbrott, Våldtäkt inkl. grov (1, 4 §)","Brott mot brottsbalken, 3-7 kap. Brott mot person, 6 kap. Sexualbrott, Våldtäkt inkl. grov (1, 4 §), Indelat efter ålder",False
12913,"Brott mot brottsbalken, 3-7 kap. Brott mot person, 6 kap. Sexualbrott, Våldtäkt inkl. grov (1, 4 §), Indelat efter ålder, Mot kvinna 18 år eller äldre (1 §) (15 år och äldre t.o.m. 2006), Försök till våldtäkt, Inomhus",6,12818.0,"Brott mot brottsbalken, 3-7 kap. Brott mot person, 6 kap. Sexualbrott, Våldtäkt inkl. grov (1, 4 §), Indelat efter ålder",Brott mot brottsbalken,"Brott mot brottsbalken, 3-7 kap. Brott mot person","Brott mot brottsbalken, 3-7 kap. Brott mot person, 6 kap. Sexualbrott","Brott mot brottsbalken, 3-7 kap. Brott mot person, 6 kap. Sexualbrott, Våldtäkt inkl. grov (1, 4 §)","Brott mot brottsbalken, 3-7 kap. Brott mot person, 6 kap. Sexualbrott, Våldtäkt inkl. grov (1, 4 §), Indelat efter ålder",False
13943,"Brott mot brottsbalken, 3-7 kap. Brott mot person, 6 kap. Sexualbrott, Våldtäkt inkl. grov (1, 4 §), Indelat efter ålder, Mot kvinna 18 år eller äldre (1 §) (15 år och äldre t.o.m. 2006), Försök till våldtäkt, Inomhus, Annan slags relation",6,12818.0,"Brott mot brottsbalken, 3-7 kap. Brott mot person, 6 kap. Sexualbrott, Våldtäkt inkl. grov (1, 4 §), Indelat efter ålder",Brott mot brottsbalken,"Brott mot brottsbalken, 3-7 kap. Brott mot person","Brott mot brottsbalken, 3-7 kap. Brott mot person, 6 kap. Sexualbrott","Brott mot brottsbalken, 3-7 kap. Brott mot person, 6 kap. Sexualbrott, Våldtäkt inkl. grov (1, 4 §)","Brott mot brottsbalken, 3-7 kap. Brott mot person, 6 kap. Sexualbrott, Våldtäkt inkl. grov (1, 4 §), Indelat efter ålder",False
13941,"Brott mot brottsbalken, 3-7 kap. Brott mot person, 6 kap. Sexualbrott, Våldtäkt inkl. grov (1, 4 §), Indelat efter ålder, Mot kvinna 18 år eller äldre (1 §) (15 år och äldre t.o.m. 2006), Försök till våldtäkt, Inomhus, Närstående genom parrelation",6,12818.0,"Brott mot brottsbalken, 3-7 kap. Brott mot person, 6 kap. Sexualbrott, Våldtäkt inkl. grov (1, 4 §), Indelat efter ålder",Brott mot brottsbalken,"Brott mot brottsbalken, 3-7 kap. Brott mot person","Brott mot brottsbalken, 3-7 kap. Brott mot person, 6 kap. Sexualbrott","Brott mot brottsbalken, 3-7 kap. Brott mot person, 6 kap. Sexualbrott, Våldtäkt inkl. grov (1, 4 §)","Brott mot brottsbalken, 3-7 kap. Brott mot person, 6 kap. Sexualbrott, Våldtäkt inkl. grov (1, 4 §), Indelat efter ålder",False
13942,"Brott mot brottsbalken, 3-7 kap. Brott mot person, 6 kap. Sexualbrott, Våldtäkt inkl. grov (1, 4 §), Indelat efter ålder, Mot kvinna 18 år eller äldre (1 §) (15 år och äldre t.o.m. 2006), Försök till våldtäkt, Inomhus, Närstående genom släktskap/familj",6,12818.0,"Brott mot brottsbalken, 3-7 kap. Brott mot person, 6 kap. Sexualbrott, Våldtäkt inkl. grov (1, 4 §), Indelat efter ålder",Brott mot brottsbalken,"Brott mot brottsbalken, 3-7 kap. Brott mot person","Brott mot brottsbalken, 3-7 kap. Brott mot person, 6 kap. Sexualbrott","Brott mot brottsbalken, 3-7 kap. Brott mot person, 6 kap. Sexualbrott, Våldtäkt inkl. grov (1, 4 §)","Brott mot brottsbalken, 3-7 kap. Brott mot person, 6 kap. Sexualbrott, Våldtäkt inkl. grov (1, 4 §), Indelat efter ålder",False
13944,"Brott mot brottsbalken, 3-7 kap. Brott mot person, 6 kap. Sexualbrott, Våldtäkt inkl. grov (1, 4 §), Indelat efter ålder, Mot kvinna 18 år eller äldre (1 §) (15 år och äldre t.o.m. 2006), Försök till våldtäkt, Inomhus, Obekanta",6,12818.0,"Brott mot brottsbalken, 3-7 kap. Brott mot person, 6 kap. Sexualbrott, Våldtäkt inkl. grov (1, 4 §), Indelat efter ålder",Brott mot brottsbalken,"Brott mot brottsbalken, 3-7 kap. Brott mot person","Brott mot brottsbalken, 3-7 kap. Brott mot person, 6 kap. Sexualbrott","Brott mot brottsbalken, 3-7 kap. Brott mot person, 6 kap. Sexualbrott, Våldtäkt inkl. grov (1, 4 §)","Brott mot brottsbalken, 3-7 kap. Brott mot person, 6 kap. Sexualbrott, Våldtäkt inkl. grov (1, 4 §), Indelat efter ålder",False
12912,"Brott mot brottsbalken, 3-7 kap. Brott mot person, 6 kap. Sexualbrott, Våldtäkt inkl. grov (1, 4 §), Indelat efter ålder, Mot kvinna 18 år eller äldre (1 §) (15 år och äldre t.o.m. 2006), Försök till våldtäkt, Utomhus",6,12818.0,"Brott mot brottsbalken, 3-7 kap. Brott mot person, 6 kap. Sexualbrott, Våldtäkt inkl. grov (1, 4 §), Indelat efter ålder",Brott mot brottsbalken,"Brott mot brottsbalken, 3-7 kap. Brott mot person","Brott mot brottsbalken, 3-7 kap. Brott mot person, 6 kap. Sexualbrott","Brott mot brottsbalken, 3-7 kap. Brott mot person, 6 kap. Sexualbrott, Våldtäkt inkl. grov (1, 4 §)","Brott mot brottsbalken, 3-7 kap. Brott mot person, 6 kap. Sexualbrott, Våldtäkt inkl. grov (1, 4 §), Indelat efter ålder",False
13947,"Brott mot brottsbalken, 3-7 kap. Brott mot person, 6 kap. Sexualbrott, Våldtäkt inkl. grov (1, 4 §), Indelat efter ålder, Mot kvinna 18 år eller äldre (1 §) (15 år och äldre t.o.m. 2006), Försök till våldtäkt, Utomhus, Annan slags relation",6,12818.0,"Brott mot brottsbalken, 3-7 kap. Brott mot person, 6 kap. Sexualbrott, Våldtäkt inkl. grov (1, 4 §), Indelat efter ålder",Brott mot brottsbalken,"Brott mot brottsbalken, 3-7 kap. Brott mot person","Brott mot brottsbalken, 3-7 kap. Brott mot person, 6 kap. Sexualbrott","Brott mot brottsbalken, 3-7 kap. Brott mot person, 6 kap. Sexualbrott, Våldtäkt inkl. grov (1, 4 §)","Brott mot brottsbalken, 3-7 kap. Brott mot person, 6 kap. Sexualbrott, Våldtäkt inkl. grov (1, 4 §), Indelat efter ålder",False
13945,"Brott mot brottsbalken, 3-7 kap. Brott mot person, 6 kap. Sexualbrott, Våldtäkt inkl. grov (1, 4 §), Indelat efter ålder, Mot kvinna 18 år eller äldre (1 §) (15 år och äldre t.o.m. 2006), Försök till våldtäkt, Utomhus, Närstående genom parrelation",6,12818.0,"Brott mot brottsbalken, 3-7 kap. Brott mot person, 6 kap. Sexualbrott, Våldtäkt inkl. grov (1, 4 §), Indelat efter ålder",Brott mot brottsbalken,"Brott mot brottsbalken, 3-7 kap. Brott mot person","Brott mot brottsbalken, 3-7 kap. Brott mot person, 6 kap. Sexualbrott","Brott mot brottsbalken, 3-7 kap. Brott mot person, 6 kap. Sexualbrott, Våldtäkt inkl. grov (1, 4 §)","Brott mot brottsbalken, 3-7 kap. Brott mot person, 6 kap. Sexualbrott, Våldtäkt inkl. grov (1, 4 §), Indelat efter ålder",False
13946,"Brott mot brottsbalken, 3-7 kap. Brott mot person, 6 kap. Sexualbrott, Våldtäkt inkl. grov (1, 4 §), Indelat efter ålder, Mot kvinna 18 år eller äldre (1 §) (15 år och äldre t.o.m. 2006), Försök till våldtäkt, Utomhus, Närstående genom släktskap/familj",6,12818.0,"Brott mot brottsbalken, 3-7 kap. Brott mot person, 6 kap. Sexualbrott, Våldtäkt inkl. grov (1, 4 §), Indelat efter ålder",Brott mot brottsbalken,"Brott mot brottsbalken, 3-7 kap. Brott mot person","Brott mot brottsbalken, 3-7 kap. Brott mot person, 6 kap. Sexualbrott","Brott mot brottsbalken, 3-7 kap. Brott mot person, 6 kap. Sexualbrott, Våldtäkt inkl. grov (1, 4 §)","Brott mot brottsbalken, 3-7 kap. Brott mot person, 6 kap. Sexualbrott, Våldtäkt inkl. grov (1, 4 §), Indelat efter ålder",False
13948,"Brott mot brottsbalken, 3-7 kap. Brott mot person, 6 kap. Sexualbrott, Våldtäkt inkl. grov (1, 4 §), Indelat efter ålder, Mot kvinna 18 år eller äldre (1 §) (15 år och äldre t.o.m. 2006), Försök till våldtäkt, Utomhus, Obekanta",6,12818.0,"Brott mot brottsbalken, 3-7 kap. Brott mot person, 6 kap. Sexualbrott, Våldtäkt inkl. grov (1, 4 §), Indelat efter ålder",Brott mot brottsbalken,"Brott mot brottsbalken, 3-7 kap. Brott mot person","Brott mot brottsbalken, 3-7 kap. Brott mot person, 6 kap. Sexualbrott","Brott mot brottsbalken, 3-7 kap. Brott mot person, 6 kap. Sexualbrott, Våldtäkt inkl. grov (1, 4 §)","Brott mot brottsbalken, 3-7 kap. Brott mot person, 6 kap. Sexualbrott, Våldtäkt inkl. grov (1, 4 §), Indelat efter ålder",False
12823,"Brott mot brottsbalken, 3-7 kap. Brott mot person, 6 kap. Sexualbrott, Våldtäkt inkl. grov (1, 4 §), Indelat efter ålder, Mot man 18 år eller äldre (1 §) (15 år och äldre t.o.m. 2006)",6,12818.0,"Brott mot brottsbalken, 3-7 kap. Brott mot person, 6 kap. Sexualbrott, Våldtäkt inkl. grov (1, 4 §), Indelat efter ålder",Brott mot brottsbalken,"Brott mot brottsbalken, 3-7 kap. Brott mot person","Brott mot brottsbalken, 3-7 kap. Brott mot person, 6 kap. Sexualbrott","Brott mot brottsbalken, 3-7 kap. Brott mot person, 6 kap. Sexualbrott, Våldtäkt inkl. grov (1, 4 §)","Brott mot brottsbalken, 3-7 kap. Brott mot person, 6 kap. Sexualbrott, Våldtäkt inkl. grov (1, 4 §), Indelat efter ålder",False
12861,"Brott mot brottsbalken, 3-7 kap. Brott mot person, 6 kap. Sexualbrott, Våldtäkt inkl. grov (1, 4 §), Indelat efter ålder, Mot man 18 år eller äldre (1 §) (15 år och äldre t.o.m. 2006), Fullbordad våldtäkt",6,12818.0,"Brott mot brottsbalken, 3-7 kap. Brott mot person, 6 kap. Sexualbrott, Våldtäkt inkl. grov (1, 4 §), Indelat efter ålder",Brott mot brottsbalken,"Brott mot brottsbalken, 3-7 kap. Brott mot person","Brott mot brottsbalken, 3-7 kap. Brott mot person, 6 kap. Sexualbrott","Brott mot brottsbalken, 3-7 kap. Brott mot person, 6 kap. Sexualbrott, Våldtäkt inkl. grov (1, 4 §)","Brott mot brottsbalken, 3-7 kap. Brott mot person, 6 kap. Sexualbrott, Våldtäkt inkl. grov (1, 4 §), Indelat efter ålder",False
12874,"Brott mot brottsbalken, 3-7 kap. Brott mot person, 6 kap. Sexualbrott, Våldtäkt inkl. grov (1, 4 §), Indelat efter ålder, Mot man 18 år eller äldre (1 §) (15 år och äldre t.o.m. 2006), Fullbordad våldtäkt, Inomhus",6,12818.0,"Brott mot brottsbalken, 3-7 kap. Brott mot person, 6 kap. Sexualbrott, Våldtäkt inkl. grov (1, 4 §), Indelat efter ålder",Brott mot brottsbalken,"Brott mot brottsbalken, 3-7 kap. Brott mot person","Brott mot brottsbalken, 3-7 kap. Brott mot person, 6 kap. Sexualbrott","Brott mot brottsbalken, 3-7 kap. Brott mot person, 6 kap. Sexualbrott, Våldtäkt inkl. grov (1, 4 §)","Brott mot brottsbalken, 3-7 kap. Brott mot person, 6 kap. Sexualbrott, Våldtäkt inkl. grov (1, 4 §), Indelat efter ålder",False
13964,"Brott mot brottsbalken, 3-7 kap. Brott mot person, 6 kap. Sexualbrott, Våldtäkt inkl. grov (1, 4 §), Indelat efter ålder, Mot man 18 år eller äldre (1 §) (15 år och äldre t.o.m. 2006), Fullbordad våldtäkt, Inomhus, Annan slags relation",6,12818.0,"Brott mot brottsbalken, 3-7 kap. Brott mot person, 6 kap. Sexualbrott, Våldtäkt inkl. grov (1, 4 §), Indelat efter ålder",Brott mot brottsbalken,"Brott mot brottsbalken, 3-7 kap. Brott mot person","Brott mot brottsbalken, 3-7 kap. Brott mot person, 6 kap. Sexualbrott","Brott mot brottsbalken, 3-7 kap. Brott mot person, 6 kap. Sexualbrott, Våldtäkt inkl. grov (1, 4 §)","Brott mot brottsbalken, 3-7 kap. Brott mot person, 6 kap. Sexualbrott, Våldtäkt inkl. grov (1, 4 §), Indelat efter ålder",False
13952,"Brott mot brottsbalken, 3-7 kap. Brott mot person, 6 kap. Sexualbrott, Våldtäkt inkl. grov (1, 4 §), Indelat efter ålder, Mot man 18 år eller äldre (1 §) (15 år och äldre t.o.m. 2006), Fullbordad våldtäkt, Inomhus, Närstående genom parrelation",6,12818.0,"Brott mot brottsbalken, 3-7 kap. Brott mot person, 6 kap. Sexualbrott, Våldtäkt inkl. grov (1, 4 §), Indelat efter ålder",Brott mot brottsbalken,"Brott mot brottsbalken, 3-7 kap. Brott mot person","Brott mot brottsbalken, 3-7 kap. Brott mot person, 6 kap. Sexualbrott","Brott mot brottsbalken, 3-7 kap. Brott mot person, 6 kap. Sexualbrott, Våldtäkt inkl. grov (1, 4 §)","Brott mot brottsbalken, 3-7 kap. Brott mot person, 6 kap. Sexualbrott, Våldtäkt inkl. grov (1, 4 §), Indelat efter ålder",False
13956,"Brott mot brottsbalken, 3-7 kap. Brott mot person, 6 kap. Sexualbrott, Våldtäkt inkl. grov (1, 4 §), Indelat efter ålder, Mot man 18 år eller äldre (1 §) (15 år och äldre t.o.m. 2006), Fullbordad våldtäkt, Inomhus, Närstående genom släktskap/familj",6,12818.0,"Brott mot brottsbalken, 3-7 kap. Brott mot person, 6 kap. Sexualbrott, Våldtäkt inkl. grov (1, 4 §), Indelat efter ålder",Brott mot brottsbalken,"Brott mot brottsbalken, 3-7 kap. Brott mot person","Brott mot brottsbalken, 3-7 kap. Brott mot person, 6 kap. Sexualbrott","Brott mot brottsbalken, 3-7 kap. Brott mot person, 6 kap. Sexualbrott, Våldtäkt inkl. grov (1, 4 §)","Brott mot brottsbalken, 3-7 kap. Brott mot person, 6 kap. Sexualbrott, Våldtäkt inkl. grov (1, 4 §), Indelat efter ålder",False
13970,"Brott mot brottsbalken, 3-7 kap. Brott mot person, 6 kap. Sexualbrott, Våldtäkt inkl. grov (1, 4 §), Indelat efter ålder, Mot man 18 år eller äldre (1 §) (15 år och äldre t.o.m. 2006), Fullbordad våldtäkt, Inomhus, Obekanta",6,12818.0,"Brott mot brottsbalken, 3-7 kap. Brott mot person, 6 kap. Sexualbrott, Våldtäkt inkl. grov (1, 4 §), Indelat efter ålder",Brott mot brottsbalken,"Brott mot brottsbalken, 3-7 kap. Brott mot person","Brott mot brottsbalken, 3-7 kap. Brott mot person, 6 kap. Sexualbrott","Brott mot brottsbalken, 3-7 kap. Brott mot person, 6 kap. Sexualbrott, Våldtäkt inkl. grov (1, 4 §)","Brott mot brottsbalken, 3-7 kap. Brott mot person, 6 kap. Sexualbrott, Våldtäkt inkl. grov (1, 4 §), Indelat efter ålder",False
12868,"Brott mot brottsbalken, 3-7 kap. Brott mot person, 6 kap. Sexualbrott, Våldtäkt inkl. grov (1, 4 §), Indelat efter ålder, Mot man 18 år eller äldre (1 §) (15 år och äldre t.o.m. 2006), Fullbordad våldtäkt, Utomhus",6,12818.0,"Brott mot brottsbalken, 3-7 kap. Brott mot person, 6 kap. Sexualbrott, Våldtäkt inkl. grov (1, 4 §), Indelat efter ålder",Brott mot brottsbalken,"Brott mot brottsbalken, 3-7 kap. Brott mot person","Brott mot brottsbalken, 3-7 kap. Brott mot person, 6 kap. Sexualbrott","Brott mot brottsbalken, 3-7 kap. Brott mot person, 6 kap. Sexualbrott, Våldtäkt inkl. grov (1, 4 §)","Brott mot brottsbalken, 3-7 kap. Brott mot person, 6 kap. Sexualbrott, Våldtäkt inkl. grov (1, 4 §), Indelat efter ålder",False
13963,"Brott mot brottsbalken, 3-7 kap. Brott mot person, 6 kap. Sexualbrott, Våldtäkt inkl. grov (1, 4 §), Indelat efter ålder, Mot man 18 år eller äldre (1 §) (15 år och äldre t.o.m. 2006), Fullbordad våldtäkt, Utomhus, Annan slags relation",6,12818.0,"Brott mot brottsbalken, 3-7 kap. Brott mot person, 6 kap. Sexualbrott, Våldtäkt inkl. grov (1, 4 §), Indelat efter ålder",Brott mot brottsbalken,"Brott mot brottsbalken, 3-7 kap. Brott mot person","Brott mot brottsbalken, 3-7 kap. Brott mot person, 6 kap. Sexualbrott","Brott mot brottsbalken, 3-7 kap. Brott mot person, 6 kap. Sexualbrott, Våldtäkt inkl. grov (1, 4 §)","Brott mot brottsbalken, 3-7 kap. Brott mot person, 6 kap. Sexualbrott, Våldtäkt inkl. grov (1, 4 §), Indelat efter ålder",False
13951,"Brott mot brottsbalken, 3-7 kap. Brott mot person, 6 kap. Sexualbrott, Våldtäkt inkl. grov (1, 4 §), Indelat efter ålder, Mot man 18 år eller äldre (1 §) (15 år och äldre t.o.m. 2006), Fullbordad våldtäkt, Utomhus, Närstående genom parrelation",6,12818.0,"Brott mot brottsbalken, 3-7 kap. Brott mot person, 6 kap. Sexualbrott, Våldtäkt inkl. grov (1, 4 §), Indelat efter ålder",Brott mot brottsbalken,"Brott mot brottsbalken, 3-7 kap. Brott mot person","Brott mot brottsbalken, 3-7 kap. Brott mot person, 6 kap. Sexualbrott","Brott mot brottsbalken, 3-7 kap. Brott mot person, 6 kap. Sexualbrott, Våldtäkt inkl. grov (1, 4 §)","Brott mot brottsbalken, 3-7 kap. Brott mot person, 6 kap. Sexualbrott, Våldtäkt inkl. grov (1, 4 §), Indelat efter ålder",False
13955,"Brott mot brottsbalken, 3-7 kap. Brott mot person, 6 kap. Sexualbrott, Våldtäkt inkl. grov (1, 4 §), Indelat efter ålder, Mot man 18 år eller äldre (1 §) (15 år och äldre t.o.m. 2006), Fullbordad våldtäkt, Utomhus, Närstående genom släktskap/familj",6,12818.0,"Brott mot brottsbalken, 3-7 kap. Brott mot person, 6 kap. Sexualbrott, Våldtäkt inkl. grov (1, 4 §), Indelat efter ålder",Brott mot brottsbalken,"Brott mot brottsbalken, 3-7 kap. Brott mot person","Brott mot brottsbalken, 3-7 kap. Brott mot person, 6 kap. Sexualbrott","Brott mot brottsbalken, 3-7 kap. Brott mot person, 6 kap. Sexualbrott, Våldtäkt inkl. grov (1, 4 §)","Brott mot brottsbalken, 3-7 kap. Brott mot person, 6 kap. Sexualbrott, Våldtäkt inkl. grov (1, 4 §), Indelat efter ålder",False
13969,"Brott mot brottsbalken, 3-7 kap. Brott mot person, 6 kap. Sexualbrott, Våldtäkt inkl. grov (1, 4 §), Indelat efter ålder, Mot man 18 år eller äldre (1 §) (15 år och äldre t.o.m. 2006), Fullbordad våldtäkt, Utomhus, Obekanta",6,12818.0,"Brott mot brottsbalken, 3-7 kap. Brott mot person, 6 kap. Sexualbrott, Våldtäkt inkl. grov (1, 4 §), Indelat efter ålder",Brott mot brottsbalken,"Brott mot brottsbalken, 3-7 kap. Brott mot person","Brott mot brottsbalken, 3-7 kap. Brott mot person, 6 kap. Sexualbrott","Brott mot brottsbalken, 3-7 kap. Brott mot person, 6 kap. Sexualbrott, Våldtäkt inkl. grov (1, 4 §)","Brott mot brottsbalken, 3-7 kap. Brott mot person, 6 kap. Sexualbrott, Våldtäkt inkl. grov (1, 4 §), Indelat efter ålder",False
12864,"Brott mot brottsbalken, 3-7 kap. Brott mot person, 6 kap. Sexualbrott, Våldtäkt inkl. grov (1, 4 §), Indelat efter ålder, Mot man 18 år eller äldre (1 §) (15 år och äldre t.o.m. 2006), Försök till våldtäkt",6,12818.0,"Brott mot brottsbalken, 3-7 kap. Brott mot person, 6 kap. Sexualbrott, Våldtäkt inkl. grov (1, 4 §), Indelat efter ålder",Brott mot brottsbalken,"Brott mot brottsbalken, 3-7 kap. Brott mot person","Brott mot brottsbalken, 3-7 kap. Brott mot person, 6 kap. Sexualbrott","Brott mot brottsbalken, 3-7 kap. Brott mot person, 6 kap. Sexualbrott, Våldtäkt inkl. grov (1, 4 §)","Brott mot brottsbalken, 3-7 kap. Brott mot person, 6 kap. Sexualbrott, Våldtäkt inkl. grov (1, 4 §), Indelat efter ålder",False
12875,"Brott mot brottsbalken, 3-7 kap. Brott mot person, 6 kap. Sexualbrott, Våldtäkt inkl. grov (1, 4 §), Indelat efter ålder, Mot man 18 år eller äldre (1 §) (15 år och äldre t.o.m. 2006), Försök till våldtäkt, Inomhus",6,12818.0,"Brott mot brottsbalken, 3-7 kap. Brott mot person, 6 kap. Sexualbrott, Våldtäkt inkl. grov (1, 4 §), Indelat efter ålder",Brott mot brottsbalken,"Brott mot brottsbalken, 3-7 kap. Brott mot person","Brott mot brottsbalken, 3-7 kap. Brott mot person, 6 kap. Sexualbrott","Brott mot brottsbalken, 3-7 kap. Brott mot person, 6 kap. Sexualbrott, Våldtäkt inkl. grov (1, 4 §)","Brott mot brottsbalken, 3-7 kap. Brott mot person, 6 kap. Sexualbrott, Våldtäkt inkl. grov (1, 4 §), Indelat efter ålder",False
13966,"Brott mot brottsbalken, 3-7 kap. Brott mot person, 6 kap. Sexualbrott, Våldtäkt inkl. grov (1, 4 §), Indelat efter ålder, Mot man 18 år eller äldre (1 §) (15 år och äldre t.o.m. 2006), Försök till våldtäkt, Inomhus, Annan slags relation",6,12818.0,"Brott mot brottsbalken, 3-7 kap. Brott mot person, 6 kap. Sexualbrott, Våldtäkt inkl. grov (1, 4 §), Indelat efter ålder",Brott mot brottsbalken,"Brott mot brottsbalken, 3-7 kap. Brott mot person","Brott mot brottsbalken, 3-7 kap. Brott mot person, 6 kap. Sexualbrott","Brott mot brottsbalken, 3-7 kap. Brott mot person, 6 kap. Sexualbrott, Våldtäkt inkl. grov (1, 4 §)","Brott mot brottsbalken, 3-7 kap. Brott mot person, 6 kap. Sexualbrott, Våldtäkt inkl. grov (1, 4 §), Indelat efter ålder",False
13960,"Brott mot brottsbalken, 3-7 kap. Brott mot person, 6 kap. Sexualbrott, Våldtäkt inkl. grov (1, 4 §), Indelat efter ålder, Mot man 18 år eller äldre (1 §) (15 år och äldre t.o.m. 2006), Försök till våldtäkt, Inomhus, Närstående genom parrelation",6,12818.0,"Brott mot brottsbalken, 3-7 kap. Brott mot person, 6 kap. Sexualbrott, Våldtäkt inkl. grov (1, 4 §), Indelat efter ålder",Brott mot brottsbalken,"Brott mot brottsbalken, 3-7 kap. Brott mot person","Brott mot brottsbalken, 3-7 kap. Brott mot person, 6 kap. Sexualbrott","Brott mot brottsbalken, 3-7 kap. Brott mot person, 6 kap. Sexualbrott, Våldtäkt inkl. grov (1, 4 §)","Brott mot brottsbalken, 3-7 kap. Brott mot person, 6 kap. Sexualbrott, Våldtäkt inkl. grov (1, 4 §), Indelat efter ålder",False
13958,"Brott mot brottsbalken, 3-7 kap. Brott mot person, 6 kap. Sexualbrott, Våldtäkt inkl. grov (1, 4 §), Indelat efter ålder, Mot man 18 år eller äldre (1 §) (15 år och äldre t.o.m. 2006), Försök till våldtäkt, Inomhus, Närstående genom släktskap/familj",6,12818.0,"Brott mot brottsbalken, 3-7 kap. Brott mot person, 6 kap. Sexualbrott, Våldtäkt inkl. grov (1, 4 §), Indelat efter ålder",Brott mot brottsbalken,"Brott mot brottsbalken, 3-7 kap. Brott mot person","Brott mot brottsbalken, 3-7 kap. Brott mot person, 6 kap. Sexualbrott","Brott mot brottsbalken, 3-7 kap. Brott mot person, 6 kap. Sexualbrott, Våldtäkt inkl. grov (1, 4 §)","Brott mot brottsbalken, 3-7 kap. Brott mot person, 6 kap. Sexualbrott, Våldtäkt inkl. grov (1, 4 §), Indelat efter ålder",False
13972,"Brott mot brottsbalken, 3-7 kap. Brott mot person, 6 kap. Sexualbrott, Våldtäkt inkl. grov (1, 4 §), Indelat efter ålder, Mot man 18 år eller äldre (1 §) (15 år och äldre t.o.m. 2006), Försök till våldtäkt, Inomhus, Obekanta",6,12818.0,"Brott mot brottsbalken, 3-7 kap. Brott mot person, 6 kap. Sexualbrott, Våldtäkt inkl. grov (1, 4 §), Indelat efter ålder",Brott mot brottsbalken,"Brott mot brottsbalken, 3-7 kap. Brott mot person","Brott mot brottsbalken, 3-7 kap. Brott mot person, 6 kap. Sexualbrott","Brott mot brottsbalken, 3-7 kap. Brott mot person, 6 kap. Sexualbrott, Våldtäkt inkl. grov (1, 4 §)","Brott mot brottsbalken, 3-7 kap. Brott mot person, 6 kap. Sexualbrott, Våldtäkt inkl. grov (1, 4 §), Indelat efter ålder",False
12869,"Brott mot brottsbalken, 3-7 kap. Brott mot person, 6 kap. Sexualbrott, Våldtäkt inkl. grov (1, 4 §), Indelat efter ålder, Mot man 18 år eller äldre (1 §) (15 år och äldre t.o.m. 2006), Försök till våldtäkt, Utomhus",6,12818.0,"Brott mot brottsbalken, 3-7 kap. Brott mot person, 6 kap. Sexualbrott, Våldtäkt inkl. grov (1, 4 §), Indelat efter ålder",Brott mot brottsbalken,"Brott mot brottsbalken, 3-7 kap. Brott mot person","Brott mot brottsbalken, 3-7 kap. Brott mot person, 6 kap. Sexualbrott","Brott mot brottsbalken, 3-7 kap. Brott mot person, 6 kap. Sexualbrott, Våldtäkt inkl. grov (1, 4 §)","Brott mot brottsbalken, 3-7 kap. Brott mot person, 6 kap. Sexualbrott, Våldtäkt inkl. grov (1, 4 §), Indelat efter ålder",False
13965,"Brott mot brottsbalken, 3-7 kap. Brott mot person, 6 kap. Sexualbrott, Våldtäkt inkl. grov (1, 4 §), Indelat efter ålder, Mot man 18 år eller äldre (1 §) (15 år och äldre t.o.m. 2006), Försök till våldtäkt, Utomhus, Annan slags relation",6,12818.0,"Brott mot brottsbalken, 3-7 kap. Brott mot person, 6 kap. Sexualbrott, Våldtäkt inkl. grov (1, 4 §), Indelat efter ålder",Brott mot brottsbalken,"Brott mot brottsbalken, 3-7 kap. Brott mot person","Brott mot brottsbalken, 3-7 kap. Brott mot person, 6 kap. Sexualbrott","Brott mot brottsbalken, 3-7 kap. Brott mot person, 6 kap. Sexualbrott, Våldtäkt inkl. grov (1, 4 §)","Brott mot brottsbalken, 3-7 kap. Brott mot person, 6 kap. Sexualbrott, Våldtäkt inkl. grov (1, 4 §), Indelat efter ålder",False
13959,"Brott mot brottsbalken, 3-7 kap. Brott mot person, 6 kap. Sexualbrott, Våldtäkt inkl. grov (1, 4 §), Indelat efter ålder, Mot man 18 år eller äldre (1 §) (15 år och äldre t.o.m. 2006), Försök till våldtäkt, Utomhus, Närstående genom parrelation",6,12818.0,"Brott mot brottsbalken, 3-7 kap. Brott mot person, 6 kap. Sexualbrott, Våldtäkt inkl. grov (1, 4 §), Indelat efter ålder",Brott mot brottsbalken,"Brott mot brottsbalken, 3-7 kap. Brott mot person","Brott mot brottsbalken, 3-7 kap. Brott mot person, 6 kap. Sexualbrott","Brott mot brottsbalken, 3-7 kap. Brott mot person, 6 kap. Sexualbrott, Våldtäkt inkl. grov (1, 4 §)","Brott mot brottsbalken, 3-7 kap. Brott mot person, 6 kap. Sexualbrott, Våldtäkt inkl. grov (1, 4 §), Indelat efter ålder",False
13957,"Brott mot brottsbalken, 3-7 kap. Brott mot person, 6 kap. Sexualbrott, Våldtäkt inkl. grov (1, 4 §), Indelat efter ålder, Mot man 18 år eller äldre (1 §) (15 år och äldre t.o.m. 2006), Försök till våldtäkt, Utomhus, Närstående genom släktskap/familj",6,12818.0,"Brott mot brottsbalken, 3-7 kap. Brott mot person, 6 kap. Sexualbrott, Våldtäkt inkl. grov (1, 4 §), Indelat efter ålder",Brott mot brottsbalken,"Brott mot brottsbalken, 3-7 kap. Brott mot person","Brott mot brottsbalken, 3-7 kap. Brott mot person, 6 kap. Sexualbrott","Brott mot brottsbalken, 3-7 kap. Brott mot person, 6 kap. Sexualbrott, Våldtäkt inkl. grov (1, 4 §)","Brott mot brottsbalken, 3-7 kap. Brott mot person, 6 kap. Sexualbrott, Våldtäkt inkl. grov (1, 4 §), Indelat efter ålder",False
13971,"Brott mot brottsbalken, 3-7 kap. Brott mot person, 6 kap. Sexualbrott, Våldtäkt inkl. grov (1, 4 §), Indelat efter ålder, Mot man 18 år eller äldre (1 §) (15 år och äldre t.o.m. 2006), Försök till våldtäkt, Utomhus, Obekanta",6,12818.0,"Brott mot brottsbalken, 3-7 kap. Brott mot person, 6 kap. Sexualbrott, Våldtäkt inkl. grov (1, 4 §), Indelat efter ålder",Brott mot brottsbalken,"Brott mot brottsbalken, 3-7 kap. Brott mot person","Brott mot brottsbalken, 3-7 kap. Brott mot person, 6 kap. Sexualbrott","Brott mot brottsbalken, 3-7 kap. Brott mot person, 6 kap. Sexualbrott, Våldtäkt inkl. grov (1, 4 §)","Brott mot brottsbalken, 3-7 kap. Brott mot person, 6 kap. Sexualbrott, Våldtäkt inkl. grov (1, 4 §), Indelat efter ålder",False
12824,"Brott mot brottsbalken, 3-7 kap. Brott mot person, 6 kap. Sexualbrott, Våldtäkt inkl. grov (1, 4 §), Indelat efter ålder, Mot person 15 år eller äldre",6,12818.0,"Brott mot brottsbalken, 3-7 kap. Brott mot person, 6 kap. Sexualbrott, Våldtäkt inkl. grov (1, 4 §), Indelat efter ålder",Brott mot brottsbalken,"Brott mot brottsbalken, 3-7 kap. Brott mot person","Brott mot brottsbalken, 3-7 kap. Brott mot person, 6 kap. Sexualbrott","Brott mot brottsbalken, 3-7 kap. Brott mot person, 6 kap. Sexualbrott, Våldtäkt inkl. grov (1, 4 §)","Brott mot brottsbalken, 3-7 kap. Brott mot person, 6 kap. Sexualbrott, Våldtäkt inkl. grov (1, 4 §), Indelat efter ålder",False
12862,"Brott mot brottsbalken, 3-7 kap. Brott mot person, 6 kap. Sexualbrott, Våldtäkt inkl. grov (1, 4 §), Indelat efter ålder, Mot person 15 år eller äldre, Fullbordad våldtäkt",6,12818.0,"Brott mot brottsbalken, 3-7 kap. Brott mot person, 6 kap. Sexualbrott, Våldtäkt inkl. grov (1, 4 §), Indelat efter ålder",Brott mot brottsbalken,"Brott mot brottsbalken, 3-7 kap. Brott mot person","Brott mot brottsbalken, 3-7 kap. Brott mot person, 6 kap. Sexualbrott","Brott mot brottsbalken, 3-7 kap. Brott mot person, 6 kap. Sexualbrott, Våldtäkt inkl. grov (1, 4 §)","Brott mot brottsbalken, 3-7 kap. Brott mot person, 6 kap. Sexualbrott, Våldtäkt inkl. grov (1, 4 §), Indelat efter ålder",False
12876,"Brott mot brottsbalken, 3-7 kap. Brott mot person, 6 kap. Sexualbrott, Våldtäkt inkl. grov (1, 4 §), Indelat efter ålder, Mot person 15 år eller äldre, Fullbordad våldtäkt, Inomhus (t.o.m. 2024)",6,12818.0,"Brott mot brottsbalken, 3-7 kap. Brott mot person, 6 kap. Sexualbrott, Våldtäkt inkl. grov (1, 4 §), Indelat efter ålder",Brott mot brottsbalken,"Brott mot brottsbalken, 3-7 kap. Brott mot person","Brott mot brottsbalken, 3-7 kap. Brott mot person, 6 kap. Sexualbrott","Brott mot brottsbalken, 3-7 kap. Brott mot person, 6 kap. Sexualbrott, Våldtäkt inkl. grov (1, 4 §)","Brott mot brottsbalken, 3-7 kap. Brott mot person, 6 kap. Sexualbrott, Våldtäkt inkl. grov (1, 4 §), Indelat efter ålder",False
12870,"Brott mot brottsbalken, 3-7 kap. Brott mot person, 6 kap. Sexualbrott, Våldtäkt inkl. grov (1, 4 §), Indelat efter ålder, Mot person 15 år eller äldre, Fullbordad våldtäkt, Utomhus (t.o.m. 2024)",6,12818.0,"Brott mot brottsbalken, 3-7 kap. Brott mot person, 6 kap. Sexualbrott, Våldtäkt inkl. grov (1, 4 §), Indelat efter ålder",Brott mot brottsbalken,"Brott mot brottsbalken, 3-7 kap. Brott mot person","Brott mot brottsbalken, 3-7 kap. Brott mot person, 6 kap. Sexualbrott","Brott mot brottsbalken, 3-7 kap. Brott mot person, 6 kap. Sexualbrott, Våldtäkt inkl. grov (1, 4 §)","Brott mot brottsbalken, 3-7 kap. Brott mot person, 6 kap. Sexualbrott, Våldtäkt inkl. grov (1, 4 §), Indelat efter ålder",False
12865,"Brott mot brottsbalken, 3-7 kap. Brott mot person, 6 kap. Sexualbrott, Våldtäkt inkl. grov (1, 4 §), Indelat efter ålder, Mot person 15 år eller äldre, Försök till våldtäkt",6,12818.0,"Brott mot brottsbalken, 3-7 kap. Brott mot person, 6 kap. Sexualbrott, Våldtäkt inkl. grov (1, 4 §), Indelat efter ålder",Brott mot brottsbalken,"Brott mot brottsbalken, 3-7 kap. Brott mot person","Brott mot brottsbalken, 3-7 kap. Brott mot person, 6 kap. Sexualbrott","Brott mot brottsbalken, 3-7 kap. Brott mot person, 6 kap. Sexualbrott, Våldtäkt inkl. grov (1, 4 §)","Brott mot brottsbalken, 3-7 kap. Brott mot person, 6 kap. Sexualbrott, Våldtäkt inkl. grov (1, 4 §), Indelat efter ålder",False
12877,"Brott mot brottsbalken, 3-7 kap. Brott mot person, 6 kap. Sexualbrott, Våldtäkt inkl. grov (1, 4 §), Indelat efter ålder, Mot person 15 år eller äldre, Försök till våldtäkt, Inomhus (t.o.m. 2024)",6,12818.0,"Brott mot brottsbalken, 3-7 kap. Brott mot person, 6 kap. Sexualbrott, Våldtäkt inkl. grov (1, 4 §), Indelat efter ålder",Brott mot brottsbalken,"Brott mot brottsbalken, 3-7 kap. Brott mot person","Brott mot brottsbalken, 3-7 kap. Brott mot person, 6 kap. Sexualbrott","Brott mot brottsbalken, 3-7 kap. Brott mot person, 6 kap. Sexualbrott, Våldtäkt inkl. grov (1, 4 §)","Brott mot brottsbalken, 3-7 kap. Brott mot person, 6 kap. Sexualbrott, Våldtäkt inkl. grov (1, 4 §), Indelat efter ålder",False
12871,"Brott mot brottsbalken, 3-7 kap. Brott mot person, 6 kap. Sexualbrott, Våldtäkt inkl. grov (1, 4 §), Indelat efter ålder, Mot person 15 år eller äldre, Försök till våldtäkt, Utomhus (t.o.m. 2024)",6,12818.0,"Brott mot brottsbalken, 3-7 kap. Brott mot person, 6 kap. Sexualbrott, Våldtäkt inkl. grov (1, 4 §), Indelat efter ålder",Brott mot brottsbalken,"Brott mot brottsbalken, 3-7 kap. Brott mot person","Brott mot brottsbalken, 3-7 kap. Brott mot person, 6 kap. Sexualbrott","Brott mot brottsbalken, 3-7 kap. Brott mot person, 6 kap. Sexualbrott, Våldtäkt inkl. grov (1, 4 §)","Brott mot brottsbalken, 3-7 kap. Brott mot person, 6 kap. Sexualbrott, Våldtäkt inkl. grov (1, 4 §), Indelat efter ålder",False
